model,block,train,test,perfect_over_loc,learned_over_loc,capture,pred_corr
ridge,A,contact-primary-school,contact-high-school,1.3149893580660719,0.9895373567613118,-0.033215862602232867,0.3082182150848923
ridge,AB,contact-primary-school,contact-high-school,1.3149893580660719,0.997798945801875,-0.006987709717047982,0.3491646082695844
ridge,ABC,contact-primary-school,contact-high-school,1.3149893580660719,0.9995494786350118,-0.0014302748758062563,0.3523781722754214
gbt,ABC,contact-primary-school,contact-high-school,1.3149893580660719,0.9922805629742185,-0.02450697722988553,0.2390236788890299
ridge,A,contact-primary-school,email-Enron,1.80346655331272,1.0422181509150361,0.05254500108432545,0.48082728213559056
ridge,AB,contact-primary-school,email-Enron,1.80346655331272,0.8905506113176684,-0.13622146215180705,0.31280111005099126
ridge,ABC,contact-primary-school,email-Enron,1.80346655331272,0.9334031399868764,-0.0828869101502016,0.34892975538739
gbt,ABC,contact-primary-school,email-Enron,1.80346655331272,1.04674044203461,0.058173475724530896,0.4910755356125193
ridge,A,contact-primary-school,email-Eu,1.6725121109900603,1.2992906185272277,0.4450337973640615,0.8193634752521396
ridge,AB,contact-primary-school,email-Eu,1.6725121109900603,1.1502598078779462,0.22343063481300945,0.7043130882097961
ridge,ABC,contact-primary-school,email-Eu,1.6725121109900603,1.2243857648627465,0.3336531211793492,0.7416283817511009
gbt,ABC,contact-primary-school,email-Eu,1.6725121109900603,1.2654067294207576,0.3946497395117994,0.8220733589986985
ridge,A,contact-primary-school,NDC-classes,4.08325149712881,1.4998945250325315,0.16213225729332947,0.6268884959072557
ridge,AB,contact-primary-school,NDC-classes,4.08325149712881,1.4485394452889708,0.1454761136763123,0.6065981569740884
ridge,ABC,contact-primary-school,NDC-classes,4.08325149712881,1.6294726288250538,0.2041587036968059,0.6407909238043678
gbt,ABC,contact-primary-school,NDC-classes,4.08325149712881,1.1189871239409916,0.03859144284914644,0.5355227299748772
ridge,A,contact-primary-school,NDC-substances,1.9382074303228396,1.6053099209378243,0.6451770699892406,0.8843320309310311
ridge,AB,contact-primary-school,NDC-substances,1.9382074303228396,1.517838429645399,0.5519444985286565,0.8603577763254487
ridge,ABC,contact-primary-school,NDC-substances,1.9382074303228396,1.5520881855383464,0.5884500246905648,0.8641917293937027
gbt,ABC,contact-primary-school,NDC-substances,1.9382074303228396,1.3567968283530139,0.3802963148887439,0.8786848983738539
ridge,A,contact-primary-school,DAWN,1.0417909408473682,0.9912385514545036,-0.2096494687089147,0.9358223202493808
ridge,AB,contact-primary-school,DAWN,1.0417909408473682,0.9244767555486028,-1.8071678435579728,0.915505764814448
ridge,ABC,contact-primary-school,DAWN,1.0417909408473682,0.957765209388837,-1.0106207171888235,0.9184596875297847
gbt,ABC,contact-primary-school,DAWN,1.0417909408473682,1.0479409909269062,1.1471622785904627,0.8735578469347699
ridge,A,contact-primary-school,congress-bills,1.066851977621039,1.0111016811877949,0.1660636167074443,0.6236726238251127
ridge,AB,contact-primary-school,congress-bills,1.066851977621039,1.0005142025516705,0.007691658047654014,0.6885361399111889
ridge,ABC,contact-primary-school,congress-bills,1.066851977621039,1.0260345569050222,0.389435852632561,0.8069469003590527
gbt,ABC,contact-primary-school,congress-bills,1.066851977621039,0.9991980321379067,-0.011996172598503841,0.3491783673429777
ridge,A,contact-primary-school,tags-math-sx,1.1319030898951705,1.1377257419324434,1.0441434089368216,0.9482528110122577
ridge,AB,contact-primary-school,tags-math-sx,1.1319030898951705,1.1002742216665715,0.7602113168559135,0.9457826318890735
ridge,ABC,contact-primary-school,tags-math-sx,1.1319030898951705,1.1189307119308411,0.9016522056106561,0.9502750534750137
gbt,ABC,contact-primary-school,tags-math-sx,1.1319030898951705,1.0649475984705432,0.4923887569439053,0.8492245891224313
ridge,A,contact-primary-school,tags-ask-ubuntu,1.1923896562998082,1.2220339627625123,1.1540847207321179,0.9449005607154418
ridge,AB,contact-primary-school,tags-ask-ubuntu,1.1923896562998082,1.1925923275459682,1.0010534414898282,0.9427534484538218
ridge,ABC,contact-primary-school,tags-ask-ubuntu,1.1923896562998082,1.203456939440185,1.0575253542899952,0.9438951424004265
gbt,ABC,contact-primary-school,tags-ask-ubuntu,1.1923896562998082,1.0970812072284524,0.5046072075578065,0.8675760985808469
ridge,A,contact-primary-school,cs-cocitations,1.498426821066899,1.162164266124993,0.3253522067249009,0.6126583750081164
ridge,AB,contact-primary-school,cs-cocitations,1.498426821066899,1.1594268799627119,0.3198601544384257,0.6096914772460218
ridge,ABC,contact-primary-school,cs-cocitations,1.498426821066899,1.167936592643511,0.3369332980196315,0.6099613278256055
gbt,ABC,contact-primary-school,cs-cocitations,1.498426821066899,1.0529339853311446,0.10620212053965644,0.563026845605906
ridge,A,contact-primary-school,diseasome,3.9900640519565753,2.2851882405494974,0.4298196353715309,0.48570556004595966
ridge,AB,contact-primary-school,diseasome,3.9900640519565753,2.314186696941556,0.43951790801324336,0.4566548233386555
ridge,ABC,contact-primary-school,diseasome,3.9900640519565753,2.3113704557162857,0.43857604149254886,0.44947976675571916
gbt,ABC,contact-primary-school,diseasome,3.9900640519565753,0.9730212363257874,-0.00902280459729911,-0.08595619771668699
ridge,A,contact-primary-school,hospital-lyon,1.0879241574641232,1.0340160463719552,0.38687941235985357,0.8947528798486674
ridge,AB,contact-primary-school,hospital-lyon,1.0879241574641232,1.0081824407150606,0.09306248647761413,0.8560226485363325
ridge,ABC,contact-primary-school,hospital-lyon,1.0879241574641232,1.0130497749624736,0.14842081333333765,0.8582586281461033
gbt,ABC,contact-primary-school,hospital-lyon,1.0879241574641232,0.9697883371301922,-0.3436104904631638,0.43445707514731846
ridge,A,contact-primary-school,house-committees,6.46048355911533,1.4790066736240866,0.0877223909637944,0.37100648972943046
ridge,AB,contact-primary-school,house-committees,6.46048355911533,1.376009339401492,0.06886008085745624,0.29245124089995317
ridge,ABC,contact-primary-school,house-committees,6.46048355911533,1.4246507471738268,0.07776797468146315,0.29576752817652807
gbt,ABC,contact-primary-school,house-committees,6.46048355911533,1.095121645010643,0.01742000392105454,0.3260581141479758
ridge,A,contact-primary-school,hypertext-conference,1.1388262015279327,1.1005554571621419,0.7243262154796442,0.9548998082616085
ridge,AB,contact-primary-school,hypertext-conference,1.1388262015279327,1.0996068384047883,0.7174930762961691,0.9421860853340349
ridge,ABC,contact-primary-school,hypertext-conference,1.1388262015279327,1.1017203931454784,0.732717541976481,0.9444146962195571
gbt,ABC,contact-primary-school,hypertext-conference,1.1388262015279327,0.9822073546690095,-0.1281648934794954,0.5301118952769616
ridge,A,contact-primary-school,invs13,1.2663198563455473,1.051059219927331,0.19172141584922664,0.5981877144467348
ridge,AB,contact-primary-school,invs13,1.2663198563455473,1.0528392595064466,0.19840525686484387,0.6008525963742034
ridge,ABC,contact-primary-school,invs13,1.2663198563455473,1.0531075750117516,0.1994127502939361,0.6024473042250288
gbt,ABC,contact-primary-school,invs13,1.2663198563455473,0.9971132984423806,-0.010839227676189193,0.26288312484604914
ridge,A,contact-primary-school,math-cocitations,1.8053571194025417,1.162920217667422,0.20229561984661565,0.45859393364936807
ridge,AB,contact-primary-school,math-cocitations,1.8053571194025417,1.131305684075022,0.16304032200327695,0.42926638604971595
ridge,ABC,contact-primary-school,math-cocitations,1.8053571194025417,1.1494129387324954,0.18552383176712728,0.44322004325378145
gbt,ABC,contact-primary-school,math-cocitations,1.8053571194025417,1.011420528140947,0.01418070054365365,0.20647791870156348
ridge,A,contact-primary-school,neuro-cocitations,2.1242543379282326,1.1371964892481448,0.12203331988113064,0.5051776567553812
ridge,AB,contact-primary-school,neuro-cocitations,2.1242543379282326,0.9654673749533121,-0.0307160256195447,0.3816945334576195
ridge,ABC,contact-primary-school,neuro-cocitations,2.1242543379282326,0.986392711065197,-0.012103390198945923,0.3940060277503654
gbt,ABC,contact-primary-school,neuro-cocitations,2.1242543379282326,1.0245681391809343,0.021852830228974912,0.4227254348239053
ridge,A,contact-primary-school,physics-cocitations,1.8439255034952018,1.1438303529887885,0.1704301533643678,0.4982856376895021
ridge,AB,contact-primary-school,physics-cocitations,1.8439255034952018,1.0966862404748627,0.11456726935544312,0.4320977578678234
ridge,ABC,contact-primary-school,physics-cocitations,1.8439255034952018,1.1038532411917532,0.12305972596115965,0.42885677378606385
gbt,ABC,contact-primary-school,physics-cocitations,1.8439255034952018,1.004290747793113,0.005084273167883103,0.31806232577323557
ridge,A,contact-primary-school,plant-pollinator-mpl-014,2.5834026366365537,1.1143693087836353,0.07223008610531134,0.405781234332507
ridge,AB,contact-primary-school,plant-pollinator-mpl-014,2.5834026366365537,0.9116787077803057,-0.05577942727650462,0.18778357690026162
ridge,ABC,contact-primary-school,plant-pollinator-mpl-014,2.5834026366365537,0.8907016605356051,-0.06902750881896044,0.15775850412366857
gbt,ABC,contact-primary-school,plant-pollinator-mpl-014,2.5834026366365537,1.0531238689459697,0.033550448708873436,0.04496094224547249
ridge,A,contact-primary-school,plant-pollinator-mpl-015,1.4102516667953713,1.042098628773856,0.1026165941084509,0.6342077124372553
ridge,AB,contact-primary-school,plant-pollinator-mpl-015,1.4102516667953713,0.9472337030049768,-0.128619336046092,0.4548092289704887
ridge,ABC,contact-primary-school,plant-pollinator-mpl-015,1.4102516667953713,0.9701275048758129,-0.07281504876636408,0.4869546850197251
gbt,ABC,contact-primary-school,plant-pollinator-mpl-015,1.4102516667953713,0.9715098298580966,-0.06944559266376832,0.4311639074646974
ridge,A,contact-primary-school,plant-pollinator-mpl-016,3.056933205825239,0.8378225966173781,-0.07884427307767464,-0.03227114358911328
ridge,AB,contact-primary-school,plant-pollinator-mpl-016,3.056933205825239,0.6310781768242012,-0.1793552761611371,-0.23012163078912662
ridge,ABC,contact-primary-school,plant-pollinator-mpl-016,3.056933205825239,0.6773061319476624,-0.156881063098436,-0.1914735878554692
gbt,ABC,contact-primary-school,plant-pollinator-mpl-016,3.056933205825239,1.0799094893890695,0.038848849910520025,0.4251342675952412
ridge,A,contact-primary-school,plant-pollinator-mpl-021,2.745487382389059,1.1243104327458382,0.07121817894535208,0.4788904534885033
ridge,AB,contact-primary-school,plant-pollinator-mpl-021,2.745487382389059,0.8672583124932958,-0.07604849444687471,0.21073895848689542
ridge,ABC,contact-primary-school,plant-pollinator-mpl-021,2.745487382389059,0.8575061487080947,-0.08163556650685902,0.1914548885674116
gbt,ABC,contact-primary-school,plant-pollinator-mpl-021,2.745487382389059,1.050425724428174,0.028889194466221846,0.46160222226826003
ridge,A,contact-primary-school,plant-pollinator-mpl-034,5.693354349219635,0.8230815588750882,-0.037695521786955656,-0.2624951609701615
ridge,AB,contact-primary-school,plant-pollinator-mpl-034,5.693354349219635,0.6004544718078463,-0.0851300580486931,-0.3203157439964898
ridge,ABC,contact-primary-school,plant-pollinator-mpl-034,5.693354349219635,0.6305638286918159,-0.07871474084832532,-0.09152296943666724
gbt,ABC,contact-primary-school,plant-pollinator-mpl-034,5.693354349219635,1.111277756466245,0.023709643079633913,0.5024027113125427
ridge,A,contact-primary-school,plant-pollinator-mpl-044,2.6781507980073496,1.1109301862466134,0.06610263295666449,0.5292564192647614
ridge,AB,contact-primary-school,plant-pollinator-mpl-044,2.6781507980073496,0.8441078421726897,-0.09289520227408521,0.32905254502908055
ridge,ABC,contact-primary-school,plant-pollinator-mpl-044,2.6781507980073496,0.8383430091537895,-0.09633043170981025,0.3175575879269902
gbt,ABC,contact-primary-school,plant-pollinator-mpl-044,2.6781507980073496,1.0589177943079664,0.03510876041528919,0.5395218715714133
ridge,A,contact-primary-school,plant-pollinator-mpl-049,3.7357043527991034,0.9477940741606358,-0.01908317533871979,0.009061100837401422
ridge,AB,contact-primary-school,plant-pollinator-mpl-049,3.7357043527991034,0.7367399087449047,-0.0962311921555903,-0.10906129276205544
ridge,ABC,contact-primary-school,plant-pollinator-mpl-049,3.7357043527991034,0.8147364657154176,-0.06772059783983071,0.06329526816313749
gbt,ABC,contact-primary-school,plant-pollinator-mpl-049,3.7357043527991034,1.0966001710101478,0.03531089567895339,0.6334702301464457
ridge,A,contact-primary-school,plant-pollinator-mpl-057,1.8564782392421568,1.0608955935238051,0.071099989157562,0.6292424458269015
ridge,AB,contact-primary-school,plant-pollinator-mpl-057,1.8564782392421568,0.9180493491910053,-0.09568328423791314,0.5011820707026896
ridge,ABC,contact-primary-school,plant-pollinator-mpl-057,1.8564782392421568,0.936337702052228,-0.07433031574054086,0.49853289108286003
gbt,ABC,contact-primary-school,plant-pollinator-mpl-057,1.8564782392421568,1.0474212743301514,0.0553677515170864,0.6694870276159672
ridge,A,contact-primary-school,plant-pollinator-mpl-062,1.2434886859657044,1.07242902689806,0.2974636238673602,0.8174465722801753
ridge,AB,contact-primary-school,plant-pollinator-mpl-062,1.2434886859657044,1.0513707634409102,0.21097803061020176,0.6879160258784714
ridge,ABC,contact-primary-school,plant-pollinator-mpl-062,1.2434886859657044,1.0485318228749416,0.199318595369057,0.6676250876758217
gbt,ABC,contact-primary-school,plant-pollinator-mpl-062,1.2434886859657044,1.0600347713784424,0.24656082536376384,0.7649359899704298
ridge,A,contact-primary-school,senate-committees,1.3189930045470284,1.0815740776927527,0.2557237197367017,0.7669286314420537
ridge,AB,contact-primary-school,senate-committees,1.3189930045470284,1.0581590247844905,0.18232069028308828,0.7372032091885542
ridge,ABC,contact-primary-school,senate-committees,1.3189930045470284,1.077478611076913,0.2428849848507901,0.7433996776928805
gbt,ABC,contact-primary-school,senate-committees,1.3189930045470284,1.0961729064780052,0.3014890768986337,0.7494349651419087
ridge,A,contact-high-school,contact-primary-school,1.1318799492854903,1.0284422652572136,0.2156678510365706,0.7255810814342567
ridge,AB,contact-high-school,contact-primary-school,1.1318799492854903,1.033274550194221,0.2523093948283921,0.6896080635655475
ridge,ABC,contact-high-school,contact-primary-school,1.1318799492854903,1.033435649098236,0.2535309520468142,0.6680596947028049
gbt,ABC,contact-high-school,contact-primary-school,1.1318799492854903,1.043799155444239,0.33211383293319047,0.6838842850425256
ridge,A,contact-high-school,email-Enron,1.80346655331272,1.0110842647404497,0.01379555215428552,0.4009910163396749
ridge,AB,contact-high-school,email-Enron,1.80346655331272,0.8094881139557112,-0.23711240406809939,0.20480897032090986
ridge,ABC,contact-high-school,email-Enron,1.80346655331272,0.8989523592116088,-0.1257645889200594,0.285525933429547
gbt,ABC,contact-high-school,email-Enron,1.80346655331272,1.119537788687246,0.14877755420482355,0.5156334084686239
ridge,A,contact-high-school,email-Eu,1.6725121109900603,1.1794571947290589,0.26684604157516983,0.7385717226090478
ridge,AB,contact-high-school,email-Eu,1.6725121109900603,0.9992407442132004,-0.0011289845556562862,0.6012483524381574
ridge,ABC,contact-high-school,email-Eu,1.6725121109900603,1.1350299988888015,0.20078448652770398,0.6948342731686974
gbt,ABC,contact-high-school,email-Eu,1.6725121109900603,1.0622932484969088,0.09262769767105274,0.6501972303365986
ridge,A,contact-high-school,NDC-classes,4.08325149712881,1.836044274252021,0.271156691249664,0.6735668594626328
ridge,AB,contact-high-school,NDC-classes,4.08325149712881,1.2945787613141126,0.09554159353800062,0.5640702914767384
ridge,ABC,contact-high-school,NDC-classes,4.08325149712881,1.650374296536904,0.21093780288197264,0.6428516607237056
gbt,ABC,contact-high-school,NDC-classes,4.08325149712881,1.626834163861258,0.20330296261754174,0.709489272415458
ridge,A,contact-high-school,NDC-substances,1.9382074303228396,1.5638114324017118,0.6009453924359807,0.9002878001865553
ridge,AB,contact-high-school,NDC-substances,1.9382074303228396,1.450917445216959,0.48061593912318223,0.860104287448406
ridge,ABC,contact-high-school,NDC-substances,1.9382074303228396,1.4925381789681678,0.5249779132517466,0.8684449311593168
gbt,ABC,contact-high-school,NDC-substances,1.9382074303228396,1.2191906805002546,0.23362709931302772,0.7838522294937423
ridge,A,contact-high-school,DAWN,1.0417909408473682,1.0364857234867515,0.8730534117431619,0.9655057313857236
ridge,AB,contact-high-school,DAWN,1.0417909408473682,0.8754081741836688,-2.981311817586833,0.9221015903486296
ridge,ABC,contact-high-school,DAWN,1.0417909408473682,0.9359604440764921,-1.5323788989914717,0.9282735176032005
gbt,ABC,contact-high-school,DAWN,1.0417909408473682,1.0249434913639548,0.5968635991004639,0.8533236361871808
ridge,A,contact-high-school,congress-bills,1.066851977621039,1.0326679864645834,0.4886614820845988,0.8817533724443806
ridge,AB,contact-high-school,congress-bills,1.066851977621039,0.9435073095581625,-0.8450414251329289,0.3256652094770487
ridge,ABC,contact-high-school,congress-bills,1.066851977621039,0.9903453971564342,-0.14441761017593865,0.5943677167266878
gbt,ABC,contact-high-school,congress-bills,1.066851977621039,0.9770114129855957,-0.3438729538371887,0.09304091102925466
ridge,A,contact-high-school,tags-math-sx,1.1319030898951705,1.0885241900246472,0.6711305254107499,0.9334426470684567
ridge,AB,contact-high-school,tags-math-sx,1.1319030898951705,1.0790668597259456,0.5994314446218334,0.9237273861787054
ridge,ABC,contact-high-school,tags-math-sx,1.1319030898951705,1.1016317441714933,0.7705031341742243,0.9323929969786742
gbt,ABC,contact-high-school,tags-math-sx,1.1319030898951705,1.02789073469305,0.21144868338729578,0.7604902266403247
ridge,A,contact-high-school,tags-ask-ubuntu,1.1923896562998082,1.1360060943037273,0.7069303876284483,0.9354922622714574
ridge,AB,contact-high-school,tags-ask-ubuntu,1.1923896562998082,1.145849363844845,0.7580935828356716,0.9357624314778006
ridge,ABC,contact-high-school,tags-ask-ubuntu,1.1923896562998082,1.153336193349288,0.7970085102202084,0.9380679890644791
gbt,ABC,contact-high-school,tags-ask-ubuntu,1.1923896562998082,1.0511561053619327,0.2658984185834512,0.8091849373436671
ridge,A,contact-high-school,cs-cocitations,1.498426821066899,1.1224088847277178,0.24559048500981065,0.687175547072513
ridge,AB,contact-high-school,cs-cocitations,1.498426821066899,1.0988900012685179,0.1984042533201576,0.6345651300491405
ridge,ABC,contact-high-school,cs-cocitations,1.498426821066899,1.122779307714897,0.24633366930793163,0.6717776173455556
gbt,ABC,contact-high-school,cs-cocitations,1.498426821066899,1.1106066272177464,0.2219114673263154,0.6306991828961761
ridge,A,contact-high-school,diseasome,3.9900640519565753,1.3122211823083219,0.10441956322106782,0.24601033276626044
ridge,AB,contact-high-school,diseasome,3.9900640519565753,1.186493951982302,0.06237122307138133,0.2529264520652172
ridge,ABC,contact-high-school,diseasome,3.9900640519565753,1.1430017523143519,0.047825648490967064,0.23645372962296807
gbt,ABC,contact-high-school,diseasome,3.9900640519565753,1.416041353491766,0.13914128468904388,0.5031034507466136
ridge,A,contact-high-school,hospital-lyon,1.0879241574641232,1.0336024656201905,0.38217557710350286,0.8369364516052918
ridge,AB,contact-high-school,hospital-lyon,1.0879241574641232,0.9990365182384408,-0.010958100587456754,0.7716109699719125
ridge,ABC,contact-high-school,hospital-lyon,1.0879241574641232,0.9982180824443283,-0.020266529780496284,0.7567583402092207
gbt,ABC,contact-high-school,hospital-lyon,1.0879241574641232,1.0396751977987235,0.4512434232299889,0.11065450133973496
ridge,A,contact-high-school,house-committees,6.46048355911533,1.080110740962705,0.014670997558260955,0.12852109981374793
ridge,AB,contact-high-school,house-committees,6.46048355911533,1.0003278779591913,6.0045590402699506e-05,0.09539100276426116
ridge,ABC,contact-high-school,house-committees,6.46048355911533,1.0427815859856078,0.007834761431373845,0.0955166638398001
gbt,ABC,contact-high-school,house-committees,6.46048355911533,1.0411897359846718,0.007543239630474242,0.14089921994781696
ridge,A,contact-high-school,hypertext-conference,1.1388262015279327,1.0517194202939926,0.3725479752724222,0.8522473310643333
ridge,AB,contact-high-school,hypertext-conference,1.1388262015279327,1.0534515801485798,0.38502515778928786,0.8125460412150757
ridge,ABC,contact-high-school,hypertext-conference,1.1388262015279327,1.054751842979489,0.3943912775606173,0.8112624361949807
gbt,ABC,contact-high-school,hypertext-conference,1.1388262015279327,0.9999684619961208,-0.00022717616366448127,0.6400458307269123
ridge,A,contact-high-school,invs13,1.2663198563455473,1.0243576654340913,0.09146019289860055,0.5486148785274547
ridge,AB,contact-high-school,invs13,1.2663198563455473,1.0277183369937801,0.10407912265398589,0.549895801035668
ridge,ABC,contact-high-school,invs13,1.2663198563455473,1.026631688534564,0.09999888442418561,0.5462531964084769
gbt,ABC,contact-high-school,invs13,1.2663198563455473,1.0595257836433964,0.2235123751574961,0.527026141299318
ridge,A,contact-high-school,math-cocitations,1.8053571194025417,1.1106977789996442,0.13745179167443863,0.5333712569049389
ridge,AB,contact-high-school,math-cocitations,1.8053571194025417,1.0443369884290359,0.055052581470847996,0.4118034560917677
ridge,ABC,contact-high-school,math-cocitations,1.8053571194025417,1.088557134987464,0.10996008212252553,0.48423491278078257
gbt,ABC,contact-high-school,math-cocitations,1.8053571194025417,1.158776843187527,0.1971508531585545,0.5509337035851757
ridge,A,contact-high-school,neuro-cocitations,2.1242543379282326,0.9107742935114388,-0.07936434263886023,0.35692453567293275
ridge,AB,contact-high-school,neuro-cocitations,2.1242543379282326,0.9790967839722994,-0.018592960082520926,0.3808416008845766
ridge,ABC,contact-high-school,neuro-cocitations,2.1242543379282326,1.0224564028084129,0.019974486244629813,0.41495597832951076
gbt,ABC,contact-high-school,neuro-cocitations,2.1242543379282326,1.0659420137127649,0.05865399980068773,0.48822613335133463
ridge,A,contact-high-school,physics-cocitations,1.8439255034952018,1.113424599797638,0.13440119930951092,0.5310870383006937
ridge,AB,contact-high-school,physics-cocitations,1.8439255034952018,1.090057217490944,0.10671228339226983,0.510117956403595
ridge,ABC,contact-high-school,physics-cocitations,1.8439255034952018,1.1163695988425781,0.13789084268768015,0.5342311931376738
gbt,ABC,contact-high-school,physics-cocitations,1.8439255034952018,1.1831993080109673,0.21707995226146035,0.6152359951529056
ridge,A,contact-high-school,plant-pollinator-mpl-014,2.5834026366365537,0.9471049941407141,-0.033405909928029956,0.11399694938826979
ridge,AB,contact-high-school,plant-pollinator-mpl-014,2.5834026366365537,0.9180340039457177,-0.051765731695630875,0.1696669136271859
ridge,ABC,contact-high-school,plant-pollinator-mpl-014,2.5834026366365537,0.8859556681174248,-0.07202484651966157,0.12707385248023464
gbt,ABC,contact-high-school,plant-pollinator-mpl-014,2.5834026366365537,1.1180259449899272,0.07453943946982218,0.42093942422749614
ridge,A,contact-high-school,plant-pollinator-mpl-015,1.4102516667953713,1.0438114899990754,0.10679174161875622,0.6348650318362461
ridge,AB,contact-high-school,plant-pollinator-mpl-015,1.4102516667953713,0.9117217855575012,-0.21518063566218482,0.36072091416569646
ridge,ABC,contact-high-school,plant-pollinator-mpl-015,1.4102516667953713,0.9477721606964797,-0.127306830247617,0.41377619641366575
gbt,ABC,contact-high-school,plant-pollinator-mpl-015,1.4102516667953713,0.9397037261952318,-0.1469738667383484,0.4060518340364777
ridge,A,contact-high-school,plant-pollinator-mpl-016,3.056933205825239,0.8145009629463683,-0.09018233383966871,-0.03131770508241
ridge,AB,contact-high-school,plant-pollinator-mpl-016,3.056933205825239,0.5224975610724104,-0.23214289971852353,-0.17427404148306236
ridge,ABC,contact-high-school,plant-pollinator-mpl-016,3.056933205825239,0.6172894657589592,-0.18605880500018368,-0.12392208933050987
gbt,ABC,contact-high-school,plant-pollinator-mpl-016,3.056933205825239,0.9283716810829435,-0.03482287062808112,0.0029616724177415604
ridge,A,contact-high-school,plant-pollinator-mpl-021,2.745487382389059,1.01035185931366,0.005930641159657857,0.24348718545314732
ridge,AB,contact-high-school,plant-pollinator-mpl-021,2.745487382389059,0.8740404610249811,-0.07216296161512054,0.254527646502212
ridge,ABC,contact-high-school,plant-pollinator-mpl-021,2.745487382389059,0.8715348572620086,-0.07359843676564443,0.23573318568024398
gbt,ABC,contact-high-school,plant-pollinator-mpl-021,2.745487382389059,1.00275777472296,0.0015799453784566017,0.3361859274378202
ridge,A,contact-high-school,plant-pollinator-mpl-034,5.693354349219635,0.8243320836951786,-0.03742907593031618,-0.15133237688141477
ridge,AB,contact-high-school,plant-pollinator-mpl-034,5.693354349219635,0.4022103758763651,-0.1273693779850715,-0.4533817390310448
ridge,ABC,contact-high-school,plant-pollinator-mpl-034,5.693354349219635,0.4677975672568494,-0.11339489694223494,-0.2642543026726869
gbt,ABC,contact-high-school,plant-pollinator-mpl-034,5.693354349219635,0.8693571642793461,-0.027835706831378704,-0.1634314378081745
ridge,A,contact-high-school,plant-pollinator-mpl-044,2.6781507980073496,1.016864042827061,0.010049182020522534,0.39742755086652015
ridge,AB,contact-high-school,plant-pollinator-mpl-044,2.6781507980073496,0.8263619084539837,-0.10346989778999338,0.3442095001278447
ridge,ABC,contact-high-school,plant-pollinator-mpl-044,2.6781507980073496,0.8307131634737632,-0.1008770110095287,0.33285900754127473
gbt,ABC,contact-high-school,plant-pollinator-mpl-044,2.6781507980073496,0.8401823569910067,-0.09523437536052307,0.2605304914466916
ridge,A,contact-high-school,plant-pollinator-mpl-049,3.7357043527991034,0.9816717655161867,-0.006699640063466756,0.08292871594984134
ridge,AB,contact-high-school,plant-pollinator-mpl-049,3.7357043527991034,0.6526450937651633,-0.12697092281899244,-0.08261632540608757
ridge,ABC,contact-high-school,plant-pollinator-mpl-049,3.7357043527991034,0.8046708625086816,-0.07139994396377759,0.11351699365581583
gbt,ABC,contact-high-school,plant-pollinator-mpl-049,3.7357043527991034,0.9166958684296165,-0.030450706957843906,-0.09839782129277123
ridge,A,contact-high-school,plant-pollinator-mpl-057,1.8564782392421568,1.092011037097763,0.10742950945160924,0.5984682989796519
ridge,AB,contact-high-school,plant-pollinator-mpl-057,1.8564782392421568,0.8987436027905988,-0.11822413293184951,0.48140846511099455
ridge,ABC,contact-high-school,plant-pollinator-mpl-057,1.8564782392421568,0.9286938995761085,-0.08325500538926214,0.4817347010662204
gbt,ABC,contact-high-school,plant-pollinator-mpl-057,1.8564782392421568,0.9602718353398508,-0.04638549217000784,0.5844192443512188
ridge,A,contact-high-school,plant-pollinator-mpl-062,1.2434886859657044,1.0352937054359832,0.14495008380370641,0.686419913874556
ridge,AB,contact-high-school,plant-pollinator-mpl-062,1.2434886859657044,1.0126565089309996,0.05197986461178836,0.4639349262205219
ridge,ABC,contact-high-school,plant-pollinator-mpl-062,1.2434886859657044,1.0072768334612585,0.029885714945635966,0.42788490999185047
gbt,ABC,contact-high-school,plant-pollinator-mpl-062,1.2434886859657044,0.9854137574388457,-0.05990521696440855,0.26953231951943
ridge,A,contact-high-school,senate-committees,1.3189930045470284,1.062013067762088,0.1944025946592368,0.8129120999572731
ridge,AB,contact-high-school,senate-committees,1.3189930045470284,1.0355025404842046,0.11129567099635437,0.7146063145927316
ridge,ABC,contact-high-school,senate-committees,1.3189930045470284,1.0572885960998988,0.17959201387895282,0.6802059575061005
gbt,ABC,contact-high-school,senate-committees,1.3189930045470284,1.001761889827448,0.005523286725205661,0.5913156547231757
ridge,A,email-Enron,contact-primary-school,1.1318799492854903,1.0266005075416624,0.20170243987642386,0.762855340544809
ridge,AB,email-Enron,contact-primary-school,1.1318799492854903,1.0492697399146682,0.3735953811144585,0.6378575194331135
ridge,ABC,email-Enron,contact-primary-school,1.1318799492854903,1.0496400705093936,0.37640346980975875,0.6743901026817114
gbt,ABC,email-Enron,contact-primary-school,1.1318799492854903,1.0073906211719938,0.05604052179300452,0.4847579108405095
ridge,A,email-Enron,contact-high-school,1.3149893580660719,0.9616267284587825,-0.12182402534744796,0.25008768420161537
ridge,AB,email-Enron,contact-high-school,1.3149893580660719,0.9549273401243654,-0.14309264335901845,0.20880743130469034
ridge,ABC,email-Enron,contact-high-school,1.3149893580660719,0.960571044278997,-0.1251755169224874,0.23620704815685056
gbt,ABC,email-Enron,contact-high-school,1.3149893580660719,0.9958433986022218,-0.013196005805714542,0.2704647041654854
ridge,A,email-Enron,email-Eu,1.6725121109900603,1.2064434296754771,0.3069735493262044,0.8052295129756715
ridge,AB,email-Enron,email-Eu,1.6725121109900603,1.6719576187554483,0.9991754910795649,0.8197893661318857
ridge,ABC,email-Enron,email-Eu,1.6725121109900603,1.6731762872651375,1.000987604928184,0.8202107466994388
gbt,ABC,email-Enron,email-Eu,1.6725121109900603,1.2517164250538975,0.3742927762049148,0.5829810535634171
ridge,A,email-Enron,NDC-classes,4.08325149712881,1.4338689687458641,0.1407179949964809,0.6037195257355811
ridge,AB,email-Enron,NDC-classes,4.08325149712881,2.023718223759162,0.3320255336655055,0.7580217410262745
ridge,ABC,email-Enron,NDC-classes,4.08325149712881,2.019465131898658,0.33064611590978094,0.7570007343036573
gbt,ABC,email-Enron,NDC-classes,4.08325149712881,2.735388233494925,0.562843554964931,0.8261297614753516
ridge,A,email-Enron,NDC-substances,1.9382074303228396,1.3966339712452078,0.42275722662815096,0.8408028552665466
ridge,AB,email-Enron,NDC-substances,1.9382074303228396,1.8162812976356686,0.8700435226299413,0.9391588563163324
ridge,ABC,email-Enron,NDC-substances,1.9382074303228396,1.802842002395606,0.8557190834859899,0.938562050156396
gbt,ABC,email-Enron,NDC-substances,1.9382074303228396,1.34078165089693,0.363226339808102,0.6740288981845913
ridge,A,email-Enron,DAWN,1.0417909408473682,0.9591860526719004,-0.9766218826506717,0.7895545550796579
ridge,AB,email-Enron,DAWN,1.0417909408473682,1.0524008349995848,1.253880241437176,0.9252536811880155
ridge,ABC,email-Enron,DAWN,1.0417909408473682,1.0336694741974806,0.8056644218767544,0.9291236419411071
gbt,ABC,email-Enron,DAWN,1.0417909408473682,1.0768493762818927,1.8389003627022258,0.14854394087966805
ridge,A,email-Enron,congress-bills,1.066851977621039,0.9789303634879426,-0.3151684850894608,0.5680983494765968
ridge,AB,email-Enron,congress-bills,1.066851977621039,1.0561356439137166,0.8397005729872402,0.7361969220477524
ridge,ABC,email-Enron,congress-bills,1.066851977621039,1.0412240301797286,0.6166463827504636,0.7383881660855593
gbt,ABC,email-Enron,congress-bills,1.066851977621039,1.0430691566451127,0.6442465605020243,0.13186312663182292
ridge,A,email-Enron,tags-math-sx,1.1319030898951705,1.0543098214680313,0.4117403277754436,0.8805580089352245
ridge,AB,email-Enron,tags-math-sx,1.1319030898951705,1.1347289919062695,1.0214240774294587,0.9550449095979546
ridge,ABC,email-Enron,tags-math-sx,1.1319030898951705,1.1237592900455657,0.9382592185211353,0.9607419483057544
gbt,ABC,email-Enron,tags-math-sx,1.1319030898951705,1.0139384256656845,0.10567171456530695,0.21732335881419199
ridge,A,email-Enron,tags-ask-ubuntu,1.1923896562998082,1.1109446229111064,0.576666256621495,0.886658450409883
ridge,AB,email-Enron,tags-ask-ubuntu,1.1923896562998082,1.2003919783173027,1.041594346449812,0.9622586279628157
ridge,ABC,email-Enron,tags-ask-ubuntu,1.1923896562998082,1.1901866525099314,0.9885492607438116,0.9660239342968263
gbt,ABC,email-Enron,tags-ask-ubuntu,1.1923896562998082,1.0167414879929486,0.08701864910481313,0.3885701865459054
ridge,A,email-Enron,cs-cocitations,1.498426821066899,1.0699763207608843,0.14039437245992847,0.5813176547001684
ridge,AB,email-Enron,cs-cocitations,1.498426821066899,1.200123439680747,0.4015101740559952,0.6313425627110604
ridge,ABC,email-Enron,cs-cocitations,1.498426821066899,1.2035335130895002,0.4083518472256971,0.6393142687662742
gbt,ABC,email-Enron,cs-cocitations,1.498426821066899,1.1478689927633325,0.2966714199826047,0.637866450150672
ridge,A,email-Enron,diseasome,3.9900640519565753,3.138083521975231,0.7150627828778975,0.5899463740472741
ridge,AB,email-Enron,diseasome,3.9900640519565753,3.7520298208052374,0.9203915946230055,0.623348784240211
ridge,ABC,email-Enron,diseasome,3.9900640519565753,3.7024682225532093,0.9038161643342807,0.626662061353702
gbt,ABC,email-Enron,diseasome,3.9900640519565753,2.0716706269388183,0.3584105919863359,0.6136079701890955
ridge,A,email-Enron,hospital-lyon,1.0879241574641232,0.9979148328421957,-0.023715520488838415,0.8296367942953518
ridge,AB,email-Enron,hospital-lyon,1.0879241574641232,1.063810699518197,0.7257470683666722,0.884535710187725
ridge,ABC,email-Enron,hospital-lyon,1.0879241574641232,1.0529995530960858,0.6027871591230421,0.8934628048399067
gbt,ABC,email-Enron,hospital-lyon,1.0879241574641232,1.0523669586679925,0.5955923852822862,0.8567006941879877
ridge,A,email-Enron,house-committees,6.46048355911533,1.5587453104447107,0.10232524361546375,0.4166064580894376
ridge,AB,email-Enron,house-committees,6.46048355911533,1.9319068346344315,0.17066379278420768,0.46134953229595693
ridge,ABC,email-Enron,house-committees,6.46048355911533,1.9142099400380104,0.16742289032477636,0.4586621247715349
gbt,ABC,email-Enron,house-committees,6.46048355911533,2.6685837015251606,0.30557434766738734,0.5147358015192708
ridge,A,email-Enron,hypertext-conference,1.1388262015279327,1.0505056799092425,0.363805098413504,0.913761475319731
ridge,AB,email-Enron,hypertext-conference,1.1388262015279327,1.0981009840620721,0.7066460292247758,0.9241907049575612
ridge,ABC,email-Enron,hypertext-conference,1.1388262015279327,1.0968580665433052,0.6976929821408155,0.9320851729765243
gbt,ABC,email-Enron,hypertext-conference,1.1388262015279327,1.0732156061746478,0.5273904015872423,0.9052923880664009
ridge,A,email-Enron,invs13,1.2663198563455473,1.010439953639273,0.03920080831572406,0.5761440844068231
ridge,AB,email-Enron,invs13,1.2663198563455473,1.035584148364872,0.13361432697193232,0.5883583448599323
ridge,ABC,email-Enron,invs13,1.2663198563455473,1.0360394075432382,0.13532377209034474,0.5924970784349678
gbt,ABC,email-Enron,invs13,1.2663198563455473,1.0178818961660958,0.06714443455877443,0.4519218287689255
ridge,A,email-Enron,math-cocitations,1.8053571194025417,1.0876321009090657,0.10881148101611869,0.46752398390003147
ridge,AB,email-Enron,math-cocitations,1.8053571194025417,1.2928148652148095,0.36358387870468656,0.5595745750366171
ridge,ABC,email-Enron,math-cocitations,1.8053571194025417,1.2888117408766517,0.35861325853915366,0.5643370151790019
gbt,ABC,email-Enron,math-cocitations,1.8053571194025417,1.2185112297476501,0.27132215570373774,0.591697325360608
ridge,A,email-Enron,neuro-cocitations,2.1242543379282326,1.0707351130759661,0.06291735836778381,0.4861740151612357
ridge,AB,email-Enron,neuro-cocitations,2.1242543379282326,1.545223985373461,0.48496498254851805,0.711047157669281
ridge,ABC,email-Enron,neuro-cocitations,2.1242543379282326,1.5480720119189926,0.4874982407708344,0.7153574868420542
gbt,ABC,email-Enron,neuro-cocitations,2.1242543379282326,1.316381976426311,0.2814149483375241,0.6569714637532498
ridge,A,email-Enron,physics-cocitations,1.8439255034952018,1.0638296938071528,0.07563427523258356,0.4817066990388065
ridge,AB,email-Enron,physics-cocitations,1.8439255034952018,1.2524572356625017,0.2991463519196005,0.6068059104957697
ridge,ABC,email-Enron,physics-cocitations,1.8439255034952018,1.2530065088895797,0.299797207030393,0.6119417693223278
gbt,ABC,email-Enron,physics-cocitations,1.8439255034952018,1.2114385914459476,0.25054177243163467,0.6095396904000412
ridge,A,email-Enron,plant-pollinator-mpl-014,2.5834026366365537,1.1546699080680516,0.09768198213727855,0.5568285956533434
ridge,AB,email-Enron,plant-pollinator-mpl-014,2.5834026366365537,1.7307331934419585,0.4614955012290329,0.8452570568485613
ridge,ABC,email-Enron,plant-pollinator-mpl-014,2.5834026366365537,1.7073859020633502,0.44675048891289676,0.8394325018966075
gbt,ABC,email-Enron,plant-pollinator-mpl-014,2.5834026366365537,1.2852358522478997,0.18014107444824934,0.648769199116134
ridge,A,email-Enron,plant-pollinator-mpl-015,1.4102516667953713,1.0068920792829419,0.01679963749270902,0.5736128726784419
ridge,AB,email-Enron,plant-pollinator-mpl-015,1.4102516667953713,1.247900021535273,0.6042632890969399,0.8067006293652115
ridge,ABC,email-Enron,plant-pollinator-mpl-015,1.4102516667953713,1.2377343963223029,0.5794842911409351,0.792768856374428
gbt,ABC,email-Enron,plant-pollinator-mpl-015,1.4102516667953713,1.3367233123179711,0.8207725637003317,0.7649776667156397
ridge,A,email-Enron,plant-pollinator-mpl-016,3.056933205825239,0.9151342921565171,-0.041258368333567205,0.002515665474845305
ridge,AB,email-Enron,plant-pollinator-mpl-016,3.056933205825239,1.4528479272696049,0.22015684611787034,0.6039485819882967
ridge,ABC,email-Enron,plant-pollinator-mpl-016,3.056933205825239,1.4628932851722967,0.22504050392175204,0.6190573105886388
gbt,ABC,email-Enron,plant-pollinator-mpl-016,3.056933205825239,2.1527843903128545,0.5604384172748861,0.7764359135813245
ridge,A,email-Enron,plant-pollinator-mpl-021,2.745487382389059,1.1396594523698143,0.08001172267350426,0.6123540320273999
ridge,AB,email-Enron,plant-pollinator-mpl-021,2.745487382389059,1.8409707429832405,0.4817970908687973,0.8414709654018246
ridge,ABC,email-Enron,plant-pollinator-mpl-021,2.745487382389059,1.842124332648541,0.4824579891811767,0.8364628925401657
gbt,ABC,email-Enron,plant-pollinator-mpl-021,2.745487382389059,2.229626536001968,0.7044602833616423,0.8772944263577491
ridge,A,email-Enron,plant-pollinator-mpl-034,5.693354349219635,0.9042777156483992,-0.02039528175994565,-0.46146109610707226
ridge,AB,email-Enron,plant-pollinator-mpl-034,5.693354349219635,1.8661503346393191,0.18454825060957397,0.4633653496418542
ridge,ABC,email-Enron,plant-pollinator-mpl-034,5.693354349219635,1.9089185690342678,0.19366075974753408,0.5412869793075065
gbt,ABC,email-Enron,plant-pollinator-mpl-034,5.693354349219635,3.9771954748196547,0.6343427862664309,0.7602560350546411
ridge,A,email-Enron,plant-pollinator-mpl-044,2.6781507980073496,1.2168300433308765,0.12920772292236332,0.6485374077287674
ridge,AB,email-Enron,plant-pollinator-mpl-044,2.6781507980073496,1.940096317512883,0.5601977597181143,0.8690045359988812
ridge,ABC,email-Enron,plant-pollinator-mpl-044,2.6781507980073496,1.9433199971271002,0.5621187310742315,0.8704351044849311
gbt,ABC,email-Enron,plant-pollinator-mpl-044,2.6781507980073496,2.2308005952081555,0.7334266960213698,0.8928732719674926
ridge,A,email-Enron,plant-pollinator-mpl-049,3.7357043527991034,0.9408424790441159,-0.021624237610089567,-0.1414376813133401
ridge,AB,email-Enron,plant-pollinator-mpl-049,3.7357043527991034,1.6815037447329513,0.24911454486507428,0.5179317205246258
ridge,ABC,email-Enron,plant-pollinator-mpl-049,3.7357043527991034,1.7095274623197008,0.25935823861731633,0.5336052931835183
gbt,ABC,email-Enron,plant-pollinator-mpl-049,3.7357043527991034,2.7591741294566208,0.6430424865379472,0.6808200005307674
ridge,A,email-Enron,plant-pollinator-mpl-057,1.8564782392421568,1.0151037803490517,0.017634750840156855,0.5989369063062869
ridge,AB,email-Enron,plant-pollinator-mpl-057,1.8564782392421568,1.409983404440885,0.4786851383447328,0.8471575902734307
ridge,ABC,email-Enron,plant-pollinator-mpl-057,1.8564782392421568,1.3982989896143039,0.46504274290346637,0.8406802200420564
gbt,ABC,email-Enron,plant-pollinator-mpl-057,1.8564782392421568,1.7422351990441038,0.8666130265035812,0.9294197802465606
ridge,A,email-Enron,plant-pollinator-mpl-062,1.2434886859657044,1.041522599455919,0.17053194603780258,0.7722225134085745
ridge,AB,email-Enron,plant-pollinator-mpl-062,1.2434886859657044,1.1199071295297693,0.49245462496215686,0.7427044731816311
ridge,ABC,email-Enron,plant-pollinator-mpl-062,1.2434886859657044,1.1174690786620054,0.48244163048524985,0.7355029101222077
gbt,ABC,email-Enron,plant-pollinator-mpl-062,1.2434886859657044,1.0345285512849804,0.14180762094976285,0.1332743750474275
ridge,A,email-Enron,senate-committees,1.3189930045470284,1.058146031348091,0.18227995761430157,0.7253955181724968
ridge,AB,email-Enron,senate-committees,1.3189930045470284,1.1609282518612205,0.5044883416479287,0.8482225375321885
ridge,ABC,email-Enron,senate-committees,1.3189930045470284,1.1486436318228996,0.4659777164517269,0.8353140389213973
gbt,ABC,email-Enron,senate-committees,1.3189930045470284,1.1767633196716338,0.5541291412413216,0.5150960527599135
ridge,A,email-Eu,contact-primary-school,1.1318799492854903,1.0718113466483448,0.5445205813120949,0.7771676190385894
ridge,AB,email-Eu,contact-primary-school,1.1318799492854903,1.0625846371572145,0.47455763742927226,0.7266004230434302
ridge,ABC,email-Eu,contact-primary-school,1.1318799492854903,1.0600175095449431,0.4550919974576178,0.777917493366416
gbt,ABC,email-Eu,contact-primary-school,1.1318799492854903,1.0418884441146237,0.3176255703886013,0.7181080576549782
ridge,A,email-Eu,contact-high-school,1.3149893580660719,0.9821554975067012,-0.05665112816146565,0.2990786232645806
ridge,AB,email-Eu,contact-high-school,1.3149893580660719,0.9784527297259985,-0.06840634365012979,0.2824322567488991
ridge,ABC,email-Eu,contact-high-school,1.3149893580660719,0.986847871119837,-0.04175420071621677,0.3340556370768543
gbt,ABC,email-Eu,contact-high-school,1.3149893580660719,1.0252798933067835,0.08025634091892336,0.14730827178057254
ridge,A,email-Eu,email-Enron,1.80346655331272,1.0739693365258534,0.09206274513963929,0.49667614450448094
ridge,AB,email-Eu,email-Enron,1.80346655331272,1.2619998129207721,0.32608676968635214,0.6561388056299514
ridge,ABC,email-Eu,email-Enron,1.80346655331272,1.2416225084226142,0.30072503631469955,0.65291680655096
gbt,ABC,email-Eu,email-Enron,1.80346655331272,1.2790308053378092,0.3472836600196432,0.6748979747500597
ridge,A,email-Eu,NDC-classes,4.08325149712881,1.7289829997036754,0.23643319410775282,0.6757537459969022
ridge,AB,email-Eu,NDC-classes,4.08325149712881,1.8597493967439642,0.27884504314506336,0.7226132147059319
ridge,ABC,email-Eu,NDC-classes,4.08325149712881,1.8119663289867098,0.263347420650839,0.7192546697162534
gbt,ABC,email-Eu,NDC-classes,4.08325149712881,2.368635594162001,0.4438935959121415,0.8288150988278089
ridge,A,email-Eu,NDC-substances,1.9382074303228396,1.7262327737741754,0.7740641891146363,0.9036633555751075
ridge,AB,email-Eu,NDC-substances,1.9382074303228396,1.7805703634836907,0.8319805815384498,0.9329882892426745
ridge,ABC,email-Eu,NDC-substances,1.9382074303228396,1.7243698482995617,0.7720785669436707,0.9304688282931962
gbt,ABC,email-Eu,NDC-substances,1.9382074303228396,1.8901986506404482,0.9488292480631161,0.9355945404802849
ridge,A,email-Eu,DAWN,1.0417909408473682,0.9673844768958855,-0.780444815139128,0.9279210096136672
ridge,AB,email-Eu,DAWN,1.0417909408473682,1.0026511465897632,0.06343830830336836,0.9447054644100926
ridge,ABC,email-Eu,DAWN,1.0417909408473682,0.933262228658266,-1.5969434999197143,0.9362393500746268
gbt,ABC,email-Eu,DAWN,1.0417909408473682,1.1250010602320617,2.99110423688711,0.9172441273022394
ridge,A,email-Eu,congress-bills,1.066851977621039,1.0175824721020106,0.2630060131007583,0.7333868435024851
ridge,AB,email-Eu,congress-bills,1.066851977621039,1.0331100219073992,0.49527363416365316,0.682856196145091
ridge,ABC,email-Eu,congress-bills,1.066851977621039,0.9852297629128765,-0.22093941888826343,0.6391153266284018
gbt,ABC,email-Eu,congress-bills,1.066851977621039,1.0720805201779435,1.078210738753958,0.6337110477542172
ridge,A,email-Eu,tags-math-sx,1.1319030898951705,1.1528088263906169,1.1584931521472401,0.9436413431083303
ridge,AB,email-Eu,tags-math-sx,1.1319030898951705,1.1591392431795504,1.2064860899469885,0.9613795423721917
ridge,ABC,email-Eu,tags-math-sx,1.1319030898951705,1.107722676311411,0.8166804613676841,0.9584060329901998
gbt,ABC,email-Eu,tags-math-sx,1.1319030898951705,1.17022087006387,1.2904994886712091,0.9329793738013363
ridge,A,email-Eu,tags-ask-ubuntu,1.1923896562998082,1.2429333843453207,1.2627154131755831,0.9408417213958049
ridge,AB,email-Eu,tags-ask-ubuntu,1.1923896562998082,1.2394674639576335,1.2447003054283863,0.9636112397690993
ridge,ABC,email-Eu,tags-ask-ubuntu,1.1923896562998082,1.1892477843760663,0.9836692263806229,0.9630192113910349
gbt,ABC,email-Eu,tags-ask-ubuntu,1.1923896562998082,1.2320747439872641,1.2062745391343344,0.923964256576367
ridge,A,email-Eu,cs-cocitations,1.498426821066899,1.2512225376443347,0.5040309369920836,0.6323376659193676
ridge,AB,email-Eu,cs-cocitations,1.498426821066899,1.2475534491591977,0.49666959861690724,0.6614645595787664
ridge,ABC,email-Eu,cs-cocitations,1.498426821066899,1.2405365666120012,0.48259153890861006,0.6705796841458497
gbt,ABC,email-Eu,cs-cocitations,1.498426821066899,1.2720934992481447,0.5459046097594019,0.6294426326477831
ridge,A,email-Eu,diseasome,3.9900640519565753,2.9772821418094284,0.6612842091177198,0.7004490423370113
ridge,AB,email-Eu,diseasome,3.9900640519565753,2.466486013203287,0.4904530430522646,0.7411778544555723
ridge,ABC,email-Eu,diseasome,3.9900640519565753,2.4671579609368726,0.49067776992162576,0.7400614171150047
gbt,ABC,email-Eu,diseasome,3.9900640519565753,1.4887052123039206,0.1634430580121292,0.5452158522430985
ridge,A,email-Eu,hospital-lyon,1.0879241574641232,1.0371793523137207,0.42285707803218336,0.9044501113553821
ridge,AB,email-Eu,hospital-lyon,1.0879241574641232,1.054367165946022,0.6183416198012044,0.9169193969859579
ridge,ABC,email-Eu,hospital-lyon,1.0879241574641232,1.0185706936138896,0.2112126422305186,0.8899522195945365
gbt,ABC,email-Eu,hospital-lyon,1.0879241574641232,1.0192931973978234,0.21942999460297216,0.3114595281145267
ridge,A,email-Eu,house-committees,6.46048355911533,1.6905859793541256,0.12646974794042043,0.3676870534066243
ridge,AB,email-Eu,house-committees,6.46048355911533,1.7502098131200639,0.13738889697190257,0.4345201337006373
ridge,ABC,email-Eu,house-committees,6.46048355911533,1.703167487560059,0.12877384941233694,0.4224525797226303
gbt,ABC,email-Eu,house-committees,6.46048355911533,1.3584915196749079,0.06565197308880612,0.4107997005329273
ridge,A,email-Eu,hypertext-conference,1.1388262015279327,1.1216565879707354,0.8763229608803881,0.9564572560735773
ridge,AB,email-Eu,hypertext-conference,1.1388262015279327,1.1113043868359234,0.8017534558382932,0.9566053299045807
ridge,ABC,email-Eu,hypertext-conference,1.1388262015279327,1.1043031696086623,0.7513219295831257,0.9567428186143054
gbt,ABC,email-Eu,hypertext-conference,1.1388262015279327,1.1546389061407565,1.1139028831646178,0.8170515036076914
ridge,A,email-Eu,invs13,1.2663198563455473,1.0549110389466239,0.20618454703346392,0.5850604884724285
ridge,AB,email-Eu,invs13,1.2663198563455473,1.0486846972158423,0.1828053600054306,0.6010922892382778
ridge,ABC,email-Eu,invs13,1.2663198563455473,1.0468460567499793,0.17590147949463084,0.6048467106190684
gbt,ABC,email-Eu,invs13,1.2663198563455473,1.0206425719952903,0.07751045032296339,0.44784500136827765
ridge,A,email-Eu,math-cocitations,1.8053571194025417,1.213580099170286,0.2651992439437694,0.4859858833383145
ridge,AB,email-Eu,math-cocitations,1.8053571194025417,1.2700913267498823,0.33536839774912647,0.5610915719444778
ridge,ABC,email-Eu,math-cocitations,1.8053571194025417,1.2449777201270682,0.3041852045820445,0.5617727257214972
gbt,ABC,email-Eu,math-cocitations,1.8053571194025417,1.1422588660064843,0.17664072568455066,0.5510593316218945
ridge,A,email-Eu,neuro-cocitations,2.1242543379282326,1.1249291851608247,0.11112181732030788,0.44692185921794075
ridge,AB,email-Eu,neuro-cocitations,2.1242543379282326,1.3681147905404276,0.32743017137811253,0.6165544153661177
ridge,ABC,email-Eu,neuro-cocitations,2.1242543379282326,1.3539203679460958,0.3148045384448306,0.6208749631201844
gbt,ABC,email-Eu,neuro-cocitations,2.1242543379282326,1.410830303699406,0.36542469958931273,0.7053678965026984
ridge,A,email-Eu,physics-cocitations,1.8439255034952018,1.184623746604237,0.21876782469495162,0.5085270257941761
ridge,AB,email-Eu,physics-cocitations,1.8439255034952018,1.251544392586993,0.29806468882051396,0.6061729611531287
ridge,ABC,email-Eu,physics-cocitations,1.8439255034952018,1.2363596188805233,0.2800716626072044,0.6089152103483745
gbt,ABC,email-Eu,physics-cocitations,1.8439255034952018,1.1867336989392225,0.22126798889931193,0.6069324400604775
ridge,A,email-Eu,plant-pollinator-mpl-014,2.5834026366365537,1.0503624582750775,0.0318064761986609,0.42767065108114005
ridge,AB,email-Eu,plant-pollinator-mpl-014,2.5834026366365537,1.2268869883352327,0.14329077335451676,0.6393556342525509
ridge,ABC,email-Eu,plant-pollinator-mpl-014,2.5834026366365537,1.2058229410518593,0.12998774682418496,0.6192608760838172
gbt,ABC,email-Eu,plant-pollinator-mpl-014,2.5834026366365537,1.336442859506804,0.21248092665897808,0.7847995731603689
ridge,A,email-Eu,plant-pollinator-mpl-015,1.4102516667953713,1.0412551187470438,0.10056051464532224,0.6267993852899028
ridge,AB,email-Eu,plant-pollinator-mpl-015,1.4102516667953713,1.1215881624355764,0.296374572674736,0.7312291395077558
ridge,ABC,email-Eu,plant-pollinator-mpl-015,1.4102516667953713,1.092380021288722,0.22517890545171165,0.6860231389247059
gbt,ABC,email-Eu,plant-pollinator-mpl-015,1.4102516667953713,1.3010884399072289,0.7339115578960177,0.8306130142707475
ridge,A,email-Eu,plant-pollinator-mpl-016,3.056933205825239,0.8218303081359778,-0.08661909456245116,-0.036032348108594216
ridge,AB,email-Eu,plant-pollinator-mpl-016,3.056933205825239,0.9931519340388953,-0.003329260250994499,0.2100638292492266
ridge,ABC,email-Eu,plant-pollinator-mpl-016,3.056933205825239,1.0123414742849692,0.005999939254234485,0.2439338096978724
gbt,ABC,email-Eu,plant-pollinator-mpl-016,3.056933205825239,1.4020543842407562,0.19546302383671837,0.7141419474684799
ridge,A,email-Eu,plant-pollinator-mpl-021,2.745487382389059,1.1616872702577592,0.09263158925643844,0.5125449192353492
ridge,AB,email-Eu,plant-pollinator-mpl-021,2.745487382389059,1.4359803936123843,0.24977573485272367,0.7356016845451664
ridge,ABC,email-Eu,plant-pollinator-mpl-021,2.745487382389059,1.4423380546843942,0.2534180763191559,0.7301979975152852
gbt,ABC,email-Eu,plant-pollinator-mpl-021,2.745487382389059,1.5800910211994628,0.3323375620197774,0.8084101619125704
ridge,A,email-Eu,plant-pollinator-mpl-034,5.693354349219635,0.8077765917700325,-0.04095650869871536,-0.30293283076969424
ridge,AB,email-Eu,plant-pollinator-mpl-034,5.693354349219635,0.9928850899091674,-0.0015159541686886793,-0.20428274281161315
ridge,ABC,email-Eu,plant-pollinator-mpl-034,5.693354349219635,1.0637221388271154,0.013577099465696749,-0.11925736849490819
gbt,ABC,email-Eu,plant-pollinator-mpl-034,5.693354349219635,1.327790020408907,0.06984131093008325,0.4193422371327453
ridge,A,email-Eu,plant-pollinator-mpl-044,2.6781507980073496,1.191057689691757,0.11385013189435693,0.5755583254371736
ridge,AB,email-Eu,plant-pollinator-mpl-044,2.6781507980073496,1.4744692167497908,0.28273336181300246,0.7534071657458586
ridge,ABC,email-Eu,plant-pollinator-mpl-044,2.6781507980073496,1.4963374174314665,0.2957644914991083,0.7640735169112791
gbt,ABC,email-Eu,plant-pollinator-mpl-044,2.6781507980073496,1.4818291753617125,0.2871191170268134,0.8035073817467345
ridge,A,email-Eu,plant-pollinator-mpl-049,3.7357043527991034,0.9296648572105115,-0.025710067214508525,-0.04531050903818385
ridge,AB,email-Eu,plant-pollinator-mpl-049,3.7357043527991034,1.1362462478880473,0.049802986842727937,0.225330959738658
ridge,ABC,email-Eu,plant-pollinator-mpl-049,3.7357043527991034,1.1770030378743692,0.06470108427223292,0.23300281271315748
gbt,ABC,email-Eu,plant-pollinator-mpl-049,3.7357043527991034,1.7272716052742612,0.2658443718635514,0.5687572110919934
ridge,A,email-Eu,plant-pollinator-mpl-057,1.8564782392421568,1.0528066882260592,0.06165560992277451,0.6291208252030307
ridge,AB,email-Eu,plant-pollinator-mpl-057,1.8564782392421568,1.1847197741905322,0.2156736338730322,0.7405195873115241
ridge,ABC,email-Eu,plant-pollinator-mpl-057,1.8564782392421568,1.1570996824076134,0.18342518841648672,0.7269467334251586
gbt,ABC,email-Eu,plant-pollinator-mpl-057,1.8564782392421568,1.350539530086266,0.40928013582275724,0.8332365918493434
ridge,A,email-Eu,plant-pollinator-mpl-062,1.2434886859657044,1.0865033799572044,0.3552665275354455,0.8169916859084985
ridge,AB,email-Eu,plant-pollinator-mpl-062,1.2434886859657044,1.0967628233480153,0.39740172305847704,0.8420293047241021
ridge,ABC,email-Eu,plant-pollinator-mpl-062,1.2434886859657044,1.0902927122328072,0.3708291901724133,0.8171893111750052
gbt,ABC,email-Eu,plant-pollinator-mpl-062,1.2434886859657044,1.1059137854693324,0.43498442257908626,0.8089560049392932
ridge,A,email-Eu,senate-committees,1.3189930045470284,1.109955842538314,0.3446967205266832,0.7810595664961062
ridge,AB,email-Eu,senate-committees,1.3189930045470284,1.1442144040080064,0.45209268526998453,0.8284009976799469
ridge,ABC,email-Eu,senate-committees,1.3189930045470284,1.1060970040496565,0.33259978287083364,0.7864851612493353
gbt,ABC,email-Eu,senate-committees,1.3189930045470284,1.2234220149457447,0.7003978512412992,0.8755464996077147
ridge,A,NDC-classes,contact-primary-school,1.1318799492854903,1.0035231825292659,0.02671507343120805,0.7438174097278181
ridge,AB,NDC-classes,contact-primary-school,1.1318799492854903,1.015443870417556,0.11710552287310495,0.3438974476188041
ridge,ABC,NDC-classes,contact-primary-school,1.1318799492854903,1.0148398585652467,0.11252551009950558,0.26418099511309007
gbt,ABC,NDC-classes,contact-primary-school,1.1318799492854903,1.0313690346564917,0.23786053017494557,0.3684069112054361
ridge,A,NDC-classes,contact-high-school,1.3149893580660719,0.9598444510785702,-0.12748223993334662,0.3239949025342929
ridge,AB,NDC-classes,contact-high-school,1.3149893580660719,0.9307953423196939,-0.21970474845626323,0.08894038622539689
ridge,ABC,NDC-classes,contact-high-school,1.3149893580660719,0.9085754014768274,-0.290246626376487,0.01822060125051056
gbt,ABC,NDC-classes,contact-high-school,1.3149893580660719,1.0221762074151297,0.07040303695110249,0.32333269051059826
ridge,A,NDC-classes,email-Enron,1.80346655331272,0.984867724241747,-0.018833734516841,0.47226542468701554
ridge,AB,NDC-classes,email-Enron,1.80346655331272,1.869904723967788,1.082689404283403,0.6382488670913182
ridge,ABC,NDC-classes,email-Enron,1.80346655331272,1.8972182007980964,1.1166839454596276,0.6214993637723194
gbt,ABC,NDC-classes,email-Enron,1.80346655331272,1.326090324182995,0.4058542609378244,0.6284840552493156
ridge,A,NDC-classes,email-Eu,1.6725121109900603,1.132107919536984,0.19643946536887966,0.7731197942713913
ridge,AB,NDC-classes,email-Eu,1.6725121109900603,1.7129053222230117,1.0600631729493843,0.6776164545833402
ridge,ABC,NDC-classes,email-Eu,1.6725121109900603,1.7171736552813126,1.0664100223050295,0.6539256307064353
gbt,ABC,NDC-classes,email-Eu,1.6725121109900603,1.2926328026012615,0.4351338776196204,0.5868827692705465
ridge,A,NDC-classes,NDC-substances,1.9382074303228396,1.3834352962228895,0.40868925552097624,0.8882029139791489
ridge,AB,NDC-classes,NDC-substances,1.9382074303228396,1.9050557454064323,0.964664866377151,0.9046970205922797
ridge,ABC,NDC-classes,NDC-substances,1.9382074303228396,1.9245683092748647,0.9854625740458252,0.8955705080828975
gbt,ABC,NDC-classes,NDC-substances,1.9382074303228396,1.4215329695498953,0.44929613209825536,0.7342975016071159
ridge,A,NDC-classes,DAWN,1.0417909408473682,0.933440960375673,-1.5926666946173456,0.9418520047418948
ridge,AB,NDC-classes,DAWN,1.0417909408473682,1.1104562658770982,2.643067220728872,0.8425465209388037
ridge,ABC,NDC-classes,DAWN,1.0417909408473682,1.1037767720285798,2.4832360775891726,0.7721671382656923
gbt,ABC,NDC-classes,DAWN,1.0417909408473682,1.1300221229541287,3.1112513936693733,0.1618338142533976
ridge,A,NDC-classes,congress-bills,1.066851977621039,0.9766365331567681,-0.34948056399574856,0.7550136075020493
ridge,AB,NDC-classes,congress-bills,1.066851977621039,1.1455340829153526,2.176960025630589,0.71630737044054
ridge,ABC,NDC-classes,congress-bills,1.066851977621039,1.1669055561226405,2.496643510963445,0.641040821705394
gbt,ABC,NDC-classes,congress-bills,1.066851977621039,1.1312106428112723,1.9627039839428613,0.33331426783412815
ridge,A,NDC-classes,tags-math-sx,1.1319030898951705,0.985881400653334,-0.10703766953364581,0.9256437733851982
ridge,AB,NDC-classes,tags-math-sx,1.1319030898951705,1.0708072657446464,0.5368127903669289,0.819003272038518
ridge,ABC,NDC-classes,tags-math-sx,1.1319030898951705,1.0654634245424002,0.49629940128337385,0.7429122691835663
gbt,ABC,NDC-classes,tags-math-sx,1.1319030898951705,1.0538316417675637,0.40811509275746466,0.09691159709188243
ridge,A,NDC-classes,tags-ask-ubuntu,1.1923896562998082,1.0042345468795981,0.02201026271911035,0.9156539963643998
ridge,AB,NDC-classes,tags-ask-ubuntu,1.1923896562998082,1.0966224987829205,0.5022229398463604,0.8597426006286553
ridge,ABC,NDC-classes,tags-ask-ubuntu,1.1923896562998082,1.0878904430931973,0.45683559492530207,0.8076208776305982
gbt,ABC,NDC-classes,tags-ask-ubuntu,1.1923896562998082,1.0619233432971964,0.3218642025156429,0.3098658058039557
ridge,A,NDC-classes,cs-cocitations,1.498426821066899,0.9995420915889679,-0.0009187074043325681,0.6140353641059048
ridge,AB,NDC-classes,cs-cocitations,1.498426821066899,1.1589025719478872,0.3188082286738723,0.5587187961181956
ridge,ABC,NDC-classes,cs-cocitations,1.498426821066899,1.1550729775807602,0.31112486532891914,0.5261429672027976
gbt,ABC,NDC-classes,cs-cocitations,1.498426821066899,1.1700280685358904,0.3411294524077571,0.5344430087062232
ridge,A,NDC-classes,diseasome,3.9900640519565753,1.759869363812912,0.2541314669549251,0.5547522342034643
ridge,AB,NDC-classes,diseasome,3.9900640519565753,2.7175483125701594,0.5744185685407863,0.597636590444087
ridge,ABC,NDC-classes,diseasome,3.9900640519565753,3.0919534389333787,0.699634991954266,0.5836271394656057
gbt,ABC,NDC-classes,diseasome,3.9900640519565753,1.3339894999244781,0.11169978104847925,0.5849293758228136
ridge,A,NDC-classes,hospital-lyon,1.0879241574641232,0.9781923011961159,-0.24802852177210324,0.8346878356122592
ridge,AB,NDC-classes,hospital-lyon,1.0879241574641232,1.09139100768572,1.0394300078793646,0.6278557595634815
ridge,ABC,NDC-classes,hospital-lyon,1.0879241574641232,1.1009419343846691,1.1480568855704731,0.4814684740576031
gbt,ABC,NDC-classes,hospital-lyon,1.0879241574641232,1.0115972591127265,0.13190071360602623,0.7044503269237107
ridge,A,NDC-classes,house-committees,6.46048355911533,1.323484615044968,0.059241019873590955,0.3396939560622608
ridge,AB,NDC-classes,house-committees,6.46048355911533,1.9886500497944055,0.1810554027113635,0.5264849681916658
ridge,ABC,NDC-classes,house-committees,6.46048355911533,2.1195476079054285,0.2050271914172396,0.5393596378650912
gbt,ABC,NDC-classes,house-committees,6.46048355911533,1.4345238507049953,0.07957607526894447,0.30789924094343546
ridge,A,NDC-classes,hypertext-conference,1.1388262015279327,1.010846840582081,0.07813251722441251,0.8645266201112568
ridge,AB,NDC-classes,hypertext-conference,1.1388262015279327,1.0539445306284914,0.3885760039154957,0.7329001193151232
ridge,ABC,NDC-classes,hypertext-conference,1.1388262015279327,1.0580227438035619,0.4179523977819658,0.6860779227025262
gbt,ABC,NDC-classes,hypertext-conference,1.1388262015279327,1.0912748450770642,0.6574756355247473,0.8155931642173486
ridge,A,NDC-classes,invs13,1.2663198563455473,0.9830868602151167,-0.06350686733226028,0.569894594554006
ridge,AB,NDC-classes,invs13,1.2663198563455473,0.9983569476013068,-0.006169470129787766,0.48811961893452926
ridge,ABC,NDC-classes,invs13,1.2663198563455473,0.9982888222382982,-0.006425272922502575,0.4722914319146453
gbt,ABC,NDC-classes,invs13,1.2663198563455473,0.9605503533342854,-0.14812882226298996,0.3020884830647244
ridge,A,NDC-classes,math-cocitations,1.8053571194025417,1.0255249707704255,0.03169397793287195,0.5005973170039202
ridge,AB,NDC-classes,math-cocitations,1.8053571194025417,1.3525073227411315,0.4377031185899751,0.5704435555007985
ridge,ABC,NDC-classes,math-cocitations,1.8053571194025417,1.3643107654759072,0.45235927851010127,0.5433587155705651
gbt,ABC,NDC-classes,math-cocitations,1.8053571194025417,1.1719079488794708,0.213455552497011,0.5067395166358702
ridge,A,NDC-classes,neuro-cocitations,2.1242543379282326,0.9128780229843245,-0.07749312061915029,0.4188791716290676
ridge,AB,NDC-classes,neuro-cocitations,2.1242543379282326,1.837178884093922,0.7446525717985389,0.701575681506758
ridge,ABC,NDC-classes,neuro-cocitations,2.1242543379282326,1.8516614245316612,0.7575344793430785,0.6885206343126669
gbt,ABC,NDC-classes,neuro-cocitations,2.1242543379282326,1.2017522073748939,0.17945423964001,0.6033489620721041
ridge,A,NDC-classes,physics-cocitations,1.8439255034952018,1.015171546306499,0.017977352555011667,0.5110721900046191
ridge,AB,NDC-classes,physics-cocitations,1.8439255034952018,1.2950594526521966,0.3496273680913521,0.5979080302295134
ridge,ABC,NDC-classes,physics-cocitations,1.8439255034952018,1.2846697490506693,0.3373162060770543,0.5713733759171425
gbt,ABC,NDC-classes,physics-cocitations,1.8439255034952018,1.15084668275117,0.17874407412315835,0.55597187415457
ridge,A,NDC-classes,plant-pollinator-mpl-014,2.5834026366365537,1.0035132938885922,0.0022188253368423893,0.35074840952647707
ridge,AB,NDC-classes,plant-pollinator-mpl-014,2.5834026366365537,2.3394385264765307,0.8459241480876596,0.8459035557943292
ridge,ABC,NDC-classes,plant-pollinator-mpl-014,2.5834026366365537,2.510144839811423,0.9537339428834449,0.8269701239062134
gbt,ABC,NDC-classes,plant-pollinator-mpl-014,2.5834026366365537,1.5450084589218627,0.34420080294899824,0.6832209020864052
ridge,A,NDC-classes,plant-pollinator-mpl-015,1.4102516667953713,1.0042581484248363,0.010379356793595208,0.6501048763467061
ridge,AB,NDC-classes,plant-pollinator-mpl-015,1.4102516667953713,1.4854818199071858,1.1833756184331077,0.7575318559803068
ridge,ABC,NDC-classes,plant-pollinator-mpl-015,1.4102516667953713,1.5152960897529721,1.256048741442398,0.7453188269353177
gbt,ABC,NDC-classes,plant-pollinator-mpl-015,1.4102516667953713,1.2922516330302873,0.7123715920843754,0.8207927846961446
ridge,A,NDC-classes,plant-pollinator-mpl-016,3.056933205825239,0.825277072208469,-0.08494341347434875,-0.023216786085045623
ridge,AB,NDC-classes,plant-pollinator-mpl-016,3.056933205825239,2.3967094874657744,0.679025202913877,0.7529721220514449
ridge,ABC,NDC-classes,plant-pollinator-mpl-016,3.056933205825239,2.534119299024738,0.7458284472631921,0.7770604773296762
gbt,ABC,NDC-classes,plant-pollinator-mpl-016,3.056933205825239,2.236222346203665,0.6010026687802408,0.7264458583833387
ridge,A,NDC-classes,plant-pollinator-mpl-021,2.745487382389059,1.0802591280409621,0.045980927075571866,0.48210520742860996
ridge,AB,NDC-classes,plant-pollinator-mpl-021,2.745487382389059,2.6468774930794794,0.9435058137317432,0.8284219900207244
ridge,ABC,NDC-classes,plant-pollinator-mpl-021,2.745487382389059,2.6978830733734687,0.9727272110380805,0.82906998042479
gbt,ABC,NDC-classes,plant-pollinator-mpl-021,2.745487382389059,1.7897247065775646,0.4524379348401039,0.6167622551428248
ridge,A,NDC-classes,plant-pollinator-mpl-034,5.693354349219635,0.833930898920348,-0.035383882980679765,-0.24188305209166786
ridge,AB,NDC-classes,plant-pollinator-mpl-034,5.693354349219635,3.3819910900303882,0.5075242380593834,0.7108088886222496
ridge,ABC,NDC-classes,plant-pollinator-mpl-034,5.693354349219635,3.7824129037722725,0.5928410038408681,0.7277091351330599
gbt,ABC,NDC-classes,plant-pollinator-mpl-034,5.693354349219635,1.4834917778512628,0.10301625274291364,0.49946526836265404
ridge,A,NDC-classes,plant-pollinator-mpl-044,2.6781507980073496,1.100399121141747,0.05982723439452625,0.5337267592405965
ridge,AB,NDC-classes,plant-pollinator-mpl-044,2.6781507980073496,2.6449325101216665,0.9802054213929244,0.82926137545047
ridge,ABC,NDC-classes,plant-pollinator-mpl-044,2.6781507980073496,2.7143111317299815,1.021547726083716,0.8130492451134363
gbt,ABC,NDC-classes,plant-pollinator-mpl-044,2.6781507980073496,1.4865622503400688,0.28993952803157913,0.665329727840373
ridge,A,NDC-classes,plant-pollinator-mpl-049,3.7357043527991034,0.9444998879102215,-0.020287320898909323,-0.015508398943744546
ridge,AB,NDC-classes,plant-pollinator-mpl-049,3.7357043527991034,3.1657287709563753,0.7916530778409796,0.7001499541010214
ridge,ABC,NDC-classes,plant-pollinator-mpl-049,3.7357043527991034,3.3104362863337458,0.844548967423971,0.7263126276995618
gbt,ABC,NDC-classes,plant-pollinator-mpl-049,3.7357043527991034,3.015982235972621,0.7369152422884875,0.7960899806136098
ridge,A,NDC-classes,plant-pollinator-mpl-057,1.8564782392421568,1.0289357531066161,0.03378457476306639,0.6666580097534032
ridge,AB,NDC-classes,plant-pollinator-mpl-057,1.8564782392421568,1.843585167989349,0.9849464111730192,0.8719422715832372
ridge,ABC,NDC-classes,plant-pollinator-mpl-057,1.8564782392421568,1.909282914975016,1.0616532601920892,0.8541633040357492
gbt,ABC,NDC-classes,plant-pollinator-mpl-057,1.8564782392421568,1.7577316104039638,0.8847062023133621,0.8241341714336899
ridge,A,NDC-classes,plant-pollinator-mpl-062,1.2434886859657044,1.018245353288217,0.07493306399783539,0.7496662195717394
ridge,AB,NDC-classes,plant-pollinator-mpl-062,1.2434886859657044,1.1249376656639123,0.513114870895931,0.49444722671063296
ridge,ABC,NDC-classes,plant-pollinator-mpl-062,1.2434886859657044,1.1347584110677131,0.5534483482599843,0.4899731881498437
gbt,ABC,NDC-classes,plant-pollinator-mpl-062,1.2434886859657044,1.0483763132457276,0.19867992245250116,0.3142602743615221
ridge,A,NDC-classes,senate-committees,1.3189930045470284,1.0386078219415564,0.12103030910154197,0.7785886807012964
ridge,AB,NDC-classes,senate-committees,1.3189930045470284,1.277427105175746,0.8696965175449343,0.8375932986332848
ridge,ABC,NDC-classes,senate-committees,1.3189930045470284,1.3173205459539654,0.9947570681199173,0.8302530925144844
gbt,ABC,NDC-classes,senate-committees,1.3189930045470284,1.22251151869036,0.6975435684125028,0.7651260143041708
ridge,A,NDC-substances,contact-primary-school,1.1318799492854903,1.0599571900369702,0.4546346155106295,0.7750814750125035
ridge,AB,NDC-substances,contact-primary-school,1.1318799492854903,1.0618968906324557,0.4693426936225381,0.6090011555175858
ridge,ABC,NDC-substances,contact-primary-school,1.1318799492854903,1.0618182794361615,0.4687466121353964,0.6139094277740873
gbt,ABC,NDC-substances,contact-primary-school,1.1318799492854903,1.009314532768742,0.07062887739347092,0.6026585578453397
ridge,A,NDC-substances,contact-high-school,1.3149893580660719,0.9881785144029717,-0.037529793608292866,0.33945324769853163
ridge,AB,NDC-substances,contact-high-school,1.3149893580660719,0.9808981746753791,-0.06064276406637878,0.2377081814677526
ridge,ABC,NDC-substances,contact-high-school,1.3149893580660719,0.9816716110575596,-0.05818732751788977,0.24152546079096865
gbt,ABC,NDC-substances,contact-high-school,1.3149893580660719,1.012968966433989,0.04117271298819108,0.34264717700111913
ridge,A,NDC-substances,email-Enron,1.80346655331272,1.0456766959935189,0.0568495300833523,0.4721067694197818
ridge,AB,NDC-substances,email-Enron,1.80346655331272,1.61398136719161,0.7641654337198527,0.7362160045454469
ridge,ABC,NDC-substances,email-Enron,1.80346655331272,1.6113750647584473,0.7609216117805115,0.7368237084400365
gbt,ABC,NDC-substances,email-Enron,1.80346655331272,1.3568534653766124,0.4441422781138722,0.7516474635545125
ridge,A,NDC-substances,email-Eu,1.6725121109900603,1.3508911030078967,0.5217617605299645,0.8264062166494924
ridge,AB,NDC-substances,email-Eu,1.6725121109900603,1.7543576420859581,1.1217012002585445,0.8217975131929158
ridge,ABC,NDC-substances,email-Eu,1.6725121109900603,1.7531567943334552,1.1199155851999025,0.8221471333092745
gbt,ABC,NDC-substances,email-Eu,1.6725121109900603,1.1831944320767855,0.27240317175417106,0.7402937912094986
ridge,A,NDC-substances,NDC-classes,4.08325149712881,1.8624928888401566,0.27973484798218,0.7300635239077486
ridge,AB,NDC-substances,NDC-classes,4.08325149712881,2.389182234738941,0.4505575481054911,0.8083242500359157
ridge,ABC,NDC-substances,NDC-classes,4.08325149712881,2.3943652744677486,0.45223857858050553,0.8094065357579454
gbt,ABC,NDC-substances,NDC-classes,4.08325149712881,2.837221795264806,0.5958715326906243,0.9001351371996186
ridge,A,NDC-substances,DAWN,1.0417909408473682,0.973477716310198,-0.6346419379900671,0.9656803754021476
ridge,AB,NDC-substances,DAWN,1.0417909408473682,1.0895063542226124,2.141764516609323,0.9455813594306821
ridge,ABC,NDC-substances,DAWN,1.0417909408473682,1.0879422516524195,2.104337683461311,0.9466010513600475
gbt,ABC,NDC-substances,DAWN,1.0417909408473682,1.0835515979619919,1.9992753517357933,0.9570365965268492
ridge,A,NDC-substances,congress-bills,1.066851977621039,1.0196832206853632,0.29442989401062536,0.8253777350889754
ridge,AB,NDC-substances,congress-bills,1.066851977621039,1.0908053543592258,1.3583046843276687,0.8089152819071986
ridge,ABC,NDC-substances,congress-bills,1.066851977621039,1.0889309273691057,1.3302662170029538,0.8105180708438249
gbt,ABC,NDC-substances,congress-bills,1.066851977621039,1.0620543167235776,0.9282345703419925,0.8880066351246113
ridge,A,NDC-substances,tags-math-sx,1.1319030898951705,1.1342353698586753,1.0176817689817457,0.9684634139535516
ridge,AB,NDC-substances,tags-math-sx,1.1319030898951705,1.178780659579251,1.355394022394291,0.9497294576886225
ridge,ABC,NDC-substances,tags-math-sx,1.1319030898951705,1.177776428513734,1.3477806217808932,0.950655911824676
gbt,ABC,NDC-substances,tags-math-sx,1.1319030898951705,1.1508085085047906,1.1433280950783264,0.9590391902664896
ridge,A,NDC-substances,tags-ask-ubuntu,1.1923896562998082,1.2152528806858396,1.1188381164858612,0.9708563764220496
ridge,AB,NDC-substances,tags-ask-ubuntu,1.1923896562998082,1.254969931791019,1.3252787945818125,0.9592364455535541
ridge,ABC,NDC-substances,tags-ask-ubuntu,1.1923896562998082,1.2539776423776625,1.3201210879127483,0.9599422005648593
gbt,ABC,NDC-substances,tags-ask-ubuntu,1.1923896562998082,1.2449352969017953,1.273120923507983,0.9659969790872002
ridge,A,NDC-substances,cs-cocitations,1.498426821066899,1.219603254008897,0.440592770547197,0.6718291634092265
ridge,AB,NDC-substances,cs-cocitations,1.498426821066899,1.3024192635771783,0.6067475721507922,0.6708368203718807
ridge,ABC,NDC-substances,cs-cocitations,1.498426821066899,1.3020049831555947,0.605916396130415,0.6715938661141664
gbt,ABC,NDC-substances,cs-cocitations,1.498426821066899,1.1370417518704334,0.2749485904010765,0.6604526808826988
ridge,A,NDC-substances,diseasome,3.9900640519565753,1.6273266969089337,0.2098037654071112,0.6691947035882851
ridge,AB,NDC-substances,diseasome,3.9900640519565753,2.3850008336794364,0.46320105844326265,0.7136062351720587
ridge,ABC,NDC-substances,diseasome,3.9900640519565753,2.3721319626678876,0.45889718040321603,0.7140721624663596
gbt,ABC,NDC-substances,diseasome,3.9900640519565753,1.7015570437600929,0.2346294365503718,0.6436867314861925
ridge,A,NDC-substances,hospital-lyon,1.0879241574641232,1.034201948550734,0.3889937593623227,0.9047167704846879
ridge,AB,NDC-substances,hospital-lyon,1.0879241574641232,1.091414119043716,1.0396928634888196,0.8663855072116607
ridge,ABC,NDC-substances,hospital-lyon,1.0879241574641232,1.0900809166383858,1.0245297678870868,0.8687875136582767
gbt,ABC,NDC-substances,hospital-lyon,1.0879241574641232,1.0170461862966067,0.1938737519726848,0.8175166449064375
ridge,A,NDC-substances,house-committees,6.46048355911533,1.4809853056966717,0.08808474569871201,0.3141200333492834
ridge,AB,NDC-substances,house-committees,6.46048355911533,1.8138236706969957,0.1490387548806842,0.455332624360686
ridge,ABC,NDC-substances,house-committees,6.46048355911533,1.8096593888356904,0.14827613343585744,0.4549450071636467
gbt,ABC,NDC-substances,house-committees,6.46048355911533,1.5943870765509867,0.10885246152948498,0.5168759949479775
ridge,A,NDC-substances,hypertext-conference,1.1388262015279327,1.1015338721014687,0.7313739840460841,0.942056652341759
ridge,AB,NDC-substances,hypertext-conference,1.1388262015279327,1.114263509138439,0.8230687570562712,0.9035837574655244
ridge,ABC,NDC-substances,hypertext-conference,1.1388262015279327,1.1139225429125958,0.8206126916875554,0.9047287103073742
gbt,ABC,NDC-substances,hypertext-conference,1.1388262015279327,1.0844057949841945,0.60799614233637,0.82267201747618
ridge,A,NDC-substances,invs13,1.2663198563455473,1.035204533961526,0.1321889191613575,0.5787250543879177
ridge,AB,NDC-substances,invs13,1.2663198563455473,1.0510564956458703,0.19171118649007174,0.5806309684291102
ridge,ABC,NDC-substances,invs13,1.2663198563455473,1.0509602643510265,0.19134984920127807,0.5809564732970458
gbt,ABC,NDC-substances,invs13,1.2663198563455473,1.0277012595937864,0.10401499900872707,0.5693439190699444
ridge,A,NDC-substances,math-cocitations,1.8053571194025417,1.1449511447511216,0.17998368830296593,0.5027240254560522
ridge,AB,NDC-substances,math-cocitations,1.8053571194025417,1.385776395675588,0.47901283341454554,0.6169740568513378
ridge,ABC,NDC-substances,math-cocitations,1.8053571194025417,1.3841007140105974,0.4769321643242497,0.6178699049494402
gbt,ABC,NDC-substances,math-cocitations,1.8053571194025417,1.1892154970553137,0.234946078574042,0.6117705026104537
ridge,A,NDC-substances,neuro-cocitations,2.1242543379282326,0.9939401934234785,-0.005390067329149438,0.3888055951329179
ridge,AB,NDC-substances,neuro-cocitations,2.1242543379282326,1.6723211683512387,0.5980151871952631,0.7128789211637715
ridge,ABC,NDC-substances,neuro-cocitations,2.1242543379282326,1.6690598097776428,0.5951142790434601,0.7128306783692941
gbt,ABC,NDC-substances,neuro-cocitations,2.1242543379282326,1.3049368721331334,0.2712347747708661,0.7299522612986842
ridge,A,NDC-substances,physics-cocitations,1.8439255034952018,1.1566768488014887,0.18565246357954093,0.5303407561696617
ridge,AB,NDC-substances,physics-cocitations,1.8439255034952018,1.3594599204836386,0.4259379755617047,0.6534896369059946
ridge,ABC,NDC-substances,physics-cocitations,1.8439255034952018,1.3585191476452836,0.4248232174053761,0.6539549353038197
gbt,ABC,NDC-substances,physics-cocitations,1.8439255034952018,1.213058663892233,0.2524614589911422,0.6490998736436874
ridge,A,NDC-substances,plant-pollinator-mpl-014,2.5834026366365537,0.9711608414478061,-0.018213408191269466,0.3099371756910112
ridge,AB,NDC-substances,plant-pollinator-mpl-014,2.5834026366365537,1.6293650992478783,0.39747634915195584,0.8373090015321748
ridge,ABC,NDC-substances,plant-pollinator-mpl-014,2.5834026366365537,1.623129595767984,0.3935383087978362,0.8381182845378649
gbt,ABC,NDC-substances,plant-pollinator-mpl-014,2.5834026366365537,1.4506636188973123,0.28461719620134457,0.8435147987590986
ridge,A,NDC-substances,plant-pollinator-mpl-015,1.4102516667953713,1.045971816409737,0.11205759812955766,0.6602300346059125
ridge,AB,NDC-substances,plant-pollinator-mpl-015,1.4102516667953713,1.289478867028271,0.705612896809167,0.8140984083832263
ridge,ABC,NDC-substances,plant-pollinator-mpl-015,1.4102516667953713,1.2880768390440274,0.7021954140840011,0.8133543992401592
gbt,ABC,NDC-substances,plant-pollinator-mpl-015,1.4102516667953713,1.2297533448798263,0.5600302533186894,0.8567563351929015
ridge,A,NDC-substances,plant-pollinator-mpl-016,3.056933205825239,0.7950107878036893,-0.0996576902039312,-0.05304600850892365
ridge,AB,NDC-substances,plant-pollinator-mpl-016,3.056933205825239,1.393931739187029,0.1915141133758809,0.46939275248789597
ridge,ABC,NDC-substances,plant-pollinator-mpl-016,3.056933205825239,1.3959954962525896,0.19251743086801726,0.47389189418904026
gbt,ABC,NDC-substances,plant-pollinator-mpl-016,3.056933205825239,1.525310917342674,0.2553855010240451,0.7558757007250665
ridge,A,NDC-substances,plant-pollinator-mpl-021,2.745487382389059,1.1129831054691464,0.06472868644544753,0.43070237591475136
ridge,AB,NDC-substances,plant-pollinator-mpl-021,2.745487382389059,1.9085392986064784,0.5205075142754428,0.8164484006802082
ridge,ABC,NDC-substances,plant-pollinator-mpl-021,2.745487382389059,1.9067113563594642,0.5194602753979481,0.8162405202316274
gbt,ABC,NDC-substances,plant-pollinator-mpl-021,2.745487382389059,1.784693935900214,0.44955577669441465,0.8761669287458297
ridge,A,NDC-substances,plant-pollinator-mpl-034,5.693354349219635,0.7941298884188668,-0.04386417394956835,-0.27236068521744095
ridge,AB,NDC-substances,plant-pollinator-mpl-034,5.693354349219635,1.7664736095857325,0.1633104071319853,0.24987534651819965
ridge,ABC,NDC-substances,plant-pollinator-mpl-034,5.693354349219635,1.768924791127249,0.16383267358772907,0.26306187390918473
gbt,ABC,NDC-substances,plant-pollinator-mpl-034,5.693354349219635,1.3016745060705897,0.06427695068895643,0.5322665121874199
ridge,A,NDC-substances,plant-pollinator-mpl-044,2.6781507980073496,1.0700045364731525,0.0417152836063818,0.48991939611513796
ridge,AB,NDC-substances,plant-pollinator-mpl-044,2.6781507980073496,1.9684928043610763,0.5771190559937003,0.8276288214613511
ridge,ABC,NDC-substances,plant-pollinator-mpl-044,2.6781507980073496,1.9656359192955635,0.5754166553102187,0.8279730338900159
gbt,ABC,NDC-substances,plant-pollinator-mpl-044,2.6781507980073496,1.607206974795148,0.3618309960679045,0.8730440937867956
ridge,A,NDC-substances,plant-pollinator-mpl-049,3.7357043527991034,0.935479408516559,-0.02358463604352027,-0.01796212887592604
ridge,AB,NDC-substances,plant-pollinator-mpl-049,3.7357043527991034,1.7681181963320913,0.28077529486918873,0.5198924979935728
ridge,ABC,NDC-substances,plant-pollinator-mpl-049,3.7357043527991034,1.7715725169417367,0.2820379753946303,0.5246500994445169
gbt,ABC,NDC-substances,plant-pollinator-mpl-049,3.7357043527991034,1.922321533228266,0.33714225452928415,0.8191772859274653
ridge,A,NDC-substances,plant-pollinator-mpl-057,1.8564782392421568,1.0703301583696148,0.08211552278531378,0.6586470156112844
ridge,AB,NDC-substances,plant-pollinator-mpl-057,1.8564782392421568,1.4854217717611848,0.56676486280691,0.8631026523411889
ridge,ABC,NDC-substances,plant-pollinator-mpl-057,1.8564782392421568,1.4836127844089757,0.5646527398488185,0.8628457256793964
gbt,ABC,NDC-substances,plant-pollinator-mpl-057,1.8564782392421568,1.5685540312664659,0.6638277602587349,0.8846876734259169
ridge,A,NDC-substances,plant-pollinator-mpl-062,1.2434886859657044,1.0724129823853208,0.29739772958288596,0.8060138359419807
ridge,AB,NDC-substances,plant-pollinator-mpl-062,1.2434886859657044,1.1295946432432054,0.532240924169507,0.7063036792474275
ridge,ABC,NDC-substances,plant-pollinator-mpl-062,1.2434886859657044,1.1289318057852957,0.5295186725984299,0.7060730598635465
gbt,ABC,NDC-substances,plant-pollinator-mpl-062,1.2434886859657044,1.0637381302265496,0.2617703979704716,0.7253129027284703
ridge,A,NDC-substances,senate-committees,1.3189930045470284,1.0990585459566524,0.31053516705582945,0.8151967719616439
ridge,AB,NDC-substances,senate-committees,1.3189930045470284,1.196862121429746,0.6171361710871719,0.879944220460031
ridge,ABC,NDC-substances,senate-committees,1.3189930045470284,1.1950780657123665,0.611543397289788,0.8784591309228901
gbt,ABC,NDC-substances,senate-committees,1.3189930045470284,1.2315776445808693,0.7259646490044841,0.8958119376564254
ridge,A,DAWN,contact-primary-school,1.1318799492854903,1.0301390131330586,0.22853370278308496,0.7573832782409531
ridge,AB,DAWN,contact-primary-school,1.1318799492854903,1.0359761211879428,0.27279447241871946,0.7219156825362195
ridge,ABC,DAWN,contact-primary-school,1.1318799492854903,1.0355869360623962,0.26984341634343884,0.7317113304212409
gbt,ABC,DAWN,contact-primary-school,1.1318799492854903,1.0244722324548292,0.18556446667910342,0.6388091520062006
ridge,A,DAWN,contact-high-school,1.3149893580660719,0.9903045353952816,-0.03078029259224898,0.3586780280332495
ridge,AB,DAWN,contact-high-school,1.3149893580660719,0.9863547974627637,-0.04331956679747298,0.3168894736394429
ridge,ABC,DAWN,contact-high-school,1.3149893580660719,0.9875734893852111,-0.03945057284183668,0.32515464312920433
gbt,ABC,DAWN,contact-high-school,1.3149893580660719,1.0238166719997313,0.07561103697584441,0.3667787202435087
ridge,A,DAWN,email-Enron,1.80346655331272,1.0255166535857567,0.031758202604141625,0.4612961999623471
ridge,AB,DAWN,email-Enron,1.80346655331272,1.1383391082330687,0.17217780586222517,0.57648129185762
ridge,ABC,DAWN,email-Enron,1.80346655331272,1.1563468621324935,0.19459038025648986,0.5916795765600754
gbt,ABC,DAWN,email-Enron,1.80346655331272,1.543029386388459,0.6758581102717098,0.7049863883544925
ridge,A,DAWN,email-Eu,1.6725121109900603,1.2127590427693837,0.316364626439461,0.7974863884129682
ridge,AB,DAWN,email-Eu,1.6725121109900603,1.3352097374523748,0.4984441647584384,0.8487221677107205
ridge,ABC,DAWN,email-Eu,1.6725121109900603,1.3550475330706553,0.5279422143758284,0.8525547993138957
gbt,ABC,DAWN,email-Eu,1.6725121109900603,1.343651902039619,0.5109973432801095,0.7131482237331925
ridge,A,DAWN,NDC-classes,4.08325149712881,1.8785099831912873,0.2849297191647761,0.6975451818817624
ridge,AB,DAWN,NDC-classes,4.08325149712881,2.003052845559147,0.3253230709506543,0.7265137798039146
ridge,ABC,DAWN,NDC-classes,4.08325149712881,2.0615118345064793,0.34428324627263845,0.7390878969344092
gbt,ABC,DAWN,NDC-classes,4.08325149712881,2.1049442079801644,0.3583697953310368,0.8051603581799774
ridge,A,DAWN,NDC-substances,1.9382074303228396,1.5813325663850228,0.6196205099174975,0.9207543037282965
ridge,AB,DAWN,NDC-substances,1.9382074303228396,1.6551581502577601,0.6983084220856347,0.9363518002047257
ridge,ABC,DAWN,NDC-substances,1.9382074303228396,1.6562614586056101,0.6994843969417177,0.9377408902354707
gbt,ABC,DAWN,NDC-substances,1.9382074303228396,1.6804605163516775,0.7252772621055977,0.9415999561031821
ridge,A,DAWN,congress-bills,1.066851977621039,1.0177149703289952,0.2649879773103388,0.8785945541770072
ridge,AB,DAWN,congress-bills,1.066851977621039,1.037946879506203,0.5676253845669442,0.8871466133762647
ridge,ABC,DAWN,congress-bills,1.066851977621039,1.0387010000455918,0.5789058367872763,0.9003381658464885
gbt,ABC,DAWN,congress-bills,1.066851977621039,1.0548147807312587,0.8199425459331198,0.881742455915906
ridge,A,DAWN,tags-math-sx,1.1319030898951705,1.0804209286437751,0.6096970791790349,0.9665003770439051
ridge,AB,DAWN,tags-math-sx,1.1319030898951705,1.1026931182850122,0.7785497547224035,0.9666618086516497
ridge,ABC,DAWN,tags-math-sx,1.1319030898951705,1.1013885634597784,0.7686595025208022,0.9666501796415963
gbt,ABC,DAWN,tags-math-sx,1.1319030898951705,1.0740873511015236,0.561680178685763,0.9177918959862892
ridge,A,DAWN,tags-ask-ubuntu,1.1923896562998082,1.1344990401467594,0.699097044682924,0.9698181443813502
ridge,AB,DAWN,tags-ask-ubuntu,1.1923896562998082,1.161392913574815,0.8388856068400585,0.9715447320087748
ridge,ABC,DAWN,tags-ask-ubuntu,1.1923896562998082,1.158630646761465,0.8245279388319342,0.9718827452802824
gbt,ABC,DAWN,tags-ask-ubuntu,1.1923896562998082,1.1231957489928996,0.6403449715660335,0.9364045644617192
ridge,A,DAWN,cs-cocitations,1.498426821066899,1.1288678900050002,0.2585492685348559,0.6811557370627317
ridge,AB,DAWN,cs-cocitations,1.498426821066899,1.163971634159789,0.32897835194503044,0.6810933199673993
ridge,ABC,DAWN,cs-cocitations,1.498426821066899,1.1636026939177957,0.3282381424972251,0.6811729953705571
gbt,ABC,DAWN,cs-cocitations,1.498426821066899,1.1685418223839836,0.33814757806013396,0.6379176693223677
ridge,A,DAWN,diseasome,3.9900640519565753,1.7432830179705556,0.24858431292941088,0.48867939269201677
ridge,AB,DAWN,diseasome,3.9900640519565753,1.9891024100329966,0.3307963952764719,0.5874765494024886
ridge,ABC,DAWN,diseasome,3.9900640519565753,1.9677776557217288,0.32366452320258987,0.5884275834534103
gbt,ABC,DAWN,diseasome,3.9900640519565753,1.66137757328743,0.22119177442190635,0.6082258981092926
ridge,A,DAWN,hospital-lyon,1.0879241574641232,1.0216755729960973,0.24652579701934485,0.8924839635394713
ridge,AB,DAWN,hospital-lyon,1.0879241574641232,1.0384223726216364,0.4369944930926903,0.9034948615591155
ridge,ABC,DAWN,hospital-lyon,1.0879241574641232,1.0359608601200556,0.40899863197130076,0.9021595969129045
gbt,ABC,DAWN,hospital-lyon,1.0879241574641232,1.070909056628701,0.8064797966091956,0.8775556968463271
ridge,A,DAWN,house-committees,6.46048355911533,1.263956048235976,0.04833931745758068,0.2314681526586148
ridge,AB,DAWN,house-committees,6.46048355911533,1.392691546082696,0.07191515949666502,0.29305940652327855
ridge,ABC,DAWN,house-committees,6.46048355911533,1.4024735062369509,0.07370656863623208,0.29574457577306795
gbt,ABC,DAWN,house-committees,6.46048355911533,1.3631895163378074,0.06651233584093949,0.31087089425901654
ridge,A,DAWN,hypertext-conference,1.1388262015279327,1.0515357869336963,0.3712252180531425,0.912382197988258
ridge,AB,DAWN,hypertext-conference,1.1388262015279327,1.0654387498009172,0.4713717517348522,0.9271231144871555
ridge,ABC,DAWN,hypertext-conference,1.1388262015279327,1.064652296078673,0.46570672803191715,0.9280875096629416
gbt,ABC,DAWN,hypertext-conference,1.1388262015279327,1.087729705829436,0.6319391070552643,0.8712147935359879
ridge,A,DAWN,invs13,1.2663198563455473,1.015917353624576,0.0597678064376973,0.5927981299287616
ridge,AB,DAWN,invs13,1.2663198563455473,1.0229490247662445,0.08617091147897124,0.595706402974055
ridge,ABC,DAWN,invs13,1.2663198563455473,1.0223965100947485,0.08409628332665244,0.596724443445351
gbt,ABC,DAWN,invs13,1.2663198563455473,1.057364735423167,0.21539789113109475,0.5464771201917583
ridge,A,DAWN,math-cocitations,1.8053571194025417,1.1125179539127708,0.13971187588959635,0.5558353139531167
ridge,AB,DAWN,math-cocitations,1.8053571194025417,1.1748720259266903,0.21713600303976946,0.5979658970402398
ridge,ABC,DAWN,math-cocitations,1.8053571194025417,1.1781968250004962,0.221264356777143,0.6035998975495603
gbt,ABC,DAWN,math-cocitations,1.8053571194025417,1.2779450061323268,0.3451201950490258,0.6197889579590131
ridge,A,DAWN,neuro-cocitations,2.1242543379282326,0.9017419657878032,-0.08739840345492104,0.3625582423432631
ridge,AB,DAWN,neuro-cocitations,2.1242543379282326,1.050847187791741,0.04522747751673498,0.45338153583977625
ridge,ABC,DAWN,neuro-cocitations,2.1242543379282326,1.067437470898131,0.059984176732112204,0.46376884489835934
gbt,ABC,DAWN,neuro-cocitations,2.1242543379282326,1.5063911481713779,0.450424010908912,0.7216381357040538
ridge,A,DAWN,physics-cocitations,1.8439255034952018,1.1089130333930124,0.12905526962029015,0.5508155298881959
ridge,AB,DAWN,physics-cocitations,1.8439255034952018,1.1666520230255082,0.1974724336867439,0.5977496154315172
ridge,ABC,DAWN,physics-cocitations,1.8439255034952018,1.1683339693845693,0.19946543704082575,0.5995357318034917
gbt,ABC,DAWN,physics-cocitations,1.8439255034952018,1.3083523610113643,0.3653786498148145,0.6654113216422174
ridge,A,DAWN,plant-pollinator-mpl-014,2.5834026366365537,0.9757260168127536,-0.015330265736331544,0.19475175944667752
ridge,AB,DAWN,plant-pollinator-mpl-014,2.5834026366365537,1.1079456890413808,0.06817324068038552,0.4259214462113102
ridge,ABC,DAWN,plant-pollinator-mpl-014,2.5834026366365537,1.106683548093562,0.06737613391889884,0.4272681889572284
gbt,ABC,DAWN,plant-pollinator-mpl-014,2.5834026366365537,1.3753755681817912,0.237068929592766,0.7900087092938881
ridge,A,DAWN,plant-pollinator-mpl-015,1.4102516667953713,1.0327485427048555,0.07982549580033782,0.6645264101001461
ridge,AB,DAWN,plant-pollinator-mpl-015,1.4102516667953713,1.0831493176015903,0.20267880506397595,0.750820494372308
ridge,ABC,DAWN,plant-pollinator-mpl-015,1.4102516667953713,1.0882364592795746,0.2150788562757647,0.7611273348686729
gbt,ABC,DAWN,plant-pollinator-mpl-015,1.4102516667953713,1.2614403456642667,0.6372682107704148,0.8457116829314805
ridge,A,DAWN,plant-pollinator-mpl-016,3.056933205825239,0.8266627748188173,-0.08426973938205251,-0.0221819463331154
ridge,AB,DAWN,plant-pollinator-mpl-016,3.056933205825239,0.9337915914145923,-0.03218792345706964,0.10848097039442534
ridge,ABC,DAWN,plant-pollinator-mpl-016,3.056933205825239,0.9637514220426988,-0.01762263249708116,0.1492288330392685
gbt,ABC,DAWN,plant-pollinator-mpl-016,3.056933205825239,1.2274509980475767,0.11057772678443571,0.32702756424776297
ridge,A,DAWN,plant-pollinator-mpl-021,2.745487382389059,1.063888421205832,0.03660205272775302,0.374954260232708
ridge,AB,DAWN,plant-pollinator-mpl-021,2.745487382389059,1.1991731830757257,0.11410748945266865,0.5146735301811209
ridge,ABC,DAWN,plant-pollinator-mpl-021,2.745487382389059,1.2062537701264189,0.11816399946937349,0.5204708081413884
gbt,ABC,DAWN,plant-pollinator-mpl-021,2.745487382389059,1.7317860200860336,0.41924452016630087,0.7361358836493936
ridge,A,DAWN,plant-pollinator-mpl-034,5.693354349219635,0.828187399003161,-0.036607634585572334,-0.19546122184243284
ridge,AB,DAWN,plant-pollinator-mpl-034,5.693354349219635,0.9732433292733168,-0.005700969655345123,-0.08612705515245461
ridge,ABC,DAWN,plant-pollinator-mpl-034,5.693354349219635,1.0149858445468176,0.003192992352965916,0.03162244002866332
gbt,ABC,DAWN,plant-pollinator-mpl-034,5.693354349219635,1.7957288804171383,0.16954374658488003,0.16404207734685086
ridge,A,DAWN,plant-pollinator-mpl-044,2.6781507980073496,1.1013440534121528,0.06039031386958168,0.48938913551073276
ridge,AB,DAWN,plant-pollinator-mpl-044,2.6781507980073496,1.2551592942887713,0.15204789378388972,0.5833735022102978
ridge,ABC,DAWN,plant-pollinator-mpl-044,2.6781507980073496,1.2687770783645584,0.16016264967588528,0.590400103593414
gbt,ABC,DAWN,plant-pollinator-mpl-044,2.6781507980073496,1.8589757713254436,0.51185851256359,0.8387078432856787
ridge,A,DAWN,plant-pollinator-mpl-049,3.7357043527991034,0.9642142785410828,-0.013080990064698397,0.049101609947069635
ridge,AB,DAWN,plant-pollinator-mpl-049,3.7357043527991034,1.0854979648330267,0.03125263325532505,0.1916964383600453
ridge,ABC,DAWN,plant-pollinator-mpl-049,3.7357043527991034,1.130511263605065,0.047706640328853196,0.2710545242526895
gbt,ABC,DAWN,plant-pollinator-mpl-049,3.7357043527991034,1.5231675902323127,0.19123688921173843,0.5279330787321612
ridge,A,DAWN,plant-pollinator-mpl-057,1.8564782392421568,1.0751204216203447,0.08770849996937925,0.6495508088315922
ridge,AB,DAWN,plant-pollinator-mpl-057,1.8564782392421568,1.1513560107463094,0.1767190382796354,0.7234059389290863
ridge,ABC,DAWN,plant-pollinator-mpl-057,1.8564782392421568,1.1588566074790727,0.18547652491397193,0.7295667795225375
gbt,ABC,DAWN,plant-pollinator-mpl-057,1.8564782392421568,1.5675076431357482,0.6626060267893084,0.8723271584457706
ridge,A,DAWN,plant-pollinator-mpl-062,1.2434886859657044,1.0365361622025593,0.15005281275248017,0.7740843136932158
ridge,AB,DAWN,plant-pollinator-mpl-062,1.2434886859657044,1.0550752431539292,0.2261922065721222,0.8175016457586816
ridge,ABC,DAWN,plant-pollinator-mpl-062,1.2434886859657044,1.054032419327629,0.22190936352270363,0.8141711001810553
gbt,ABC,DAWN,plant-pollinator-mpl-062,1.2434886859657044,1.0412773576779144,0.16952474614663762,0.5307434767378225
ridge,A,DAWN,senate-committees,1.3189930045470284,1.0700265551950354,0.21952379581011022,0.823784424375436
ridge,AB,DAWN,senate-committees,1.3189930045470284,1.1002914228414473,0.3144000696311871,0.8563058803799773
ridge,ABC,DAWN,senate-committees,1.3189930045470284,1.1013772200955152,0.31780389742236304,0.8574353118029359
gbt,ABC,DAWN,senate-committees,1.3189930045470284,1.1701415465195137,0.53337077645673,0.8205211789136588
ridge,A,congress-bills,contact-primary-school,1.1318799492854903,1.0338946592548717,0.25701146716016243,0.7226254201552218
ridge,AB,congress-bills,contact-primary-school,1.1318799492854903,1.0326163936847648,0.2473188218639487,0.7157067418910324
ridge,ABC,congress-bills,contact-primary-school,1.1318799492854903,1.030106919285621,0.22829034624851308,0.7481049774547924
gbt,ABC,congress-bills,contact-primary-school,1.1318799492854903,1.00638662264986,0.04842754857324294,0.50244259764713
ridge,A,congress-bills,contact-high-school,1.3149893580660719,1.0021755600696414,0.006906773241478925,0.3705405756773088
ridge,AB,congress-bills,contact-high-school,1.3149893580660719,0.9762372024611916,-0.0754400011629089,0.3041918223787708
ridge,ABC,congress-bills,contact-high-school,1.3149893580660719,0.9843673130721904,-0.04962925421921879,0.34041825946271903
gbt,ABC,congress-bills,contact-high-school,1.3149893580660719,1.0049634034453638,0.01575736868012765,0.10311517834480875
ridge,A,congress-bills,email-Enron,1.80346655331272,0.9979134893724732,-0.00259688548194582,0.38458186676708717
ridge,AB,congress-bills,email-Enron,1.80346655331272,1.0187741875848222,0.02336648303207591,0.4099512828696257
ridge,ABC,congress-bills,email-Enron,1.80346655331272,1.0975207059227778,0.12137494152145678,0.4871093147997657
gbt,ABC,congress-bills,email-Enron,1.80346655331272,1.0252553759135,0.03143301461569387,0.32681351128908626
ridge,A,congress-bills,email-Eu,1.6725121109900603,1.2239162040471117,0.33295490205740125,0.7994124598317872
ridge,AB,congress-bills,email-Eu,1.6725121109900603,1.241955567814334,0.35977875172854695,0.7592969269445082
ridge,ABC,congress-bills,email-Eu,1.6725121109900603,1.3130395121175433,0.4654778806238778,0.7817389882937561
gbt,ABC,congress-bills,email-Eu,1.6725121109900603,1.3379589167715304,0.502532090126962,0.794309274968363
ridge,A,congress-bills,NDC-classes,4.08325149712881,1.6291784643490343,0.20406329646963242,0.7448405589598982
ridge,AB,congress-bills,NDC-classes,4.08325149712881,2.1697652833997765,0.3793934048160155,0.7638784202018022
ridge,ABC,congress-bills,NDC-classes,4.08325149712881,2.291327058091512,0.41881989169356554,0.767835587460107
gbt,ABC,congress-bills,NDC-classes,4.08325149712881,1.2777681369444494,0.09008935443738957,0.5442262899075905
ridge,A,congress-bills,NDC-substances,1.9382074303228396,1.6506782822422568,0.693533499322593,0.9400829511407286
ridge,AB,congress-bills,NDC-substances,1.9382074303228396,1.6609498277826924,0.7044815532480465,0.917899087847242
ridge,ABC,congress-bills,NDC-substances,1.9382074303228396,1.6356952566960468,0.6775636561280509,0.9179722681643903
gbt,ABC,congress-bills,NDC-substances,1.9382074303228396,1.6460621829544988,0.6886133727721461,0.8984235471994563
ridge,A,congress-bills,DAWN,1.0417909408473682,1.0246535041870644,0.589924602968514,0.9605577173093671
ridge,AB,congress-bills,DAWN,1.0417909408473682,1.0393514001932365,0.9416251320341978,0.9539447105276743
ridge,ABC,congress-bills,DAWN,1.0417909408473682,1.0348570458736008,0.8340813862245445,0.9641366092738136
gbt,ABC,congress-bills,DAWN,1.0417909408473682,1.09055752967287,2.1669177060073976,0.8707535906434162
ridge,A,congress-bills,tags-math-sx,1.1319030898951705,1.0918322189812373,0.69620976319979,0.9356533446171712
ridge,AB,congress-bills,tags-math-sx,1.1319030898951705,1.087666113713295,0.6646251712751182,0.9380089049326696
ridge,ABC,congress-bills,tags-math-sx,1.1319030898951705,1.0814307899170816,0.6173531642192647,0.9439739722673756
gbt,ABC,congress-bills,tags-math-sx,1.1319030898951705,1.0474313579641392,0.35959247051630944,0.8039338623540784
ridge,A,congress-bills,tags-ask-ubuntu,1.1923896562998082,1.1424887759951385,0.7406259709362587,0.9386643246145456
ridge,AB,congress-bills,tags-ask-ubuntu,1.1923896562998082,1.135919451168331,0.7064800352703086,0.9450518954435326
ridge,ABC,congress-bills,tags-ask-ubuntu,1.1923896562998082,1.1253336225857362,0.6514571780845848,0.9508124948469071
gbt,ABC,congress-bills,tags-ask-ubuntu,1.1923896562998082,1.0675744543803214,0.35123746089040003,0.8339626716795944
ridge,A,congress-bills,cs-cocitations,1.498426821066899,1.0867437704939884,0.174035117749704,0.6230257660866731
ridge,AB,congress-bills,cs-cocitations,1.498426821066899,1.1163408727526833,0.23341615626472886,0.6436039149335278
ridge,ABC,congress-bills,cs-cocitations,1.498426821066899,1.1221174038911912,0.2450056833414279,0.6555314183422006
gbt,ABC,congress-bills,cs-cocitations,1.498426821066899,1.0028899179596067,0.00579807874989698,0.42461008106236575
ridge,A,congress-bills,diseasome,3.9900640519565753,1.0,0.0,
ridge,AB,congress-bills,diseasome,3.9900640519565753,1.4842617465018637,0.16195698088306257,0.4997195447234881
ridge,ABC,congress-bills,diseasome,3.9900640519565753,1.7163867945162723,0.23958911316548492,0.44404318461844206
gbt,ABC,congress-bills,diseasome,3.9900640519565753,0.9826095227432055,-0.005816088536770619,-0.09569682393702676
ridge,A,congress-bills,hospital-lyon,1.0879241574641232,1.0052674079252717,0.05990854023731785,0.7933140742420804
ridge,AB,congress-bills,hospital-lyon,1.0879241574641232,1.0381460864265326,0.4338521690366819,0.8842987871128535
ridge,ABC,congress-bills,hospital-lyon,1.0879241574641232,1.0275630671008096,0.3134868493002789,0.8709917781449522
gbt,ABC,congress-bills,hospital-lyon,1.0879241574641232,1.0258938604052923,0.2945022295591299,0.5475517463437678
ridge,A,congress-bills,house-committees,6.46048355911533,1.0235266722097238,0.004308532743487547,0.11331957851965083
ridge,AB,congress-bills,house-committees,6.46048355911533,1.3119904260638884,0.05713604348154743,0.218628364766222
ridge,ABC,congress-bills,house-committees,6.46048355911533,1.3439797526030703,0.06299437565906701,0.22702161271540872
gbt,ABC,congress-bills,house-committees,6.46048355911533,1.1466202306156463,0.026851144047652938,0.06854605169748954
ridge,A,congress-bills,hypertext-conference,1.1388262015279327,1.0450374921360532,0.3244163683826746,0.8809062409008002
ridge,AB,congress-bills,hypertext-conference,1.1388262015279327,1.0594244914353375,0.42804953806490836,0.8969136265977359
ridge,ABC,congress-bills,hypertext-conference,1.1388262015279327,1.0558931775764209,0.4026125973429794,0.9044363400939387
gbt,ABC,congress-bills,hypertext-conference,1.1388262015279327,1.0261696228083779,0.18850636638006968,0.8172437649427023
ridge,A,congress-bills,invs13,1.2663198563455473,1.0,0.0,
ridge,AB,congress-bills,invs13,1.2663198563455473,1.008431893730311,0.03166077755528168,0.5673521826915895
ridge,ABC,congress-bills,invs13,1.2663198563455473,1.0135014229718617,0.05069626860395938,0.5837019298454665
gbt,ABC,congress-bills,invs13,1.2663198563455473,0.9969282398955983,-0.01153410093619197,0.07725068384040537
ridge,A,congress-bills,math-cocitations,1.8053571194025417,1.0,0.0,
ridge,AB,congress-bills,math-cocitations,1.8053571194025417,1.0530573294741064,0.06588049971355217,0.4412945944067178
ridge,ABC,congress-bills,math-cocitations,1.8053571194025417,1.1208597420573043,0.15006975060574956,0.5441020324061882
gbt,ABC,congress-bills,math-cocitations,1.8053571194025417,1.0020907379589175,0.002596038339449311,0.11516299207797626
ridge,A,congress-bills,neuro-cocitations,2.1242543379282326,0.9688111684068271,-0.027741793418958396,0.2656160789487272
ridge,AB,congress-bills,neuro-cocitations,2.1242543379282326,0.7949734575140256,-0.18236669014219306,0.24256304296686954
ridge,ABC,congress-bills,neuro-cocitations,2.1242543379282326,0.8974885109677998,-0.0911817598330175,0.3432272172052999
gbt,ABC,congress-bills,neuro-cocitations,2.1242543379282326,1.0505806171096042,0.044990368640972944,0.18909086739463757
ridge,A,congress-bills,physics-cocitations,1.8439255034952018,0.9996654034739805,-0.00039647637692398333,0.10635233875863412
ridge,AB,congress-bills,physics-cocitations,1.8439255034952018,1.0467159696768424,0.055355560986560526,0.42268473637348153
ridge,ABC,congress-bills,physics-cocitations,1.8439255034952018,1.0912804218280332,0.10816170556522609,0.49556275704543923
gbt,ABC,congress-bills,physics-cocitations,1.8439255034952018,1.0084761197325316,0.010043682407305975,0.374222071343403
ridge,A,congress-bills,plant-pollinator-mpl-014,2.5834026366365537,1.0,0.0,
ridge,AB,congress-bills,plant-pollinator-mpl-014,2.5834026366365537,0.881493216821567,-0.0748431134548088,-0.09375634786822795
ridge,ABC,congress-bills,plant-pollinator-mpl-014,2.5834026366365537,0.8852498853455065,-0.07247058454964077,-0.013449530089366548
gbt,ABC,congress-bills,plant-pollinator-mpl-014,2.5834026366365537,1.0058976883382227,0.003724692760870026,-0.03126491810699594
ridge,A,congress-bills,plant-pollinator-mpl-015,1.4102516667953713,1.0417524613780402,0.10177280132506047,0.6442365151448506
ridge,AB,congress-bills,plant-pollinator-mpl-015,1.4102516667953713,1.0648586590033131,0.15809480924221048,0.6798402059602893
ridge,ABC,congress-bills,plant-pollinator-mpl-015,1.4102516667953713,1.081132826082274,0.1977635501545494,0.7184775623471852
gbt,ABC,congress-bills,plant-pollinator-mpl-015,1.4102516667953713,1.136829917538626,0.33352678029916505,0.6135517136105065
ridge,A,congress-bills,plant-pollinator-mpl-016,3.056933205825239,1.0,0.0,
ridge,AB,congress-bills,plant-pollinator-mpl-016,3.056933205825239,0.8179852330604702,-0.08848841878971257,-0.08340734000026252
ridge,ABC,congress-bills,plant-pollinator-mpl-016,3.056933205825239,0.9277795503494883,-0.03511074129484769,0.05884196557393666
gbt,ABC,congress-bills,plant-pollinator-mpl-016,3.056933205825239,1.1375581695241794,0.06687537015524589,0.41037601081799163
ridge,A,congress-bills,plant-pollinator-mpl-021,2.745487382389059,1.0149936887071078,0.008589972553445716,0.33666472741703285
ridge,AB,congress-bills,plant-pollinator-mpl-021,2.745487382389059,0.9788125508269478,-0.01213841439750356,0.2085239583691381
ridge,ABC,congress-bills,plant-pollinator-mpl-021,2.745487382389059,1.031882128823945,0.018265459347123883,0.2601354947530911
gbt,ABC,congress-bills,plant-pollinator-mpl-021,2.745487382389059,1.1041196174996613,0.05965074199342084,0.1909822125091921
ridge,A,congress-bills,plant-pollinator-mpl-034,5.693354349219635,1.0,0.0,
ridge,AB,congress-bills,plant-pollinator-mpl-034,5.693354349219635,0.902725076331395,-0.020726098314903272,0.06668554963498403
ridge,ABC,congress-bills,plant-pollinator-mpl-034,5.693354349219635,1.0387330853366905,0.0082527511145905,0.24507519770782724
gbt,ABC,congress-bills,plant-pollinator-mpl-034,5.693354349219635,1.2491382161468791,0.05308318903905123,0.6923539738840655
ridge,A,congress-bills,plant-pollinator-mpl-044,2.6781507980073496,0.9168464583640213,-0.049550696954478626,0.1445092003543889
ridge,AB,congress-bills,plant-pollinator-mpl-044,2.6781507980073496,0.9705971011892546,-0.017521011130619893,0.38201786268337945
ridge,ABC,congress-bills,plant-pollinator-mpl-044,2.6781507980073496,1.0733320546301572,0.04369813172763279,0.44005625093968287
gbt,ABC,congress-bills,plant-pollinator-mpl-044,2.6781507980073496,1.0744566583822928,0.04436827636151842,0.08386251020247848
ridge,A,congress-bills,plant-pollinator-mpl-049,3.7357043527991034,0.9779703693466021,-0.008052635742914893,0.04534590626717411
ridge,AB,congress-bills,plant-pollinator-mpl-049,3.7357043527991034,1.0091312631708873,0.003337810667130177,0.09646395862671041
ridge,ABC,congress-bills,plant-pollinator-mpl-049,3.7357043527991034,1.168285014957962,0.06151432803247801,0.3193317949486354
gbt,ABC,congress-bills,plant-pollinator-mpl-049,3.7357043527991034,1.2379100497983908,0.08696482481923432,0.31551380414432745
ridge,A,congress-bills,plant-pollinator-mpl-057,1.8564782392421568,1.0487899409900188,0.056965768369304844,0.6628471372949715
ridge,AB,congress-bills,plant-pollinator-mpl-057,1.8564782392421568,1.0989059178300804,0.11547977905147476,0.618017054675504
ridge,ABC,congress-bills,plant-pollinator-mpl-057,1.8564782392421568,1.1294717864141979,0.1511676309823811,0.6480103532644231
gbt,ABC,congress-bills,plant-pollinator-mpl-057,1.8564782392421568,1.0526056596407771,0.061420894577922415,0.035594972548739334
ridge,A,congress-bills,plant-pollinator-mpl-062,1.2434886859657044,1.035730785930936,0.1467451589761696,0.693505181834771
ridge,AB,congress-bills,plant-pollinator-mpl-062,1.2434886859657044,1.0437067718238924,0.1795022698921153,0.7497176145357634
ridge,ABC,congress-bills,plant-pollinator-mpl-062,1.2434886859657044,1.040581453909476,0.16666669232915374,0.7533790356981632
gbt,ABC,congress-bills,plant-pollinator-mpl-062,1.2434886859657044,1.0345745409152864,0.14199649884412413,0.6335228169598255
ridge,A,congress-bills,senate-committees,1.3189930045470284,1.0771326976997082,0.24180059311719707,0.8203340145353301
ridge,AB,congress-bills,senate-committees,1.3189930045470284,1.0929966086078975,0.29153181192782934,0.8520951831151055
ridge,ABC,congress-bills,senate-committees,1.3189930045470284,1.0940915544808685,0.2949643194040538,0.8297547713513196
gbt,ABC,congress-bills,senate-committees,1.3189930045470284,1.1438527592116607,0.45095897766138276,0.8026543586993927
ridge,A,tags-math-sx,contact-primary-school,1.1318799492854903,1.0394800141802094,0.2993632799686941,0.7703633374706671
ridge,AB,tags-math-sx,contact-primary-school,1.1318799492854903,1.0428157663104298,0.3246571335703456,0.7722790307897286
ridge,ABC,tags-math-sx,contact-primary-school,1.1318799492854903,1.0428001096979513,0.3245384148980735,0.7725637169190759
gbt,ABC,tags-math-sx,contact-primary-school,1.1318799492854903,1.036297464073754,0.2752311042763452,0.6879529753878489
ridge,A,tags-math-sx,contact-high-school,1.3149893580660719,0.985639833481461,-0.04558937040510055,0.3401573853148859
ridge,AB,tags-math-sx,contact-high-school,1.3149893580660719,0.9874747511627441,-0.03976403810641957,0.3405041069439246
ridge,ABC,tags-math-sx,contact-high-school,1.3149893580660719,0.9875431102934622,-0.03954701766122795,0.34080760748854305
gbt,ABC,tags-math-sx,contact-high-school,1.3149893580660719,1.007154674762579,0.022714020583127985,0.32268583585968313
ridge,A,tags-math-sx,email-Enron,1.80346655331272,1.0386945693067455,0.048159527172856785,0.4816522905200678
ridge,AB,tags-math-sx,email-Enron,1.80346655331272,1.0336603499394559,0.04189390311354357,0.47570011736369167
ridge,ABC,tags-math-sx,email-Enron,1.80346655331272,1.0350167907289365,0.04358213865227004,0.477062883742821
gbt,ABC,tags-math-sx,email-Enron,1.80346655331272,1.301967678647447,0.3758310503435693,0.6837802242042872
ridge,A,tags-math-sx,email-Eu,1.6725121109900603,1.2572224878295999,0.38248008270203726,0.8183853040921643
ridge,AB,tags-math-sx,email-Eu,1.6725121109900603,1.2632768398313377,0.3914826744811275,0.820241371129834
ridge,ABC,tags-math-sx,email-Eu,1.6725121109900603,1.2648250231131866,0.39378476429713055,0.8212026474137837
gbt,ABC,tags-math-sx,email-Eu,1.6725121109900603,1.349973293468349,0.5203970125580707,0.7490243085577419
ridge,A,tags-math-sx,NDC-classes,4.08325149712881,1.8406147902033805,0.27263906009165295,0.688460483439812
ridge,AB,tags-math-sx,NDC-classes,4.08325149712881,1.8511821960505415,0.2760664178200126,0.6859853575211904
ridge,ABC,tags-math-sx,NDC-classes,4.08325149712881,1.8542110813934247,0.2770487850857721,0.6866253631602053
gbt,ABC,tags-math-sx,NDC-classes,4.08325149712881,1.6918815540664893,0.22439997344063056,0.6938047302444862
ridge,A,tags-math-sx,NDC-substances,1.9382074303228396,1.617646810661052,0.6583264965707191,0.920410855165484
ridge,AB,tags-math-sx,NDC-substances,1.9382074303228396,1.6195055293695837,0.6603076349079972,0.9180513122305985
ridge,ABC,tags-math-sx,NDC-substances,1.9382074303228396,1.619809526299316,0.6606316537975381,0.9182515862942529
gbt,ABC,tags-math-sx,NDC-substances,1.9382074303228396,1.8290479161708406,0.8836509809835583,0.9590973203921609
ridge,A,tags-math-sx,DAWN,1.0417909408473682,0.9976337021190577,-0.056622268677431635,0.9728190813138702
ridge,AB,tags-math-sx,DAWN,1.0417909408473682,0.9955831815984661,-0.10568841744112105,0.9721559031343615
ridge,ABC,tags-math-sx,DAWN,1.0417909408473682,0.9957529203778155,-0.10162680083456344,0.9722056564527816
gbt,ABC,tags-math-sx,DAWN,1.0417909408473682,1.043650078831678,1.0444866266854314,0.9782322191287685
ridge,A,tags-math-sx,congress-bills,1.066851977621039,1.014879358779363,0.22257170705867474,0.842203100213523
ridge,AB,tags-math-sx,congress-bills,1.066851977621039,1.0221790471408625,0.33176351590655895,0.8483829879799974
ridge,ABC,tags-math-sx,congress-bills,1.066851977621039,1.0222333024619699,0.3325750898201224,0.849141050421359
gbt,ABC,tags-math-sx,congress-bills,1.066851977621039,1.0564447007865938,0.8443235756847689,0.8484398099296846
ridge,A,tags-math-sx,tags-ask-ubuntu,1.1923896562998082,1.1663785945265783,0.8648001027004496,0.9774531150896226
ridge,AB,tags-math-sx,tags-ask-ubuntu,1.1923896562998082,1.1740285160251402,0.9045627471465769,0.9772538700720508
ridge,ABC,tags-math-sx,tags-ask-ubuntu,1.1923896562998082,1.1739493450895475,0.9041512336737874,0.9772635737473032
gbt,ABC,tags-math-sx,tags-ask-ubuntu,1.1923896562998082,1.205962849836649,1.0705505368526114,0.9836042903750372
ridge,A,tags-math-sx,cs-cocitations,1.498426821066899,1.1541700238664054,0.3093132579350354,0.670411924166305
ridge,AB,tags-math-sx,cs-cocitations,1.498426821066899,1.1662634874727467,0.3335765260722812,0.673745701138659
ridge,ABC,tags-math-sx,cs-cocitations,1.498426821066899,1.1663645778528609,0.3337793449733544,0.6738289856868743
gbt,ABC,tags-math-sx,cs-cocitations,1.498426821066899,1.1181199782365174,0.23698559797339505,0.6568524747288161
ridge,A,tags-math-sx,diseasome,3.9900640519565753,2.339596757321461,0.448016073918177,0.557845545859449
ridge,AB,tags-math-sx,diseasome,3.9900640519565753,2.4432814682450505,0.4826924919219126,0.5504903076166676
ridge,ABC,tags-math-sx,diseasome,3.9900640519565753,2.441754782283574,0.4821819055481934,0.5507630665244618
gbt,ABC,tags-math-sx,diseasome,3.9900640519565753,1.6999674336458597,0.23409780576032466,0.46051058504800113
ridge,A,tags-math-sx,hospital-lyon,1.0879241574641232,1.0240890627891943,0.27397547481786994,0.9070699801980251
ridge,AB,tags-math-sx,hospital-lyon,1.0879241574641232,1.0266557071394857,0.3031670465578518,0.907965179860241
ridge,ABC,tags-math-sx,hospital-lyon,1.0879241574641232,1.0265721155246148,0.3022163224647033,0.9078775094415544
gbt,ABC,tags-math-sx,hospital-lyon,1.0879241574641232,1.041903249965546,0.47658403758539714,0.8574724047793844
ridge,A,tags-math-sx,house-committees,6.46048355911533,1.3906304707335428,0.07153770659769738,0.2918276494119806
ridge,AB,tags-math-sx,house-committees,6.46048355911533,1.4055218058345453,0.07426481582525728,0.28858359060034616
ridge,ABC,tags-math-sx,house-committees,6.46048355911533,1.406175866208813,0.07438459649434763,0.28889383244422656
gbt,ABC,tags-math-sx,house-committees,6.46048355911533,1.2422624412897685,0.044366481222226806,0.24713235242328085
ridge,A,tags-math-sx,hypertext-conference,1.1388262015279327,1.0680303723597993,0.49003985999077504,0.9413276731384986
ridge,AB,tags-math-sx,hypertext-conference,1.1388262015279327,1.0728879499238426,0.5250302113119267,0.9464415591408306
ridge,ABC,tags-math-sx,hypertext-conference,1.1388262015279327,1.0728742381331653,0.5249314418395475,0.9465004838210058
gbt,ABC,tags-math-sx,hypertext-conference,1.1388262015279327,1.0551367014495991,0.3971635097896509,0.8610942525415248
ridge,A,tags-math-sx,invs13,1.2663198563455473,1.025069025068692,0.09413126536147275,0.6045964281175072
ridge,AB,tags-math-sx,invs13,1.2663198563455473,1.028295094960671,0.10624478155304523,0.6073284842757668
ridge,ABC,tags-math-sx,invs13,1.2663198563455473,1.0282897049693163,0.10622454276413644,0.6073566616335547
gbt,ABC,tags-math-sx,invs13,1.2663198563455473,1.0247235482648278,0.09283404025552362,0.5090045911036527
ridge,A,tags-math-sx,math-cocitations,1.8053571194025417,1.1400009545018857,0.17383711043089317,0.5509186538243264
ridge,AB,tags-math-sx,math-cocitations,1.8053571194025417,1.1541020531759234,0.19134623568019712,0.557184911128214
ridge,ABC,tags-math-sx,math-cocitations,1.8053571194025417,1.154460049976725,0.1917907550023423,0.5576500852046359
gbt,ABC,tags-math-sx,math-cocitations,1.8053571194025417,1.210907116473441,0.2618802409419359,0.5910853151193128
ridge,A,tags-math-sx,neuro-cocitations,2.1242543379282326,0.9660499338902641,-0.03019785200233149,0.40614973659779274
ridge,AB,tags-math-sx,neuro-cocitations,2.1242543379282326,0.9816079819779611,-0.01635930358599426,0.4159593051113572
ridge,ABC,tags-math-sx,neuro-cocitations,2.1242543379282326,0.9829634499424629,-0.015153644049025375,0.41667342338505364
gbt,ABC,tags-math-sx,neuro-cocitations,2.1242543379282326,1.395048701437374,0.35138730455367134,0.6891281057879487
ridge,A,tags-math-sx,physics-cocitations,1.8439255034952018,1.127559920031658,0.15115068747579707,0.549149408529624
ridge,AB,tags-math-sx,physics-cocitations,1.8439255034952018,1.138298831395884,0.16387563928700521,0.553842342862046
ridge,ABC,tags-math-sx,physics-cocitations,1.8439255034952018,1.1386198318356688,0.16425600513500416,0.554205206309684
gbt,ABC,tags-math-sx,physics-cocitations,1.8439255034952018,1.224388593761356,0.2658867315089165,0.6709440683200424
ridge,A,tags-math-sx,plant-pollinator-mpl-014,2.5834026366365537,1.034137513038507,0.02155959087640628,0.30912048299308165
ridge,AB,tags-math-sx,plant-pollinator-mpl-014,2.5834026366365537,1.0356893185145395,0.02253963564842253,0.3133225194766419
ridge,ABC,tags-math-sx,plant-pollinator-mpl-014,2.5834026366365537,1.036189622215525,0.02285560310319964,0.31406157743007457
gbt,ABC,tags-math-sx,plant-pollinator-mpl-014,2.5834026366365537,1.3785313179462262,0.2390619474717424,0.5905174758996299
ridge,A,tags-math-sx,plant-pollinator-mpl-015,1.4102516667953713,1.033765449185251,0.08230423400593483,0.6616555019775378
ridge,AB,tags-math-sx,plant-pollinator-mpl-015,1.4102516667953713,1.0266939413901863,0.06506723445806487,0.6463658824812932
ridge,ABC,tags-math-sx,plant-pollinator-mpl-015,1.4102516667953713,1.0271679240692377,0.06622258059657994,0.6473633061665464
gbt,ABC,tags-math-sx,plant-pollinator-mpl-015,1.4102516667953713,1.1953843521393719,0.47625486488718477,0.6182633120971319
ridge,A,tags-math-sx,plant-pollinator-mpl-016,3.056933205825239,0.8306436439175128,-0.08233439744317884,-0.02088473617062932
ridge,AB,tags-math-sx,plant-pollinator-mpl-016,3.056933205825239,0.8002922951512947,-0.09709002911865715,-0.04408813426505575
ridge,ABC,tags-math-sx,plant-pollinator-mpl-016,3.056933205825239,0.8021761530864976,-0.09617417150603864,-0.0420378908366152
gbt,ABC,tags-math-sx,plant-pollinator-mpl-016,3.056933205825239,1.3135818779209771,0.152451171984055,0.5245605166917156
ridge,A,tags-math-sx,plant-pollinator-mpl-021,2.745487382389059,1.0978762915306215,0.05607390378076388,0.43694172457895697
ridge,AB,tags-math-sx,plant-pollinator-mpl-021,2.745487382389059,1.0676733605693218,0.03877046677742058,0.41490735777896687
ridge,ABC,tags-math-sx,plant-pollinator-mpl-021,2.745487382389059,1.0686911936369907,0.03935358933558871,0.41585336251033517
gbt,ABC,tags-math-sx,plant-pollinator-mpl-021,2.745487382389059,1.514452051683994,0.29473260985700195,0.6444309958684978
ridge,A,tags-math-sx,plant-pollinator-mpl-034,5.693354349219635,0.8251686985473407,-0.03725082072307807,-0.22642542630861062
ridge,AB,tags-math-sx,plant-pollinator-mpl-034,5.693354349219635,0.7743135532047473,-0.048086385557650824,-0.2523499755744167
ridge,ABC,tags-math-sx,plant-pollinator-mpl-034,5.693354349219635,0.7767656587996644,-0.0475639222164107,-0.2480434735100619
gbt,ABC,tags-math-sx,plant-pollinator-mpl-034,5.693354349219635,1.353088789939732,0.07523164961930481,0.051468611263197905
ridge,A,tags-math-sx,plant-pollinator-mpl-044,2.6781507980073496,1.1389396999918584,0.08279333428011153,0.5249323929384847
ridge,AB,tags-math-sx,plant-pollinator-mpl-044,2.6781507980073496,1.1034088113790763,0.06162069076382457,0.5067483765129127
ridge,ABC,tags-math-sx,plant-pollinator-mpl-044,2.6781507980073496,1.1049060417098389,0.06251288134201359,0.5075448748538035
gbt,ABC,tags-math-sx,plant-pollinator-mpl-044,2.6781507980073496,1.669520689223494,0.39896336492434914,0.7697752377827335
ridge,A,tags-math-sx,plant-pollinator-mpl-049,3.7357043527991034,0.9542636907359519,-0.01671829385264234,0.0281608845108921
ridge,AB,tags-math-sx,plant-pollinator-mpl-049,3.7357043527991034,0.9226544892061413,-0.028272613126020245,0.04444146897569275
ridge,ABC,tags-math-sx,plant-pollinator-mpl-049,3.7357043527991034,0.9251290376506238,-0.027368075162350826,0.04804149926003967
gbt,ABC,tags-math-sx,plant-pollinator-mpl-049,3.7357043527991034,1.1665297473186542,0.06087271351097029,0.05647335964709854
ridge,A,tags-math-sx,plant-pollinator-mpl-057,1.8564782392421568,1.0689002101890177,0.08044595534614297,0.6514733219706228
ridge,AB,tags-math-sx,plant-pollinator-mpl-057,1.8564782392421568,1.0527001989499076,0.061531276026976105,0.6382555237512373
ridge,ABC,tags-math-sx,plant-pollinator-mpl-057,1.8564782392421568,1.0534616576692681,0.062420333897301304,0.6389432446615251
gbt,ABC,tags-math-sx,plant-pollinator-mpl-057,1.8564782392421568,1.2846692599586476,0.33237185361595795,0.7567976703566646
ridge,A,tags-math-sx,plant-pollinator-mpl-062,1.2434886859657044,1.0484359446310716,0.19892482658473026,0.8028197812665301
ridge,AB,tags-math-sx,plant-pollinator-mpl-062,1.2434886859657044,1.048447328001242,0.19897157771045643,0.7930508712946983
ridge,ABC,tags-math-sx,plant-pollinator-mpl-062,1.2434886859657044,1.0484677587225477,0.19905548600880144,0.7933448282956522
gbt,ABC,tags-math-sx,plant-pollinator-mpl-062,1.2434886859657044,1.100971975497619,0.41468857206712695,0.7221721046448202
ridge,A,tags-math-sx,senate-committees,1.3189930045470284,1.079378185778471,0.2488398950666282,0.814869312618277
ridge,AB,tags-math-sx,senate-committees,1.3189930045470284,1.0883541749193588,0.2769784091184764,0.8276826416238966
ridge,ABC,tags-math-sx,senate-committees,1.3189930045470284,1.0884275616324977,0.2772084665557642,0.8278608080219023
gbt,ABC,tags-math-sx,senate-committees,1.3189930045470284,1.2084107725075033,0.6533396329598123,0.8274195033914707
ridge,A,tags-ask-ubuntu,contact-primary-school,1.1318799492854903,1.0382015452215079,0.28966909244717826,0.7685969336936529
ridge,AB,tags-ask-ubuntu,contact-primary-school,1.1318799492854903,1.0371581755226809,0.28175758122443467,0.7651115748393925
ridge,ABC,tags-ask-ubuntu,contact-primary-school,1.1318799492854903,1.0370433813269526,0.28088713657875364,0.7677372333677182
gbt,ABC,tags-ask-ubuntu,contact-primary-school,1.1318799492854903,1.0236440856485667,0.17928491614280634,0.7032433039434264
ridge,A,tags-ask-ubuntu,contact-high-school,1.3149893580660719,0.9844281803338756,-0.04943601828877689,0.3393209069669181
ridge,AB,tags-ask-ubuntu,contact-high-school,1.3149893580660719,0.9863961135885649,-0.043188400062015825,0.3441482303392674
ridge,ABC,tags-ask-ubuntu,contact-high-school,1.3149893580660719,0.9873864682136538,-0.04004431090557784,0.3473597396892222
gbt,ABC,tags-ask-ubuntu,contact-high-school,1.3149893580660719,1.0134019312340428,0.042547250854206915,0.3387914543686891
ridge,A,tags-ask-ubuntu,email-Enron,1.80346655331272,1.0382374912919472,0.04759064473100058,0.4819577567016936
ridge,AB,tags-ask-ubuntu,email-Enron,1.80346655331272,1.054172129680536,0.06742300529770957,0.5077615054907522
ridge,ABC,tags-ask-ubuntu,email-Enron,1.80346655331272,1.0822316018598612,0.10234601741767285,0.5361389433886615
gbt,ABC,tags-ask-ubuntu,email-Enron,1.80346655331272,1.2318086677935018,0.2885106627497396,0.6816161622136241
ridge,A,tags-ask-ubuntu,email-Eu,1.6725121109900603,1.2537494225798786,0.377315766412464,0.8198971020227026
ridge,AB,tags-ask-ubuntu,email-Eu,1.6725121109900603,1.2681221895450645,0.398687525716585,0.8340243022369009
ridge,ABC,tags-ask-ubuntu,email-Eu,1.6725121109900603,1.2994829883177001,0.44531984394571966,0.8495237911645995
gbt,ABC,tags-ask-ubuntu,email-Eu,1.6725121109900603,1.3645105006929843,0.542013288290613,0.8265598832438319
ridge,A,tags-ask-ubuntu,NDC-classes,4.08325149712881,1.8410434341964776,0.2727780834549745,0.6981836620122119
ridge,AB,tags-ask-ubuntu,NDC-classes,4.08325149712881,1.8142780199991098,0.2640971781761504,0.6975951005323798
ridge,ABC,tags-ask-ubuntu,NDC-classes,4.08325149712881,1.8802865293929536,0.2855059116042578,0.7133208788016082
gbt,ABC,tags-ask-ubuntu,NDC-classes,4.08325149712881,1.858049998274097,0.2782938722556793,0.7593952424003282
ridge,A,tags-ask-ubuntu,NDC-substances,1.9382074303228396,1.6125328892179627,0.652875760115424,0.9212937407086033
ridge,AB,tags-ask-ubuntu,NDC-substances,1.9382074303228396,1.6122609777306767,0.6525859398917744,0.9265116295755805
ridge,ABC,tags-ask-ubuntu,NDC-substances,1.9382074303228396,1.621204761763872,0.6621187827835833,0.9300922192626624
gbt,ABC,tags-ask-ubuntu,NDC-substances,1.9382074303228396,1.8274114971340594,0.8819067835023913,0.9625696815032394
ridge,A,tags-ask-ubuntu,DAWN,1.0417909408473682,0.9965468856066476,-0.08262829989791542,0.9725062459492014
ridge,AB,tags-ask-ubuntu,DAWN,1.0417909408473682,0.9934758869934757,-0.1561130923171161,0.971770832185582
ridge,ABC,tags-ask-ubuntu,DAWN,1.0417909408473682,0.999690674034634,-0.007401746864129669,0.9726470079492648
gbt,ABC,tags-ask-ubuntu,DAWN,1.0417909408473682,1.0330985564597905,0.7920031420368204,0.9744630294411144
ridge,A,tags-ask-ubuntu,congress-bills,1.066851977621039,1.0138313048774017,0.2068944759690825,0.8447438095797516
ridge,AB,tags-ask-ubuntu,congress-bills,1.066851977621039,1.010964169145339,0.16400665373717388,0.8012478634304299
ridge,ABC,tags-ask-ubuntu,congress-bills,1.066851977621039,1.0147118542078226,0.22006610322314002,0.8227557143739141
gbt,ABC,tags-ask-ubuntu,congress-bills,1.066851977621039,1.0342452449288353,0.512254777606728,0.8405545009723772
ridge,A,tags-ask-ubuntu,tags-math-sx,1.1319030898951705,1.0951544346435154,0.721396554994572,0.9736056426560126
ridge,AB,tags-ask-ubuntu,tags-math-sx,1.1319030898951705,1.0985617567639425,0.7472285663836541,0.9736213283193796
ridge,ABC,tags-ask-ubuntu,tags-math-sx,1.1319030898951705,1.1001394287481079,0.75918940813057,0.9736126240458194
gbt,ABC,tags-ask-ubuntu,tags-math-sx,1.1319030898951705,1.112371941814794,0.8519280473573523,0.983261199155749
ridge,A,tags-ask-ubuntu,cs-cocitations,1.498426821066899,1.1519132300436636,0.30478542410396053,0.6688037979312249
ridge,AB,tags-ask-ubuntu,cs-cocitations,1.498426821066899,1.153818017329617,0.30860702279296404,0.6784767748800051
ridge,ABC,tags-ask-ubuntu,cs-cocitations,1.498426821066899,1.1565026055981205,0.313993146001095,0.6794591139900199
gbt,ABC,tags-ask-ubuntu,cs-cocitations,1.498426821066899,1.1017940575817629,0.20423069802678223,0.6349068681542711
ridge,A,tags-ask-ubuntu,diseasome,3.9900640519565753,1.934380649724363,0.3124951952493936,0.6343481996251336
ridge,AB,tags-ask-ubuntu,diseasome,3.9900640519565753,1.8286516325922313,0.27713507744089816,0.6701682322497451
ridge,ABC,tags-ask-ubuntu,diseasome,3.9900640519565753,1.8050135906365172,0.2692295471428946,0.6775267262492607
gbt,ABC,tags-ask-ubuntu,diseasome,3.9900640519565753,1.7200279434860666,0.2408068626539655,0.54841707328657
ridge,A,tags-ask-ubuntu,hospital-lyon,1.0879241574641232,1.0223935088377665,0.2546911961812541,0.9070392842390478
ridge,AB,tags-ask-ubuntu,hospital-lyon,1.0879241574641232,1.0237795921170398,0.27045572915205845,0.9063698001672892
ridge,ABC,tags-ask-ubuntu,hospital-lyon,1.0879241574641232,1.0234696496049358,0.26693061704358584,0.9050975388709125
gbt,ABC,tags-ask-ubuntu,hospital-lyon,1.0879241574641232,1.0630337086955046,0.7169100110083519,0.8060273160392525
ridge,A,tags-ask-ubuntu,house-committees,6.46048355911533,1.3927644888891977,0.07192851780197113,0.28940588542149
ridge,AB,tags-ask-ubuntu,house-committees,6.46048355911533,1.394633689722055,0.07227083196016268,0.30802175663267256
ridge,ABC,tags-ask-ubuntu,house-committees,6.46048355911533,1.4110650716087336,0.0752799760604593,0.31620333463974803
gbt,ABC,tags-ask-ubuntu,house-committees,6.46048355911533,1.334638863711009,0.06128374164818927,0.33384641288805306
ridge,A,tags-ask-ubuntu,hypertext-conference,1.1388262015279327,1.0651945325605663,0.4696125936100668,0.9396245754200392
ridge,AB,tags-ask-ubuntu,hypertext-conference,1.1388262015279327,1.0641057555585982,0.46176985938565596,0.9402278948054207
ridge,ABC,tags-ask-ubuntu,hypertext-conference,1.1388262015279327,1.0643391812429652,0.46345128322206375,0.9415845209109072
gbt,ABC,tags-ask-ubuntu,hypertext-conference,1.1388262015279327,1.0476250046072606,0.34305487064470436,0.7486692999763104
ridge,A,tags-ask-ubuntu,invs13,1.2663198563455473,1.0215733850462663,0.08100554476972614,0.6002847358168468
ridge,AB,tags-ask-ubuntu,invs13,1.2663198563455473,1.0211832822004323,0.07954075408086438,0.6040545816835318
ridge,ABC,tags-ask-ubuntu,invs13,1.2663198563455473,1.0212389515474047,0.07974978598609415,0.6045855445942254
gbt,ABC,tags-ask-ubuntu,invs13,1.2663198563455473,1.029664645688548,0.11138728480710247,0.5600009814797672
ridge,A,tags-ask-ubuntu,math-cocitations,1.8053571194025417,1.1232923319197916,0.15309026138771412,0.5421766658408343
ridge,AB,tags-ask-ubuntu,math-cocitations,1.8053571194025417,1.1349764346439597,0.16759823858525352,0.563794163178302
ridge,ABC,tags-ask-ubuntu,math-cocitations,1.8053571194025417,1.1430169418863916,0.17758201727016384,0.5737745849129762
gbt,ABC,tags-ask-ubuntu,math-cocitations,1.8053571194025417,1.1868954308070332,0.23206528669627025,0.5971089960481942
ridge,A,tags-ask-ubuntu,neuro-cocitations,2.1242543379282326,0.9478261061915754,-0.04640755392109075,0.38041092130531007
ridge,AB,tags-ask-ubuntu,neuro-cocitations,2.1242543379282326,1.004823182238452,0.004290116636187529,0.4257697347515852
ridge,ABC,tags-ask-ubuntu,neuro-cocitations,2.1242543379282326,1.0309987526180422,0.027572722267780136,0.4418477710492866
gbt,ABC,tags-ask-ubuntu,neuro-cocitations,2.1242543379282326,1.3349757307279209,0.29795369199572014,0.6966477774001789
ridge,A,tags-ask-ubuntu,physics-cocitations,1.8439255034952018,1.1205281910541856,0.14281851959089517,0.5456309201547324
ridge,AB,tags-ask-ubuntu,physics-cocitations,1.8439255034952018,1.1388986165922164,0.16458634798563837,0.5794865011389414
ridge,ABC,tags-ask-ubuntu,physics-cocitations,1.8439255034952018,1.1456280515794353,0.17256031601877433,0.5861529822204906
gbt,ABC,tags-ask-ubuntu,physics-cocitations,1.8439255034952018,1.2175052799290609,0.2577304264751344,0.6717394523351019
ridge,A,tags-ask-ubuntu,plant-pollinator-mpl-014,2.5834026366365537,1.005676182686303,0.00358480057754626,0.31059072274738564
ridge,AB,tags-ask-ubuntu,plant-pollinator-mpl-014,2.5834026366365537,1.0487772480576707,0.030805334618668304,0.3995367396459261
ridge,ABC,tags-ask-ubuntu,plant-pollinator-mpl-014,2.5834026366365537,1.057655322961967,0.03641229440190763,0.41867311695356896
gbt,ABC,tags-ask-ubuntu,plant-pollinator-mpl-014,2.5834026366365537,1.5453628708938736,0.34442463229209175,0.7825801152598684
ridge,A,tags-ask-ubuntu,plant-pollinator-mpl-015,1.4102516667953713,1.032202592578045,0.07849472697964002,0.6618995498351269
ridge,AB,tags-ask-ubuntu,plant-pollinator-mpl-015,1.4102516667953713,1.0359333796128585,0.08758862552234704,0.6664945060244867
ridge,ABC,tags-ask-ubuntu,plant-pollinator-mpl-015,1.4102516667953713,1.0466944462556529,0.11381902874496676,0.6879386029121685
gbt,ABC,tags-ask-ubuntu,plant-pollinator-mpl-015,1.4102516667953713,1.1669174602602668,0.40686601364504205,0.7036370362743519
ridge,A,tags-ask-ubuntu,plant-pollinator-mpl-016,3.056933205825239,0.8325684577796951,-0.08139862867016703,-0.019504880160316464
ridge,AB,tags-ask-ubuntu,plant-pollinator-mpl-016,3.056933205825239,0.8358079830747941,-0.07982369892236355,0.007599096258239487
ridge,ABC,tags-ask-ubuntu,plant-pollinator-mpl-016,3.056933205825239,0.8747043883331801,-0.06091379696335422,0.05515491241517755
gbt,ABC,tags-ask-ubuntu,plant-pollinator-mpl-016,3.056933205825239,1.3768655696630894,0.18321721317727058,0.5868688649289332
ridge,A,tags-ask-ubuntu,plant-pollinator-mpl-021,2.745487382389059,1.097171565545342,0.05567016211388633,0.4429321031388885
ridge,AB,tags-ask-ubuntu,plant-pollinator-mpl-021,2.745487382389059,1.1379792035651362,0.07904909823884444,0.5165989863989608
ridge,ABC,tags-ask-ubuntu,plant-pollinator-mpl-021,2.745487382389059,1.1581046511235822,0.09057908565754479,0.5363023297781587
gbt,ABC,tags-ask-ubuntu,plant-pollinator-mpl-021,2.745487382389059,1.4786122521613712,0.27419977766112047,0.6949244324826279
ridge,A,tags-ask-ubuntu,plant-pollinator-mpl-034,5.693354349219635,0.8272484718675938,-0.03680768918739956,-0.2280217511469944
ridge,AB,tags-ask-ubuntu,plant-pollinator-mpl-034,5.693354349219635,0.7980841272255526,-0.04302165524919721,-0.305333877277395
ridge,ABC,tags-ask-ubuntu,plant-pollinator-mpl-034,5.693354349219635,0.8469330960728262,-0.03261354087884378,-0.21035623257296193
gbt,ABC,tags-ask-ubuntu,plant-pollinator-mpl-034,5.693354349219635,1.5416917211009915,0.11541675330588638,0.350574046544582
ridge,A,tags-ask-ubuntu,plant-pollinator-mpl-044,2.6781507980073496,1.1407986651548236,0.08390108047620581,0.5284176584496136
ridge,AB,tags-ask-ubuntu,plant-pollinator-mpl-044,2.6781507980073496,1.1769567359722495,0.10544745810827573,0.5644585160855504
ridge,ABC,tags-ask-ubuntu,plant-pollinator-mpl-044,2.6781507980073496,1.204620307550327,0.1219320145682348,0.5806273181736652
gbt,ABC,tags-ask-ubuntu,plant-pollinator-mpl-044,2.6781507980073496,1.5737084771762258,0.34186944216065207,0.8209502583288588
ridge,A,tags-ask-ubuntu,plant-pollinator-mpl-049,3.7357043527991034,0.9538957529597113,-0.0168527885672719,0.02293379456785991
ridge,AB,tags-ask-ubuntu,plant-pollinator-mpl-049,3.7357043527991034,0.9559702583565655,-0.016094480969182368,0.043230609990678764
ridge,ABC,tags-ask-ubuntu,plant-pollinator-mpl-049,3.7357043527991034,1.0078001450018124,0.002851238290362573,0.1297502031000763
gbt,ABC,tags-ask-ubuntu,plant-pollinator-mpl-049,3.7357043527991034,1.1570535336541463,0.057408810821773605,0.10698528347211972
ridge,A,tags-ask-ubuntu,plant-pollinator-mpl-057,1.8564782392421568,1.0674262705344968,0.078725024694332,0.6556549732194854
ridge,AB,tags-ask-ubuntu,plant-pollinator-mpl-057,1.8564782392421568,1.074094110564899,0.08651020793063005,0.6714730972966033
ridge,ABC,tags-ask-ubuntu,plant-pollinator-mpl-057,1.8564782392421568,1.090108876182374,0.10520859965117815,0.6855078528494091
gbt,ABC,tags-ask-ubuntu,plant-pollinator-mpl-057,1.8564782392421568,1.2405453808300209,0.28085404836772526,0.7801604373873172
ridge,A,tags-ask-ubuntu,plant-pollinator-mpl-062,1.2434886859657044,1.0464979834733488,0.19096568404783315,0.8014112390565715
ridge,AB,tags-ask-ubuntu,plant-pollinator-mpl-062,1.2434886859657044,1.0463609672992444,0.19040296314127064,0.8078481574388325
ridge,ABC,tags-ask-ubuntu,plant-pollinator-mpl-062,1.2434886859657044,1.0470006145679513,0.19302997337039074,0.81070160459865
gbt,ABC,tags-ask-ubuntu,plant-pollinator-mpl-062,1.2434886859657044,1.0433086028797376,0.17786700317499618,0.7736656632471635
ridge,A,tags-ask-ubuntu,senate-committees,1.3189930045470284,1.0789768180669104,0.24758166148206864,0.8141828060164983
ridge,AB,tags-ask-ubuntu,senate-committees,1.3189930045470284,1.0845813401022664,0.2651510813610859,0.8200688120082439
ridge,ABC,tags-ask-ubuntu,senate-committees,1.3189930045470284,1.088150209073924,0.2763390037317515,0.8261329961406901
gbt,ABC,tags-ask-ubuntu,senate-committees,1.3189930045470284,1.172993146581712,0.5423101576392346,0.8425038477962584
ridge,A,cs-cocitations,contact-primary-school,1.1318799492854903,1.0397908473917785,0.30172022060487996,0.7487658469890359
ridge,AB,cs-cocitations,contact-primary-school,1.1318799492854903,1.040603405117938,0.30788156454352916,0.7292180380328034
ridge,ABC,cs-cocitations,contact-primary-school,1.1318799492854903,1.04039272093083,0.30628401928930676,0.7498379790708943
gbt,ABC,cs-cocitations,contact-primary-school,1.1318799492854903,1.0344289440704908,0.26106276395329747,0.7384908385975136
ridge,A,cs-cocitations,contact-high-school,1.3149893580660719,1.0060851620430993,0.019318627398906794,0.37277636441632844
ridge,AB,cs-cocitations,contact-high-school,1.3149893580660719,1.0124702847271871,0.03958954297297684,0.3845301409049742
ridge,ABC,cs-cocitations,contact-high-school,1.3149893580660719,1.017195266251571,0.054589991094125226,0.4172946745676379
gbt,ABC,cs-cocitations,contact-high-school,1.3149893580660719,1.0181433217364118,0.05759979272888968,0.42561340251322866
ridge,A,cs-cocitations,email-Enron,1.80346655331272,1.024779156498063,0.03084030865491258,0.42898101086913043
ridge,AB,cs-cocitations,email-Enron,1.80346655331272,1.1119806008118733,0.13937182618265,0.5093450940053312
ridge,ABC,cs-cocitations,email-Enron,1.80346655331272,1.1658796701578282,0.20645497870931984,0.5582372206792046
gbt,ABC,cs-cocitations,email-Enron,1.80346655331272,1.3399750411993596,0.42313527526146655,0.7394170154958112
ridge,A,cs-cocitations,email-Eu,1.6725121109900603,1.2371354934910221,0.35261148403991643,0.7763289419760082
ridge,AB,cs-cocitations,email-Eu,1.6725121109900603,1.3359146410244003,0.49949232963235823,0.8168614908884875
ridge,ABC,cs-cocitations,email-Eu,1.6725121109900603,1.3995098292451278,0.5940559622888822,0.8313792073109684
gbt,ABC,cs-cocitations,email-Eu,1.6725121109900603,1.3700135972819187,0.5501961841805219,0.8530734046855813
ridge,A,cs-cocitations,NDC-classes,4.08325149712881,1.9040318135084364,0.2932072892367977,0.6946109149937506
ridge,AB,cs-cocitations,NDC-classes,4.08325149712881,1.701354540735207,0.2274723749873546,0.694390377143285
ridge,ABC,cs-cocitations,NDC-classes,4.08325149712881,1.794962380330342,0.25783248011737875,0.7351545903111528
gbt,ABC,cs-cocitations,NDC-classes,4.08325149712881,2.1915275320786436,0.38645161874995265,0.810901656527771
ridge,A,cs-cocitations,NDC-substances,1.9382074303228396,1.6509670745125158,0.6938413121376755,0.918099832708871
ridge,AB,cs-cocitations,NDC-substances,1.9382074303228396,1.6547612726221042,0.697885405146279,0.9354779507169021
ridge,ABC,cs-cocitations,NDC-substances,1.9382074303228396,1.6528563072569116,0.6958549742376928,0.9368693905702005
gbt,ABC,cs-cocitations,NDC-substances,1.9382074303228396,1.593581678028283,0.6326763771461819,0.9132762494627775
ridge,A,cs-cocitations,DAWN,1.0417909408473682,1.0292209123894653,0.6992164281772927,0.9700398731536067
ridge,AB,cs-cocitations,DAWN,1.0417909408473682,0.9821527895252561,-0.4270593126851758,0.9486563327230886
ridge,ABC,cs-cocitations,DAWN,1.0417909408473682,0.9541452094265507,-1.0972423602742845,0.942447692332407
gbt,ABC,cs-cocitations,DAWN,1.0417909408473682,1.0332490363655205,0.795603920164298,0.9121110454344058
ridge,A,cs-cocitations,congress-bills,1.066851977621039,1.0329856322243656,0.49341296096504184,0.879361501573485
ridge,AB,cs-cocitations,congress-bills,1.066851977621039,1.0185165330738353,0.2769780899945723,0.6570011999773132
ridge,ABC,cs-cocitations,congress-bills,1.066851977621039,0.9996979057918144,-0.004518852230491656,0.6576003822747615
gbt,ABC,cs-cocitations,congress-bills,1.066851977621039,0.9612223953991914,-0.580051719945004,0.23462687426930706
ridge,A,cs-cocitations,tags-math-sx,1.1319030898951705,1.115332282439469,0.8743713474121706,0.9515208732407994
ridge,AB,cs-cocitations,tags-math-sx,1.1319030898951705,1.1330447522509832,1.008655311689211,0.951961989419703
ridge,ABC,cs-cocitations,tags-math-sx,1.1319030898951705,1.1181582130560674,0.8957956417091762,0.9520924414139658
gbt,ABC,cs-cocitations,tags-math-sx,1.1319030898951705,1.0862591137579976,0.6539582493977333,0.906310681477499
ridge,A,cs-cocitations,tags-ask-ubuntu,1.1923896562998082,1.1794413469604101,0.9326974766293038,0.954282355002689
ridge,AB,cs-cocitations,tags-ask-ubuntu,1.1923896562998082,1.1935138515954746,1.0058433250377794,0.9542477939675937
ridge,ABC,cs-cocitations,tags-ask-ubuntu,1.1923896562998082,1.1802825190219028,0.937069707848335,0.9561114254407436
gbt,ABC,cs-cocitations,tags-ask-ubuntu,1.1923896562998082,1.1278412150024677,0.664491103426308,0.912537520957311
ridge,A,cs-cocitations,diseasome,3.9900640519565753,1.5675404069918664,0.1898087790529073,0.3487316800955714
ridge,AB,cs-cocitations,diseasome,3.9900640519565753,1.3705340243965183,0.12392176821565278,0.5529136935230217
ridge,ABC,cs-cocitations,diseasome,3.9900640519565753,1.3522213552986508,0.11779726092093967,0.5685995444104479
gbt,ABC,cs-cocitations,diseasome,3.9900640519565753,1.5658237056570852,0.18923464374846197,0.5852160845228914
ridge,A,cs-cocitations,hospital-lyon,1.0879241574641232,1.039555643956312,0.44988368495259623,0.8701403917600963
ridge,AB,cs-cocitations,hospital-lyon,1.0879241574641232,1.0442031488563062,0.5027417962389112,0.863264135707494
ridge,ABC,cs-cocitations,hospital-lyon,1.0879241574641232,1.0244040941498895,0.2775584646329701,0.8453553897408771
gbt,ABC,cs-cocitations,hospital-lyon,1.0879241574641232,1.031231500359353,0.35520954945854166,0.8398513812872307
ridge,A,cs-cocitations,house-committees,6.46048355911533,1.176340480090877,0.03229393114763749,0.18312382682336273
ridge,AB,cs-cocitations,house-committees,6.46048355911533,1.2523019157698299,0.046205049981087404,0.2615831741122442
ridge,ABC,cs-cocitations,house-committees,6.46048355911533,1.2797054147429419,0.0512235613778238,0.2928965376105135
gbt,ABC,cs-cocitations,house-committees,6.46048355911533,1.5745992084092573,0.10522863079590516,0.37250782278149824
ridge,A,cs-cocitations,hypertext-conference,1.1388262015279327,1.07024487987538,0.5059915138659642,0.8936161518730932
ridge,AB,cs-cocitations,hypertext-conference,1.1388262015279327,1.0748589155119712,0.5392275715107652,0.8947121987188792
ridge,ABC,cs-cocitations,hypertext-conference,1.1388262015279327,1.0732839774483318,0.5278828970450987,0.8924527538677015
gbt,ABC,cs-cocitations,hypertext-conference,1.1388262015279327,1.068598378171434,0.4941313485237993,0.8870201564906703
ridge,A,cs-cocitations,invs13,1.2663198563455473,1.0333951197912434,0.12539477998183357,0.5760735235950657
ridge,AB,cs-cocitations,invs13,1.2663198563455473,1.0342980209193642,0.1287850684136103,0.5842929448354388
ridge,ABC,cs-cocitations,invs13,1.2663198563455473,1.0334505071379738,0.12560275300904383,0.586122698854907
gbt,ABC,cs-cocitations,invs13,1.2663198563455473,1.0471774963120872,0.17714599639493236,0.5913940524683068
ridge,A,cs-cocitations,math-cocitations,1.8053571194025417,1.142808229586103,0.1773228622999522,0.5566578867301389
ridge,AB,cs-cocitations,math-cocitations,1.8053571194025417,1.2018039145473307,0.2505769300171332,0.607634526578502
ridge,ABC,cs-cocitations,math-cocitations,1.8053571194025417,1.2077115678334807,0.2579123755528138,0.6174760067553255
gbt,ABC,cs-cocitations,math-cocitations,1.8053571194025417,1.249261934158676,0.3095048496542654,0.6293224895189025
ridge,A,cs-cocitations,neuro-cocitations,2.1242543379282326,0.9268338039699907,-0.06507975425279604,0.3768453338471455
ridge,AB,cs-cocitations,neuro-cocitations,2.1242543379282326,1.2696021599829197,0.23980530996192598,0.6178289141728573
ridge,ABC,cs-cocitations,neuro-cocitations,2.1242543379282326,1.3325404754484458,0.2957875849171717,0.6664261970090817
gbt,ABC,cs-cocitations,neuro-cocitations,2.1242543379282326,1.3481930255944214,0.30971019087733204,0.7009067285790388
ridge,A,cs-cocitations,physics-cocitations,1.8439255034952018,1.141672681317651,0.16787344467124102,0.551945915239131
ridge,AB,cs-cocitations,physics-cocitations,1.8439255034952018,1.237600561383891,0.2815421034200821,0.6642351825785732
ridge,ABC,cs-cocitations,physics-cocitations,1.8439255034952018,1.245599506814772,0.29102036352450206,0.6727696893745295
gbt,ABC,cs-cocitations,physics-cocitations,1.8439255034952018,1.2857038321055019,0.3385415311212079,0.6902248123845112
ridge,A,cs-cocitations,plant-pollinator-mpl-014,2.5834026366365537,0.9470483364711575,-0.033441692153122746,0.12431642454916815
ridge,AB,cs-cocitations,plant-pollinator-mpl-014,2.5834026366365537,1.174321110994505,0.1100927249715815,0.44108240833675927
ridge,ABC,cs-cocitations,plant-pollinator-mpl-014,2.5834026366365537,1.1835395307354095,0.11591462998020652,0.4651887139167265
gbt,ABC,cs-cocitations,plant-pollinator-mpl-014,2.5834026366365537,1.3435025941634136,0.21693951128758884,0.8389409135573569
ridge,A,cs-cocitations,plant-pollinator-mpl-015,1.4102516667953713,1.0490799164213132,0.1196336795038389,0.650542458419902
ridge,AB,cs-cocitations,plant-pollinator-mpl-015,1.4102516667953713,1.0543893517025422,0.13257557763847183,0.6260016774145468
ridge,ABC,cs-cocitations,plant-pollinator-mpl-015,1.4102516667953713,1.0596196393481707,0.14532455118069829,0.6311097799727875
gbt,ABC,cs-cocitations,plant-pollinator-mpl-015,1.4102516667953713,1.2103187129741364,0.5126577903193283,0.6652972240734761
ridge,A,cs-cocitations,plant-pollinator-mpl-016,3.056933205825239,0.797553257664408,-0.09842164138449534,-0.030437799535297797
ridge,AB,cs-cocitations,plant-pollinator-mpl-016,3.056933205825239,0.7646873184576447,-0.11439976800216424,-0.0010981615325131393
ridge,ABC,cs-cocitations,plant-pollinator-mpl-016,3.056933205825239,0.8416430652798279,-0.0769869115203668,0.07130325165585363
gbt,ABC,cs-cocitations,plant-pollinator-mpl-016,3.056933205825239,1.47029796496482,0.2286403679190628,0.6640007288897942
ridge,A,cs-cocitations,plant-pollinator-mpl-021,2.745487382389059,1.0380183263835503,0.02178092306317012,0.2940486375969755
ridge,AB,cs-cocitations,plant-pollinator-mpl-021,2.745487382389059,1.194002915569933,0.1111454127525116,0.5334944370375706
ridge,ABC,cs-cocitations,plant-pollinator-mpl-021,2.745487382389059,1.2486148722460206,0.14243292432497565,0.5843086970346788
gbt,ABC,cs-cocitations,plant-pollinator-mpl-021,2.745487382389059,1.7401520710022713,0.42403748000127095,0.7886413300616287
ridge,A,cs-cocitations,plant-pollinator-mpl-034,5.693354349219635,0.8054005540382789,-0.041462764471230935,-0.16635554559755703
ridge,AB,cs-cocitations,plant-pollinator-mpl-034,5.693354349219635,0.6953711817593864,-0.06490641779290846,-0.3018359764608315
ridge,ABC,cs-cocitations,plant-pollinator-mpl-034,5.693354349219635,0.7884997043731612,-0.04506378165586517,-0.17430529089031002
gbt,ABC,cs-cocitations,plant-pollinator-mpl-034,5.693354349219635,1.709597450253307,0.15119196153840203,0.5312828363242377
ridge,A,cs-cocitations,plant-pollinator-mpl-044,2.6781507980073496,1.0313812876974782,0.018699921207760692,0.4297361596392541
ridge,AB,cs-cocitations,plant-pollinator-mpl-044,2.6781507980073496,1.1734038138131988,0.10333029309350504,0.5470727099756727
ridge,ABC,cs-cocitations,plant-pollinator-mpl-044,2.6781507980073496,1.237792793605849,0.14169930013929988,0.5890106436793829
gbt,ABC,cs-cocitations,plant-pollinator-mpl-044,2.6781507980073496,1.6128917635236912,0.3652185275908721,0.6928299811482677
ridge,A,cs-cocitations,plant-pollinator-mpl-049,3.7357043527991034,0.97042762538329,-0.01080978453920005,0.06383624350988563
ridge,AB,cs-cocitations,plant-pollinator-mpl-049,3.7357043527991034,0.9501504868140247,-0.018221820327540345,0.10519913745797663
ridge,ABC,cs-cocitations,plant-pollinator-mpl-049,3.7357043527991034,1.0695155906268456,0.02541049092374293,0.22513675213784545
gbt,ABC,cs-cocitations,plant-pollinator-mpl-049,3.7357043527991034,1.7335410148119008,0.2681360703547371,0.7276315962705627
ridge,A,cs-cocitations,plant-pollinator-mpl-057,1.8564782392421568,1.0960918490556093,0.11219415117964336,0.6291627199534858
ridge,AB,cs-cocitations,plant-pollinator-mpl-057,1.8564782392421568,1.1050190595120026,0.12261731203460269,0.6758067003170781
ridge,ABC,cs-cocitations,plant-pollinator-mpl-057,1.8564782392421568,1.118046678270039,0.13782799475966945,0.6913808436792332
gbt,ABC,cs-cocitations,plant-pollinator-mpl-057,1.8564782392421568,1.4819053427899478,0.5626591788442346,0.8255525544979733
ridge,A,cs-cocitations,plant-pollinator-mpl-062,1.2434886859657044,1.0476874957439632,0.19585097169845533,0.7415924128140706
ridge,AB,cs-cocitations,plant-pollinator-mpl-062,1.2434886859657044,1.054050126042327,0.22198208441578252,0.7380657889083426
ridge,ABC,cs-cocitations,plant-pollinator-mpl-062,1.2434886859657044,1.0524216679391294,0.2152940607125911,0.7219991668742604
gbt,ABC,cs-cocitations,plant-pollinator-mpl-062,1.2434886859657044,1.0738485097735535,0.3032933932049522,0.5987678505814391
ridge,A,cs-cocitations,senate-committees,1.3189930045470284,1.076086092328101,0.23851962658599257,0.8222806920420509
ridge,AB,cs-cocitations,senate-committees,1.3189930045470284,1.1072071474599812,0.33607993257474666,0.8413113852722379
ridge,ABC,cs-cocitations,senate-committees,1.3189930045470284,1.098456506213256,0.30864785374546,0.8075488563237164
gbt,ABC,cs-cocitations,senate-committees,1.3189930045470284,1.1144351618593589,0.3587387818170413,0.7585444668492421
ridge,A,diseasome,contact-primary-school,1.1318799492854903,1.0041261311106289,0.03128702378931562,0.7535025395813163
ridge,AB,diseasome,contact-primary-school,1.1318799492854903,1.006377766094738,0.048360392381798116,0.7118999680336265
ridge,ABC,diseasome,contact-primary-school,1.1318799492854903,1.006467645394294,0.04904191599507683,0.7105048567495935
gbt,ABC,diseasome,contact-primary-school,1.1318799492854903,0.993141278727318,-0.05200730899459449,0.12413645218975698
ridge,A,diseasome,contact-high-school,1.3149893580660719,0.9799313528252536,-0.06371214347672297,0.24386110639536232
ridge,AB,diseasome,contact-high-school,1.3149893580660719,0.985109643284041,-0.0472725707540747,0.2968029739221008
ridge,ABC,diseasome,contact-high-school,1.3149893580660719,0.9853360792665616,-0.04655370207892062,0.29540977217020686
gbt,ABC,diseasome,contact-high-school,1.3149893580660719,1.018170713191821,0.05768675266803611,0.2327895221055884
ridge,A,diseasome,email-Enron,1.80346655331272,1.0068080523618745,0.008473348808117408,0.510637155461581
ridge,AB,diseasome,email-Enron,1.80346655331272,1.1360918709938643,0.16938087893360698,0.6863335258818264
ridge,ABC,diseasome,email-Enron,1.80346655331272,1.148997483122201,0.1854432925774934,0.7083336625828864
gbt,ABC,diseasome,email-Enron,1.80346655331272,1.1743671490761884,0.21701855336387896,0.5498904494329024
ridge,A,diseasome,email-Eu,1.6725121109900603,1.061431470518702,0.09134626650554101,0.7838511836096074
ridge,AB,diseasome,email-Eu,1.6725121109900603,1.1915754432376373,0.28486541745040606,0.8215990241154513
ridge,ABC,diseasome,email-Eu,1.6725121109900603,1.205827730584205,0.3060580281315514,0.8234378103440392
gbt,ABC,diseasome,email-Eu,1.6725121109900603,1.0479450382106192,0.07129245321699176,0.4148848961923989
ridge,A,diseasome,NDC-classes,4.08325149712881,1.152348357296083,0.04941158949827906,0.6182047995672718
ridge,AB,diseasome,NDC-classes,4.08325149712881,1.3057430982100382,0.09916255566396473,0.6924770682161527
ridge,ABC,diseasome,NDC-classes,4.08325149712881,1.3269893444356287,0.10605341300900305,0.7208342758440413
gbt,ABC,diseasome,NDC-classes,4.08325149712881,1.4652570600409842,0.15089818669487118,0.6343239706174841
ridge,A,diseasome,NDC-substances,1.9382074303228396,1.1353881101126542,0.14430509260203447,0.8250953015496835
ridge,AB,diseasome,NDC-substances,1.9382074303228396,1.2740187591518797,0.29206628544562807,0.9189439477599912
ridge,ABC,diseasome,NDC-substances,1.9382074303228396,1.2781742199696657,0.2964954347824183,0.9230675859263516
gbt,ABC,diseasome,NDC-substances,1.9382074303228396,1.02150172362352,0.022917878209641963,0.4826052623681283
ridge,A,diseasome,DAWN,1.0417909408473682,0.9835238607119048,-0.39425145627303565,0.7823305773474868
ridge,AB,diseasome,DAWN,1.0417909408473682,0.9970622933253495,-0.0702952988155935,0.9011293178741804
ridge,ABC,diseasome,DAWN,1.0417909408473682,1.0009261692356977,0.022161961825178326,0.90358169758054
gbt,ABC,diseasome,DAWN,1.0417909408473682,0.9859937912794936,-0.3351493992839463,0.23975794751756524
ridge,A,diseasome,congress-bills,1.066851977621039,0.9843277592943,-0.23443196840848177,0.48699551353238113
ridge,AB,diseasome,congress-bills,1.066851977621039,0.9796954958454328,-0.30372331346226555,0.4817720016160672
ridge,ABC,diseasome,congress-bills,1.066851977621039,0.9853617341474828,-0.21896533765233503,0.5401987782990855
gbt,ABC,diseasome,congress-bills,1.066851977621039,0.9916825652406137,-0.12441568754382976,0.30574870466967663
ridge,A,diseasome,tags-math-sx,1.1319030898951705,1.0100405608266623,0.07612074011793027,0.8692528399730316
ridge,AB,diseasome,tags-math-sx,1.1319030898951705,1.018415204409783,0.13961162262702384,0.9498168373113782
ridge,ABC,diseasome,tags-math-sx,1.1319030898951705,1.01999286839423,0.15157240372548775,0.9512925658261304
gbt,ABC,diseasome,tags-math-sx,1.1319030898951705,0.9558829257539629,-0.3344658133566009,0.06613021083723443
ridge,A,diseasome,tags-ask-ubuntu,1.1923896562998082,1.0278224933317146,0.1446153284267931,0.8794986251303275
ridge,AB,diseasome,tags-ask-ubuntu,1.1923896562998082,1.0432361805667094,0.22473235514976342,0.9555336830319308
ridge,ABC,diseasome,tags-ask-ubuntu,1.1923896562998082,1.0439480658739244,0.22843258166353003,0.9561307050102438
gbt,ABC,diseasome,tags-ask-ubuntu,1.1923896562998082,0.9545629321616853,-0.2361720931997943,0.08413176483867711
ridge,A,diseasome,cs-cocitations,1.498426821066899,1.0025870387970242,0.005190408476587423,0.5470722859088776
ridge,AB,diseasome,cs-cocitations,1.498426821066899,1.0439157501570617,0.08810872188430516,0.6692761847566558
ridge,ABC,diseasome,cs-cocitations,1.498426821066899,1.0457044654260301,0.09169744382575204,0.6678367272870679
gbt,ABC,diseasome,cs-cocitations,1.498426821066899,1.045741638810571,0.09177202525469925,0.4525667533136716
ridge,A,diseasome,hospital-lyon,1.0879241574641232,0.9931192049104774,-0.07825829997097453,0.7980060449003429
ridge,AB,diseasome,hospital-lyon,1.0879241574641232,1.0001817911246278,0.002067590180798415,0.8606904202900395
ridge,ABC,diseasome,hospital-lyon,1.0879241574641232,1.0009464648360373,0.010764559631106261,0.8612037287225821
gbt,ABC,diseasome,hospital-lyon,1.0879241574641232,1.0683431315822767,0.7772964058275291,0.7576704461199913
ridge,A,diseasome,house-committees,6.46048355911533,1.207449577380233,0.037991063453333154,0.4275076836299214
ridge,AB,diseasome,house-committees,6.46048355911533,1.2339407149546047,0.0428424904904404,0.430415370235678
ridge,ABC,diseasome,house-committees,6.46048355911533,1.2422275207214106,0.04436008608011534,0.4473564855183229
gbt,ABC,diseasome,house-committees,6.46048355911533,1.3509534330461852,0.06427149340287443,0.2608634337664696
ridge,A,diseasome,hypertext-conference,1.1388262015279327,1.0117857513057376,0.08489572700270268,0.8878360461820078
ridge,AB,diseasome,hypertext-conference,1.1388262015279327,1.017944760624285,0.12926061814544768,0.9074277451320607
ridge,ABC,diseasome,hypertext-conference,1.1388262015279327,1.0184368827216972,0.1328054972244384,0.9076264240964101
gbt,ABC,diseasome,hypertext-conference,1.1388262015279327,1.0205165414935176,0.14778580172698527,0.6565722119925529
ridge,A,diseasome,invs13,1.2663198563455473,0.9970564986925414,-0.011052504112346059,0.570116627351511
ridge,AB,diseasome,invs13,1.2663198563455473,1.00037164226403,0.0013954733572245504,0.588146382839517
ridge,ABC,diseasome,invs13,1.2663198563455473,1.0004807851820476,0.0018052922851678936,0.5886347068055379
gbt,ABC,diseasome,invs13,1.2663198563455473,1.0592134955423937,0.22233976976003184,0.5521327659048592
ridge,A,diseasome,math-cocitations,1.8053571194025417,1.0146629968064174,0.018206825833110136,0.43221332812014096
ridge,AB,diseasome,math-cocitations,1.8053571194025417,1.0717650105857865,0.08910955010744276,0.5923162935423907
ridge,ABC,diseasome,math-cocitations,1.8053571194025417,1.0762834532381254,0.09472003338682425,0.5986090238131303
gbt,ABC,diseasome,math-cocitations,1.8053571194025417,1.1563045149129823,0.19408099977925017,0.4842642896713493
ridge,A,diseasome,neuro-cocitations,2.1242543379282326,1.0121557523319034,0.010812279678906009,0.5014290747455169
ridge,AB,diseasome,neuro-cocitations,2.1242543379282326,1.1604300452428722,0.14269906713325337,0.7173327703941833
ridge,ABC,diseasome,neuro-cocitations,2.1242543379282326,1.168524003310255,0.14989846836687315,0.7241806214296982
gbt,ABC,diseasome,neuro-cocitations,2.1242543379282326,1.0894696322492237,0.07958130934508789,0.42059884818078835
ridge,A,diseasome,physics-cocitations,1.8439255034952018,1.0109443625309724,0.012968398852321972,0.4546025290872245
ridge,AB,diseasome,physics-cocitations,1.8439255034952018,1.0881879670506667,0.10449733618124751,0.6514412925190392
ridge,ABC,diseasome,physics-cocitations,1.8439255034952018,1.0911713248258503,0.10803243230386471,0.6526513687147976
gbt,ABC,diseasome,physics-cocitations,1.8439255034952018,1.1630811654454003,0.19324118630137774,0.5225197541917936
ridge,A,diseasome,plant-pollinator-mpl-014,2.5834026366365537,1.056671827035129,0.03579116626678772,0.5853730802959075
ridge,AB,diseasome,plant-pollinator-mpl-014,2.5834026366365537,1.248856028246434,0.15716534915910665,0.8202044320057317
ridge,ABC,diseasome,plant-pollinator-mpl-014,2.5834026366365537,1.2503966082042473,0.15813830444045296,0.8265335319032877
gbt,ABC,diseasome,plant-pollinator-mpl-014,2.5834026366365537,1.1290507622354513,0.08150217717811782,0.5506150511486313
ridge,A,diseasome,plant-pollinator-mpl-015,1.4102516667953713,1.000813657349995,0.0019833127220440982,0.5694291355834435
ridge,AB,diseasome,plant-pollinator-mpl-015,1.4102516667953713,1.054250736634423,0.1322376995033211,0.6839711151087342
ridge,ABC,diseasome,plant-pollinator-mpl-015,1.4102516667953713,1.0592705255769475,0.14447357652421408,0.7038276450921941
gbt,ABC,diseasome,plant-pollinator-mpl-015,1.4102516667953713,1.040805785585562,0.09946525240058406,0.4971698845571
ridge,A,diseasome,plant-pollinator-mpl-016,3.056933205825239,0.9632477168586415,-0.01786751414060308,0.0035464015791729256
ridge,AB,diseasome,plant-pollinator-mpl-016,3.056933205825239,1.0949550223421782,0.04616339610506817,0.3579280601165627
ridge,ABC,diseasome,plant-pollinator-mpl-016,3.056933205825239,1.1139652479760493,0.055405419900509914,0.42117892633956344
gbt,ABC,diseasome,plant-pollinator-mpl-016,3.056933205825239,0.9888454709948215,-0.005422893156466578,0.07973677365824916
ridge,A,diseasome,plant-pollinator-mpl-021,2.745487382389059,1.0578318775543423,0.033132223204723164,0.6248310334868099
ridge,AB,diseasome,plant-pollinator-mpl-021,2.745487382389059,1.286332692133328,0.1640416854468594,0.8181285870944288
ridge,ABC,diseasome,plant-pollinator-mpl-021,2.745487382389059,1.2902759456398263,0.16630079860131897,0.8260216794841343
gbt,ABC,diseasome,plant-pollinator-mpl-021,2.745487382389059,1.2348385124463646,0.13454036667107824,0.4645524992073597
ridge,A,diseasome,plant-pollinator-mpl-034,5.693354349219635,0.9601096665191685,-0.008499322768472418,-0.46671352500282554
ridge,AB,diseasome,plant-pollinator-mpl-034,5.693354349219635,1.1670535783153544,0.035593642816066175,-0.12212544889203693
ridge,ABC,diseasome,plant-pollinator-mpl-034,5.693354349219635,1.1928102128134024,0.04108153752453424,-0.016799673814697786
gbt,ABC,diseasome,plant-pollinator-mpl-034,5.693354349219635,1.3178205937701144,0.06771715283397652,0.2140431150297008
ridge,A,diseasome,plant-pollinator-mpl-044,2.6781507980073496,1.0844655977613573,0.0503325433338008,0.6643570613906818
ridge,AB,diseasome,plant-pollinator-mpl-044,2.6781507980073496,1.3210365665674337,0.19130376539976934,0.8584539479556584
ridge,ABC,diseasome,plant-pollinator-mpl-044,2.6781507980073496,1.3261792816272173,0.19436827847326077,0.8639795421894363
gbt,ABC,diseasome,plant-pollinator-mpl-044,2.6781507980073496,1.4270921036292055,0.2545016241307624,0.6379566211444018
ridge,A,diseasome,plant-pollinator-mpl-049,3.7357043527991034,0.9742847747221774,-0.00939985537966169,-0.14566371782532192
ridge,AB,diseasome,plant-pollinator-mpl-049,3.7357043527991034,1.1283604876561262,0.04692045305436276,0.17754985622471814
ridge,ABC,diseasome,plant-pollinator-mpl-049,3.7357043527991034,1.1540714752751304,0.05631875941473295,0.2783998031916744
gbt,ABC,diseasome,plant-pollinator-mpl-049,3.7357043527991034,1.091005286594464,0.03326576079076295,0.18818502548629792
ridge,A,diseasome,plant-pollinator-mpl-057,1.8564782392421568,1.0086738819120493,0.01012738154296166,0.6032613059040778
ridge,AB,diseasome,plant-pollinator-mpl-057,1.8564782392421568,1.1208881203608276,0.14114558294883692,0.7897290435087332
ridge,ABC,diseasome,plant-pollinator-mpl-057,1.8564782392421568,1.1266481109845907,0.14787078664911976,0.8017658124429375
gbt,ABC,diseasome,plant-pollinator-mpl-057,1.8564782392421568,1.180493817136118,0.21073952479612956,0.685877233635299
ridge,A,diseasome,plant-pollinator-mpl-062,1.2434886859657044,1.0121128672489945,0.04974714615980402,0.7524835728940249
ridge,AB,diseasome,plant-pollinator-mpl-062,1.2434886859657044,1.0298495529593685,0.12259112919757129,0.6790690315630153
ridge,ABC,diseasome,plant-pollinator-mpl-062,1.2434886859657044,1.0299959716921625,0.12319246610245975,0.6775926186627319
gbt,ABC,diseasome,plant-pollinator-mpl-062,1.2434886859657044,1.007887628137145,0.03239422852795683,0.14416096184048452
ridge,A,diseasome,senate-committees,1.3189930045470284,1.0188149746193347,0.0589824051033722,0.7013303967077033
ridge,AB,diseasome,senate-committees,1.3189930045470284,1.0365022585503096,0.11442965215536004,0.7723669202605521
ridge,ABC,diseasome,senate-committees,1.3189930045470284,1.0393716737875975,0.12342488150643148,0.7876225123993885
gbt,ABC,diseasome,senate-committees,1.3189930045470284,1.0024927826355097,0.007814536996036747,0.525510749841479
ridge,A,hospital-lyon,contact-primary-school,1.1318799492854903,1.0855261422785758,0.6485151286601653,0.7526269017106865
ridge,AB,hospital-lyon,contact-primary-school,1.1318799492854903,1.088088426386187,0.6679440420127507,0.7246218510742549
ridge,ABC,hospital-lyon,contact-primary-school,1.1318799492854903,1.0881180861047928,0.6681689413910603,0.725201256870487
gbt,ABC,hospital-lyon,contact-primary-school,1.1318799492854903,1.0172204853877593,0.1305769791470034,0.43186682766751044
ridge,A,hospital-lyon,contact-high-school,1.3149893580660719,1.003708250539323,0.011772621659634835,0.3280399546255963
ridge,AB,hospital-lyon,contact-high-school,1.3149893580660719,0.9902776525607446,-0.03086563780740816,0.28652244929633425
ridge,ABC,hospital-lyon,contact-high-school,1.3149893580660719,0.9903334836889292,-0.03068839014251145,0.28674777808691465
gbt,ABC,hospital-lyon,contact-high-school,1.3149893580660719,0.9968954848455158,-0.00985593663717673,0.2977515894062872
ridge,A,hospital-lyon,email-Enron,1.80346655331272,1.1023918762835305,0.1274376336654778,0.47038400435420324
ridge,AB,hospital-lyon,email-Enron,1.80346655331272,1.1324906446528187,0.16489876785356555,0.4751371244293278
ridge,ABC,hospital-lyon,email-Enron,1.80346655331272,1.134904705310595,0.16790332435666205,0.475730347576358
gbt,ABC,hospital-lyon,email-Enron,1.80346655331272,1.1821627332426852,0.22672099105012147,0.4542899851089771
ridge,A,hospital-lyon,email-Eu,1.6725121109900603,1.4472511294000132,0.6650454647449815,0.8194562563363097
ridge,AB,hospital-lyon,email-Eu,1.6725121109900603,1.497660220656293,0.7400018713769282,0.8181569121911243
ridge,ABC,hospital-lyon,email-Eu,1.6725121109900603,1.501993952015848,0.7464459655259168,0.8182932436424617
gbt,ABC,hospital-lyon,email-Eu,1.6725121109900603,1.1593786422871986,0.2369899956932585,0.6120813552935298
ridge,A,hospital-lyon,NDC-classes,4.08325149712881,2.029425314751965,0.33387653122380323,0.6526155868928554
ridge,AB,hospital-lyon,NDC-classes,4.08325149712881,2.2724080546572027,0.4126838358278903,0.6686983231208365
ridge,ABC,hospital-lyon,NDC-classes,4.08325149712881,2.294999109442862,0.42001085887699824,0.6700677804127031
gbt,ABC,hospital-lyon,NDC-classes,4.08325149712881,1.9602852311581886,0.3114521251517844,0.6258490105249839
ridge,A,hospital-lyon,NDC-substances,1.9382074303228396,1.863856719992428,0.9207523752984698,0.8796419038110512
ridge,AB,hospital-lyon,NDC-substances,1.9382074303228396,1.9255163562651467,0.986473061662573,0.8805582088143289
ridge,ABC,hospital-lyon,NDC-substances,1.9382074303228396,1.9278890943268034,0.9890020738884091,0.8803724396514409
gbt,ABC,hospital-lyon,NDC-substances,1.9382074303228396,1.148326612204399,0.15809575517149693,0.5169102819897385
ridge,A,hospital-lyon,DAWN,1.0417909408473682,1.0168399204712986,0.4029562419473275,0.9408447627025198
ridge,AB,hospital-lyon,DAWN,1.0417909408473682,1.0702729468212318,1.6815354092622006,0.9386712928733055
ridge,ABC,hospital-lyon,DAWN,1.0417909408473682,1.0720341238735434,1.7236779649597116,0.9382839928270055
gbt,ABC,hospital-lyon,DAWN,1.0417909408473682,1.03663443786915,0.8766119433144359,0.25385102833190243
ridge,A,hospital-lyon,congress-bills,1.066851977621039,1.0457477760056122,0.684314475555842,0.8383658954422885
ridge,AB,hospital-lyon,congress-bills,1.066851977621039,1.083963450366135,1.255960606612046,0.8803385961970519
ridge,ABC,hospital-lyon,congress-bills,1.066851977621039,1.0852083872138694,1.274582895615842,0.8829045709558236
gbt,ABC,hospital-lyon,congress-bills,1.066851977621039,1.0021680945063645,0.03243126955278191,0.041959040027157765
ridge,A,hospital-lyon,tags-math-sx,1.1319030898951705,1.2007603952607848,1.5220295098495296,0.9480560280889524
ridge,AB,hospital-lyon,tags-math-sx,1.1319030898951705,1.2318675036894686,1.7578625631419584,0.944520506551833
ridge,ABC,hospital-lyon,tags-math-sx,1.1319030898951705,1.2327149530264416,1.7642873507466046,0.9441232979482995
gbt,ABC,hospital-lyon,tags-math-sx,1.1319030898951705,1.0218554118606473,0.16569294834576528,0.29274278662624853
ridge,A,hospital-lyon,tags-ask-ubuntu,1.1923896562998082,1.3035984404999117,1.5780393101113637,0.9463665836370713
ridge,AB,hospital-lyon,tags-ask-ubuntu,1.1923896562998082,1.3276045813064088,1.7028180600098894,0.9440239314348127
ridge,ABC,hospital-lyon,tags-ask-ubuntu,1.1923896562998082,1.327982128413767,1.7047804685645873,0.9438834497282884
gbt,ABC,hospital-lyon,tags-ask-ubuntu,1.1923896562998082,1.031297494258915,0.1626776348627753,0.432233173267954
ridge,A,hospital-lyon,cs-cocitations,1.498426821066899,1.3767143780752147,0.7558067948045918,0.6453248656600706
ridge,AB,hospital-lyon,cs-cocitations,1.498426821066899,1.3682742140901143,0.7388731876463054,0.6330642323235516
ridge,ABC,hospital-lyon,cs-cocitations,1.498426821066899,1.3680211914685647,0.7383655451783339,0.6325825647413619
gbt,ABC,hospital-lyon,cs-cocitations,1.498426821066899,1.2559317377812282,0.5134790644560379,0.5918043464200217
ridge,A,hospital-lyon,diseasome,3.9900640519565753,2.747044131354447,0.5842831795563888,0.6160829628277341
ridge,AB,hospital-lyon,diseasome,3.9900640519565753,3.6053853411626133,0.8713476687757762,0.606406104122566
ridge,ABC,hospital-lyon,diseasome,3.9900640519565753,3.6183499455609267,0.8756835639850544,0.6049379089388814
gbt,ABC,hospital-lyon,diseasome,3.9900640519565753,1.7923795733890235,0.2650042138296412,0.6326034018886868
ridge,A,hospital-lyon,house-committees,6.46048355911533,1.5869055047876897,0.1074823316348884,0.24801468021688866
ridge,AB,hospital-lyon,house-committees,6.46048355911533,1.7079834793770021,0.12965582108477308,0.26845921314836013
ridge,ABC,hospital-lyon,house-committees,6.46048355911533,1.7126836566178671,0.13051658317479325,0.26853856766814527
gbt,ABC,hospital-lyon,house-committees,6.46048355911533,1.505055811691021,0.09249287287898121,0.23440913780381076
ridge,A,hospital-lyon,hypertext-conference,1.1388262015279327,1.134893303152561,0.9716703451359622,0.9530957514413315
ridge,AB,hospital-lyon,hypertext-conference,1.1388262015279327,1.1414444204814602,1.0188596887670425,0.9567381188535587
ridge,ABC,hospital-lyon,hypertext-conference,1.1388262015279327,1.141531218821968,1.0194849190157451,0.9569925333882864
gbt,ABC,hospital-lyon,hypertext-conference,1.1388262015279327,1.1090484113175014,0.785503097522698,0.9229285365198283
ridge,A,hospital-lyon,invs13,1.2663198563455473,1.0687170526395242,0.258024518270859,0.5959206174659174
ridge,AB,hospital-lyon,invs13,1.2663198563455473,1.0702284987346362,0.26369982207979054,0.5940043694024263
ridge,ABC,hospital-lyon,invs13,1.2663198563455473,1.070250519403041,0.26378250712140516,0.5941525414093011
gbt,ABC,hospital-lyon,invs13,1.2663198563455473,1.0557245981533667,0.20923936697031187,0.46669606437206423
ridge,A,hospital-lyon,math-cocitations,1.8053571194025417,1.263129742442189,0.3267243016829517,0.5169359946109113
ridge,AB,hospital-lyon,math-cocitations,1.8053571194025417,1.2916179215476205,0.3620976514915007,0.5152990602930865
ridge,ABC,hospital-lyon,math-cocitations,1.8053571194025417,1.2922607097083336,0.36289579202472155,0.5152985067506402
gbt,ABC,hospital-lyon,math-cocitations,1.8053571194025417,1.1796340346851497,0.2230489187435409,0.38669361579447387
ridge,A,hospital-lyon,neuro-cocitations,2.1242543379282326,1.0279653577697445,0.02487458293581403,0.3462752763600156
ridge,AB,hospital-lyon,neuro-cocitations,2.1242543379282326,1.0277478288042885,0.024681095609932882,0.3467785023265869
ridge,ABC,hospital-lyon,neuro-cocitations,2.1242543379282326,1.0290807614862172,0.0258667104988067,0.3468390573835884
gbt,ABC,hospital-lyon,neuro-cocitations,2.1242543379282326,0.985381888645867,-0.01300249495240658,0.2906951575832338
ridge,A,hospital-lyon,physics-cocitations,1.8439255034952018,1.2631106186007026,0.3117699577877475,0.5254399678290371
ridge,AB,hospital-lyon,physics-cocitations,1.8439255034952018,1.2498156392142445,0.2960162220238731,0.5045718874189015
ridge,ABC,hospital-lyon,physics-cocitations,1.8439255034952018,1.249098117657688,0.29516600295407985,0.5035246292215667
gbt,ABC,hospital-lyon,physics-cocitations,1.8439255034952018,1.274185801489313,0.32489337074628644,0.4500672515448676
ridge,A,hospital-lyon,plant-pollinator-mpl-014,2.5834026366365537,1.0181225776724623,0.011445337561744914,0.2847618101352977
ridge,AB,hospital-lyon,plant-pollinator-mpl-014,2.5834026366365537,1.0357195894373306,0.022558753289185947,0.2670829529326084
ridge,ABC,hospital-lyon,plant-pollinator-mpl-014,2.5834026366365537,1.0334032136339606,0.021095843129903667,0.2628631913572358
gbt,ABC,hospital-lyon,plant-pollinator-mpl-014,2.5834026366365537,1.0060989997296454,0.003851831232642682,0.2404985264013339
ridge,A,hospital-lyon,plant-pollinator-mpl-015,1.4102516667953713,1.0602357147142987,0.14682625224858267,0.6437108653524118
ridge,AB,hospital-lyon,plant-pollinator-mpl-015,1.4102516667953713,1.0975757003419229,0.23784351957451638,0.6938718076528922
ridge,ABC,hospital-lyon,plant-pollinator-mpl-015,1.4102516667953713,1.0991754924533468,0.24174305793330111,0.6956930433166894
gbt,ABC,hospital-lyon,plant-pollinator-mpl-015,1.4102516667953713,1.1353495473709394,0.32991833629392703,0.6812215586222679
ridge,A,hospital-lyon,plant-pollinator-mpl-016,3.056933205825239,0.8053580998320957,-0.0946272341837246,-0.01897688745649796
ridge,AB,hospital-lyon,plant-pollinator-mpl-016,3.056933205825239,0.8521609796630158,-0.07187351534717012,0.019249283701280814
ridge,ABC,hospital-lyon,plant-pollinator-mpl-016,3.056933205825239,0.8570786970285049,-0.06948271463883303,0.024730983660866936
gbt,ABC,hospital-lyon,plant-pollinator-mpl-016,3.056933205825239,0.8881645455790931,-0.05436999806517231,0.037988307275124755
ridge,A,hospital-lyon,plant-pollinator-mpl-021,2.745487382389059,1.1312115367758027,0.0751718620825621,0.4087582413588352
ridge,AB,hospital-lyon,plant-pollinator-mpl-021,2.745487382389059,1.1265146654294513,0.07248099682983097,0.38673239953178545
ridge,ABC,hospital-lyon,plant-pollinator-mpl-021,2.745487382389059,1.1246751945303632,0.07142715311967456,0.3843903572570003
gbt,ABC,hospital-lyon,plant-pollinator-mpl-021,2.745487382389059,1.1934544157149536,0.11083117395564979,0.4548691494873837
ridge,A,hospital-lyon,plant-pollinator-mpl-034,5.693354349219635,0.7889744008700492,-0.04496263938925431,-0.22192798491877905
ridge,AB,hospital-lyon,plant-pollinator-mpl-034,5.693354349219635,0.8272322353905557,-0.03681114864855036,-0.03525765506677585
ridge,ABC,hospital-lyon,plant-pollinator-mpl-034,5.693354349219635,0.8315216215909692,-0.035897221022112624,-0.013167780525198262
gbt,ABC,hospital-lyon,plant-pollinator-mpl-034,5.693354349219635,0.8642806135817391,-0.028917353415010515,-0.1465894484222449
ridge,A,hospital-lyon,plant-pollinator-mpl-044,2.6781507980073496,1.170706011621258,0.10172268894068145,0.5102753410300815
ridge,AB,hospital-lyon,plant-pollinator-mpl-044,2.6781507980073496,1.159968547905762,0.09532429868383104,0.4993789897030237
ridge,ABC,hospital-lyon,plant-pollinator-mpl-044,2.6781507980073496,1.158789942162655,0.09462197458726808,0.49828053363907093
gbt,ABC,hospital-lyon,plant-pollinator-mpl-044,2.6781507980073496,1.3585262625079992,0.21364365045961087,0.5343963857757512
ridge,A,hospital-lyon,plant-pollinator-mpl-049,3.7357043527991034,0.9470667657143358,-0.01934903317732571,0.03670609573576863
ridge,AB,hospital-lyon,plant-pollinator-mpl-049,3.7357043527991034,1.0006810070909016,0.0002489329997244717,0.12220465440103424
ridge,ABC,hospital-lyon,plant-pollinator-mpl-049,3.7357043527991034,1.0085828353294148,0.0031373402321903314,0.13578779713512662
gbt,ABC,hospital-lyon,plant-pollinator-mpl-049,3.7357043527991034,1.054878708460018,0.020060175144243002,0.11737581229738263
ridge,A,hospital-lyon,plant-pollinator-mpl-057,1.8564782392421568,1.0949552597175656,0.1108671013073087,0.6180407575879907
ridge,AB,hospital-lyon,plant-pollinator-mpl-057,1.8564782392421568,1.128995159693674,0.1506111349750271,0.6239582353637347
ridge,ABC,hospital-lyon,plant-pollinator-mpl-057,1.8564782392421568,1.1305092280527502,0.15237891877816948,0.6236402883907223
gbt,ABC,hospital-lyon,plant-pollinator-mpl-057,1.8564782392421568,1.1927345526966715,0.22503146474242014,0.6806276261548603
ridge,A,hospital-lyon,plant-pollinator-mpl-062,1.2434886859657044,1.0875973347379568,0.3597593637278695,0.815611629589767
ridge,AB,hospital-lyon,plant-pollinator-mpl-062,1.2434886859657044,1.0947296173116676,0.38905141294741874,0.8189992721883838
ridge,ABC,hospital-lyon,plant-pollinator-mpl-062,1.2434886859657044,1.0944660144340912,0.38796880462608774,0.8179341199955272
gbt,ABC,hospital-lyon,plant-pollinator-mpl-062,1.2434886859657044,1.0216823481881423,0.08904868865732955,0.06415159657465337
ridge,A,hospital-lyon,senate-committees,1.3189930045470284,1.134200825425287,0.420701468409481,0.7872984694377215
ridge,AB,hospital-lyon,senate-committees,1.3189930045470284,1.1672337624193132,0.5242552659008494,0.8154305507628844
ridge,ABC,hospital-lyon,senate-committees,1.3189930045470284,1.1687123368034371,0.5288903969634364,0.816169126759534
gbt,ABC,hospital-lyon,senate-committees,1.3189930045470284,1.025577705400548,0.08018265302359341,0.485214322038931
ridge,A,house-committees,contact-primary-school,1.1318799492854903,1.003723555467411,0.028234432054189247,0.7510631506150816
ridge,AB,house-committees,contact-primary-school,1.1318799492854903,1.0047721842367805,0.036185820988221616,0.322392954078255
ridge,ABC,house-committees,contact-primary-school,1.1318799492854903,1.001417706393597,0.010749976787812811,0.2504052095233719
gbt,ABC,house-committees,contact-primary-school,1.1318799492854903,1.0144100848579103,0.10926668485984711,0.237135601180513
ridge,A,house-committees,contact-high-school,1.3149893580660719,0.9766226760304713,-0.0742162342025064,0.23924314386744885
ridge,AB,house-committees,contact-high-school,1.3149893580660719,0.9483287718677247,-0.16404118681824423,0.026922377731300125
ridge,ABC,house-committees,contact-high-school,1.3149893580660719,0.9401830320354885,-0.18990155201359016,-0.02552137476023295
gbt,ABC,house-committees,contact-high-school,1.3149893580660719,0.9880309286644213,-0.0379983355916045,0.18784730781775094
ridge,A,house-committees,email-Enron,1.80346655331272,1.0042443028248382,0.005282488496053539,0.5032132138994017
ridge,AB,house-committees,email-Enron,1.80346655331272,1.5362937043387705,0.6674748340520377,0.6118839756095438
ridge,ABC,house-committees,email-Enron,1.80346655331272,1.5588024522994648,0.6954893766212211,0.5978019504204208
gbt,ABC,house-committees,email-Enron,1.80346655331272,1.1965386816338606,0.2446133953224622,0.5631767148698346
ridge,A,house-committees,email-Eu,1.6725121109900603,1.0649804903829037,0.09662352442581375,0.7767556759897484
ridge,AB,house-committees,email-Eu,1.6725121109900603,1.5141810800054951,0.7645677625768359,0.629479993092032
ridge,ABC,house-committees,email-Eu,1.6725121109900603,1.5151898278465794,0.7660677323537359,0.6153482605115728
gbt,ABC,house-committees,email-Eu,1.6725121109900603,1.2206561934917386,0.3281073900169508,0.4971864354191247
ridge,A,house-committees,NDC-classes,4.08325149712881,1.140722244894639,0.04564085836840835,0.6051742356461204
ridge,AB,house-committees,NDC-classes,4.08325149712881,1.978778442503195,0.3174500826204591,0.792470373403069
ridge,ABC,house-committees,NDC-classes,4.08325149712881,1.9330652044114502,0.3026237740516272,0.7995797445080668
gbt,ABC,house-committees,NDC-classes,4.08325149712881,2.2088770025700715,0.3920786233934545,0.7392539222556326
ridge,A,house-committees,NDC-substances,1.9382074303228396,1.1399320736508376,0.1491483323711118,0.8132521582812609
ridge,AB,house-committees,NDC-substances,1.9382074303228396,1.5747394310410237,0.6125931350205299,0.8814452838427477
ridge,ABC,house-committees,NDC-substances,1.9382074303228396,1.560729568489733,0.5976605496470909,0.8664037539412941
gbt,ABC,house-committees,NDC-substances,1.9382074303228396,1.2510505759964692,0.2675853631963691,0.5065365465186873
ridge,A,house-committees,DAWN,1.0417909408473682,0.9771086303505476,-0.5477591359586237,0.7740349884986923
ridge,AB,house-committees,DAWN,1.0417909408473682,1.0857571349580304,2.052050832529436,0.7444820012293303
ridge,ABC,house-committees,DAWN,1.0417909408473682,1.0862782044896069,2.0645193130424633,0.642456486884186
gbt,ABC,house-committees,DAWN,1.0417909408473682,1.0487630220648902,1.1668323583090876,0.04586396656881839
ridge,A,house-committees,congress-bills,1.066851977621039,0.9808699238653783,-0.286155725161394,0.46728056102269067
ridge,AB,house-committees,congress-bills,1.066851977621039,1.107002202616423,1.6005839531476824,0.6867194303349021
ridge,ABC,house-committees,congress-bills,1.066851977621039,1.1188141048143285,1.7772713544518466,0.5897706619754185
gbt,ABC,house-committees,congress-bills,1.066851977621039,1.064332270663394,0.9623091635085445,0.054316714722672264
ridge,A,house-committees,tags-math-sx,1.1319030898951705,1.0066164227450045,0.05016124148617663,0.8631542339983029
ridge,AB,house-committees,tags-math-sx,1.1319030898951705,1.0414869697663134,0.3145261403602069,0.7359415707270182
ridge,ABC,house-committees,tags-math-sx,1.1319030898951705,1.0360270610270885,0.27313280572669596,0.6490072571710147
gbt,ABC,house-committees,tags-math-sx,1.1319030898951705,0.9552730984996166,-0.3390891110733639,0.160710387685098
ridge,A,house-committees,tags-ask-ubuntu,1.1923896562998082,1.0240680817500514,0.12510070558338726,0.8727951895382787
ridge,AB,house-committees,tags-ask-ubuntu,1.1923896562998082,1.0623132391543257,0.3238907972121985,0.8227921243081886
ridge,ABC,house-committees,tags-ask-ubuntu,1.1923896562998082,1.0537683221551783,0.27947615890216626,0.75342237572963
gbt,ABC,house-committees,tags-ask-ubuntu,1.1923896562998082,0.948280225534773,-0.26882824918939563,0.29687562700186326
ridge,A,house-committees,cs-cocitations,1.498426821066899,0.9977239663103967,-0.004566435017945763,0.5337084158180819
ridge,AB,house-committees,cs-cocitations,1.498426821066899,1.0820925106228823,0.16470323656973462,0.5104572620296018
ridge,ABC,house-committees,cs-cocitations,1.498426821066899,1.0785999052209603,0.15769597842410366,0.4841538465117539
gbt,ABC,house-committees,cs-cocitations,1.498426821066899,1.079206895846458,0.15891379135037928,0.5587071339920808
ridge,A,house-committees,diseasome,3.9900640519565753,1.4060110800715881,0.13578675005504018,0.6579456988183155
ridge,AB,house-committees,diseasome,3.9900640519565753,1.9824037127637995,0.328556076289053,0.6335555624138504
ridge,ABC,house-committees,diseasome,3.9900640519565753,2.079165662716803,0.3609172392178827,0.5954726437599037
gbt,ABC,house-committees,diseasome,3.9900640519565753,1.2775298684966137,0.09281736567315656,0.4755330734639879
ridge,A,house-committees,hospital-lyon,1.0879241574641232,0.9894067764976158,-0.12048137631238284,0.78220444606601
ridge,AB,house-committees,hospital-lyon,1.0879241574641232,1.0584999459984392,0.6653455396750284,0.5375249713082554
ridge,ABC,house-committees,hospital-lyon,1.0879241574641232,1.0638981773180247,0.7267419917455326,0.399776507821446
gbt,ABC,house-committees,hospital-lyon,1.0879241574641232,1.087079860789409,0.9903974436711697,0.7500657556592535
ridge,A,house-committees,hypertext-conference,1.1388262015279327,1.0112718584291809,0.08119402753314485,0.8804452384530104
ridge,AB,house-committees,hypertext-conference,1.1388262015279327,1.0403133463248035,0.29038715949231136,0.741914065465804
ridge,ABC,house-committees,hypertext-conference,1.1388262015279327,1.0400902240748253,0.2887799538818248,0.6873930233442529
gbt,ABC,house-committees,hypertext-conference,1.1388262015279327,1.0792538899399964,0.5708856762464254,0.8073588077741549
ridge,A,house-committees,invs13,1.2663198563455473,0.9932799551312044,-0.025232984731249016,0.5515522234675941
ridge,AB,house-committees,invs13,1.2663198563455473,1.0017499634166107,0.006570908533159283,0.512876744439931
ridge,ABC,house-committees,invs13,1.2663198563455473,1.0012399740680502,0.004655958008783826,0.489453434975277
gbt,ABC,house-committees,invs13,1.2663198563455473,1.021827647266636,0.08196026975290552,0.5200197749795985
ridge,A,house-committees,math-cocitations,1.8053571194025417,1.0076891771339636,0.00954753729583692,0.40693777036828965
ridge,AB,house-committees,math-cocitations,1.8053571194025417,1.2070905196811208,0.25714122926578453,0.5158898039625563
ridge,ABC,house-committees,math-cocitations,1.8053571194025417,1.2128538438117975,0.2642974634280308,0.4911475842644077
gbt,ABC,house-committees,math-cocitations,1.8053571194025417,1.0737496708946859,0.09157387340090498,0.4692955186154857
ridge,A,house-committees,neuro-cocitations,2.1242543379282326,1.0052990318254713,0.004713374586782852,0.49440851478444403
ridge,AB,house-committees,neuro-cocitations,2.1242543379282326,1.4294527168874112,0.3819889347092077,0.6732608223388777
ridge,ABC,house-committees,neuro-cocitations,2.1242543379282326,1.4452578684105464,0.39604727630499004,0.6543327263614216
gbt,ABC,house-committees,neuro-cocitations,2.1242543379282326,1.0684852217213434,0.060916128504825216,0.4769279090669705
ridge,A,house-committees,physics-cocitations,1.8439255034952018,1.0045576621490044,0.005400550321240944,0.4334097628088016
ridge,AB,house-committees,physics-cocitations,1.8439255034952018,1.1803455900060835,0.21369847132141906,0.5358107820368754
ridge,ABC,house-committees,physics-cocitations,1.8439255034952018,1.1831368157300246,0.21700590273850617,0.5166957693161998
gbt,ABC,house-committees,physics-cocitations,1.8439255034952018,1.0935140466482545,0.11080841408507824,0.47619016924935426
ridge,A,house-committees,plant-pollinator-mpl-014,2.5834026366365537,1.038689818665975,0.024434605431856212,0.5748749743768948
ridge,AB,house-committees,plant-pollinator-mpl-014,2.5834026366365537,1.5929092629041206,0.37445261816891495,0.8269721629299501
ridge,ABC,house-committees,plant-pollinator-mpl-014,2.5834026366365537,1.6628359478979686,0.4186149072644955,0.8024715800977807
gbt,ABC,house-committees,plant-pollinator-mpl-014,2.5834026366365537,1.0545085781448953,0.03442496360918143,0.49061573937905134
ridge,A,house-committees,plant-pollinator-mpl-015,1.4102516667953713,0.9997274161620728,-0.0006644307872199983,0.5668729937660365
ridge,AB,house-committees,plant-pollinator-mpl-015,1.4102516667953713,1.283586324546213,0.6912496584387126,0.7549754276319871
ridge,ABC,house-committees,plant-pollinator-mpl-015,1.4102516667953713,1.2971360114651687,0.7242774021765928,0.730864925575647
gbt,ABC,house-committees,plant-pollinator-mpl-015,1.4102516667953713,1.3961692461102881,0.965673702693066,0.5661882790606008
ridge,A,house-committees,plant-pollinator-mpl-016,3.056933205825239,0.9646068730283579,-0.017206745883341614,-0.011850171897445033
ridge,AB,house-committees,plant-pollinator-mpl-016,3.056933205825239,1.6799632757979586,0.33057139331131474,0.8069227922845337
ridge,ABC,house-committees,plant-pollinator-mpl-016,3.056933205825239,1.6870985971527772,0.3340403058334187,0.7863843817836024
gbt,ABC,house-committees,plant-pollinator-mpl-016,3.056933205825239,1.2818248024128678,0.13701213127132147,0.5463200241399133
ridge,A,house-committees,plant-pollinator-mpl-021,2.745487382389059,1.0612695951050317,0.03510171183315668,0.6247709964608908
ridge,AB,house-committees,plant-pollinator-mpl-021,2.745487382389059,1.7729440382505575,0.44282419113945376,0.8608081169937435
ridge,ABC,house-committees,plant-pollinator-mpl-021,2.745487382389059,1.7878003392185824,0.45133545344814546,0.8494163703086212
gbt,ABC,house-committees,plant-pollinator-mpl-021,2.745487382389059,1.8459177181889195,0.4846312420953206,0.7815173581779483
ridge,A,house-committees,plant-pollinator-mpl-034,5.693354349219635,0.9643023942147375,-0.0076059899016996104,-0.4891762101165535
ridge,AB,house-committees,plant-pollinator-mpl-034,5.693354349219635,2.042030758454903,0.2220226049260827,0.8153130408601325
ridge,ABC,house-committees,plant-pollinator-mpl-034,5.693354349219635,2.0812950578443137,0.230388540346224,0.756981572524649
gbt,ABC,house-committees,plant-pollinator-mpl-034,5.693354349219635,1.6100646456319598,0.1299847827883261,0.7179433994679932
ridge,A,house-committees,plant-pollinator-mpl-044,2.6781507980073496,1.0811379295292556,0.0483496057836992,0.6557219376353796
ridge,AB,house-committees,plant-pollinator-mpl-044,2.6781507980073496,1.8322544844703894,0.49593545792107324,0.8219950007815695
ridge,ABC,house-committees,plant-pollinator-mpl-044,2.6781507980073496,1.849158719739569,0.5060085903769,0.793278644584374
gbt,ABC,house-committees,plant-pollinator-mpl-044,2.6781507980073496,1.5341678441146862,0.31830741596581286,0.6852629597869887
ridge,A,house-committees,plant-pollinator-mpl-049,3.7357043527991034,0.9696292247408943,-0.011101629175693305,-0.17047051444879993
ridge,AB,house-committees,plant-pollinator-mpl-049,3.7357043527991034,1.919352565931235,0.3360569883915185,0.7558211623312706
ridge,ABC,house-committees,plant-pollinator-mpl-049,3.7357043527991034,1.9043881775986529,0.33058695712981767,0.751437275724629
gbt,ABC,house-committees,plant-pollinator-mpl-049,3.7357043527991034,2.036319825900391,0.3788128000162206,0.6405217180391645
ridge,A,house-committees,plant-pollinator-mpl-057,1.8564782392421568,1.0057494373289309,0.006712881968861419,0.5965027288335154
ridge,AB,house-committees,plant-pollinator-mpl-057,1.8564782392421568,1.4712973353051433,0.5502735664623124,0.8582061614859521
ridge,ABC,house-committees,plant-pollinator-mpl-057,1.8564782392421568,1.4902804649433135,0.5724377368619797,0.8295252407217
gbt,ABC,house-committees,plant-pollinator-mpl-057,1.8564782392421568,1.6435151390336327,0.7513502498359308,0.7179280824471863
ridge,A,house-committees,plant-pollinator-mpl-062,1.2434886859657044,1.0128217990068862,0.05265870550014855,0.7488299994992634
ridge,AB,house-committees,plant-pollinator-mpl-062,1.2434886859657044,1.080594642599759,0.3309995381514805,0.5624496777591166
ridge,ABC,house-committees,plant-pollinator-mpl-062,1.2434886859657044,1.0851251327606466,0.34960611177078077,0.5377586171714895
gbt,ABC,house-committees,plant-pollinator-mpl-062,1.2434886859657044,1.081586464916881,0.33507291968536257,0.18140028460850902
ridge,A,house-committees,senate-committees,1.3189930045470284,1.019314157068464,0.06054727468362594,0.6908644499259105
ridge,AB,house-committees,senate-committees,1.3189930045470284,1.1736704827829887,0.5444335151788097,0.7832973350217428
ridge,ABC,house-committees,senate-committees,1.3189930045470284,1.1862440054991485,0.5838498112634662,0.7734686319992519
gbt,ABC,house-committees,senate-committees,1.3189930045470284,1.1975295348382662,0.6192284220111945,0.4029347577719154
ridge,A,hypertext-conference,contact-primary-school,1.1318799492854903,1.0733974138219622,0.5565471796100965,0.7740899682850357
ridge,AB,hypertext-conference,contact-primary-school,1.1318799492854903,1.0744312979341861,0.5643867649134379,0.7629331274687271
ridge,ABC,hypertext-conference,contact-primary-school,1.1318799492854903,1.0740315432617975,0.561355563623519,0.7666274102032922
gbt,ABC,hypertext-conference,contact-primary-school,1.1318799492854903,1.0663784465427513,0.5033247806234512,0.6871344803403057
ridge,A,hypertext-conference,contact-high-school,1.3149893580660719,0.9911562010949,-0.028076500613855474,0.3151724537881453
ridge,AB,hypertext-conference,contact-high-school,1.3149893580660719,0.9905179226604136,-0.03010284981627043,0.3006806808865334
ridge,ABC,hypertext-conference,contact-high-school,1.3149893580660719,0.9912233743092514,-0.027863245109720738,0.30355399310252074
gbt,ABC,hypertext-conference,contact-high-school,1.3149893580660719,0.9946719515539691,-0.016915010966539534,0.30663278928377874
ridge,A,hypertext-conference,email-Enron,1.80346655331272,1.0794869202530177,0.09892996780673749,0.48967515721746424
ridge,AB,hypertext-conference,email-Enron,1.80346655331272,1.1531301232728146,0.19058680494098212,0.5460963729094735
ridge,ABC,hypertext-conference,email-Enron,1.80346655331272,1.171321824378687,0.21322832129392466,0.5547897649870279
gbt,ABC,hypertext-conference,email-Enron,1.80346655331272,1.1580979368933373,0.19676977995100614,0.5344150403618255
ridge,A,hypertext-conference,email-Eu,1.6725121109900603,1.3993015936339968,0.5937463238337107,0.831698764599181
ridge,AB,hypertext-conference,email-Eu,1.6725121109900603,1.4653299044134256,0.6919279174443048,0.8537086345403524
ridge,ABC,hypertext-conference,email-Eu,1.6725121109900603,1.4896585338304031,0.7281036665786385,0.8560125991029706
gbt,ABC,hypertext-conference,email-Eu,1.6725121109900603,1.17501584528952,0.26024192342330443,0.7106553857848892
ridge,A,hypertext-conference,NDC-classes,4.08325149712881,1.8474031412400187,0.2748407458908684,0.6531552007297432
ridge,AB,hypertext-conference,NDC-classes,4.08325149712881,1.9072630393552124,0.294255282191568,0.6648725179186439
ridge,ABC,hypertext-conference,NDC-classes,4.08325149712881,2.0171312919121984,0.32988917474275875,0.6759436272606355
gbt,ABC,hypertext-conference,NDC-classes,4.08325149712881,1.9656619990223831,0.31319598804107557,0.7117612262876901
ridge,A,hypertext-conference,NDC-substances,1.9382074303228396,1.7677382118551572,0.8183032739262963,0.9019341654670452
ridge,AB,hypertext-conference,NDC-substances,1.9382074303228396,1.7799978017982447,0.8313703095805215,0.9084375331057468
ridge,ABC,hypertext-conference,NDC-substances,1.9382074303228396,1.79484114040935,0.8471912657266455,0.9087552001430796
gbt,ABC,hypertext-conference,NDC-substances,1.9382074303228396,1.2664667556175582,0.2840168890219365,0.7103557564396817
ridge,A,hypertext-conference,DAWN,1.0417909408473682,0.9906911562811866,-0.22274788578729915,0.9453497357498111
ridge,AB,hypertext-conference,DAWN,1.0417909408473682,1.0086090217442907,0.20600210403812502,0.95516865665717
ridge,ABC,hypertext-conference,DAWN,1.0417909408473682,1.0216823785184057,0.5188296333790521,0.9569955086912216
gbt,ABC,hypertext-conference,DAWN,1.0417909408473682,1.0356859665603262,0.8539163234123144,0.6343331183058794
ridge,A,hypertext-conference,congress-bills,1.066851977621039,1.0282921637560443,0.42320608548669814,0.7896622253697534
ridge,AB,hypertext-conference,congress-bills,1.066851977621039,1.046385350086842,0.6938515768341927,0.833982693612174
ridge,ABC,hypertext-conference,congress-bills,1.066851977621039,1.0527990138932002,0.789789857713705,0.8616273531749936
gbt,ABC,hypertext-conference,congress-bills,1.066851977621039,1.0055150029781532,0.08249573422368867,0.25034873195950674
ridge,A,hypertext-conference,tags-math-sx,1.1319030898951705,1.168984012969607,1.2811224748708037,0.9537706770926486
ridge,AB,hypertext-conference,tags-math-sx,1.1319030898951705,1.174086870732199,1.3198088905313277,0.9578705787382863
ridge,ABC,hypertext-conference,tags-math-sx,1.1319030898951705,1.1787850927356842,1.355427631587501,0.9581095380373201
gbt,ABC,hypertext-conference,tags-math-sx,1.1319030898951705,1.0284623715159906,0.21578244708756245,0.6317118613477175
ridge,A,hypertext-conference,tags-ask-ubuntu,1.1923896562998082,1.263833722799417,1.371350871318543,0.9516322711887581
ridge,AB,hypertext-conference,tags-ask-ubuntu,1.1923896562998082,1.2689004197549665,1.3976864709188348,0.9533370818104546
ridge,ABC,hypertext-conference,tags-ask-ubuntu,1.1923896562998082,1.2704542434490176,1.40576291184573,0.9540508973484064
gbt,ABC,hypertext-conference,tags-ask-ubuntu,1.1923896562998082,1.0525179070642856,0.27297677055176467,0.6611518216980418
ridge,A,hypertext-conference,cs-cocitations,1.498426821066899,1.2780295139827609,0.5578141107808556,0.6471898227976816
ridge,AB,hypertext-conference,cs-cocitations,1.498426821066899,1.2933705129525281,0.588592949963164,0.6519710779531455
ridge,ABC,hypertext-conference,cs-cocitations,1.498426821066899,1.2918304872637412,0.5855031770542934,0.649089299280972
gbt,ABC,hypertext-conference,cs-cocitations,1.498426821066899,1.292508292658251,0.5868630665423008,0.6228849468277544
ridge,A,hypertext-conference,diseasome,3.9900640519565753,3.9564154626611545,0.988746532277995,0.5483528635995002
ridge,AB,hypertext-conference,diseasome,3.9900640519565753,4.015120875025754,1.0083800288668674,0.5708026263782703
ridge,ABC,hypertext-conference,diseasome,3.9900640519565753,3.9933105773619655,1.0010857711905088,0.5615668337199627
gbt,ABC,hypertext-conference,diseasome,3.9900640519565753,1.0264837615145577,0.008857255581942393,0.2963500036635865
ridge,A,hypertext-conference,hospital-lyon,1.0879241574641232,1.0466005289177363,0.5300082509946286,0.9178772678951831
ridge,AB,hypertext-conference,hospital-lyon,1.0879241574641232,1.055759010276416,0.6341716757327827,0.9247156910857571
ridge,ABC,hypertext-conference,hospital-lyon,1.0879241574641232,1.055552268036772,0.6318203055791537,0.9246427424158824
gbt,ABC,hypertext-conference,hospital-lyon,1.0879241574641232,1.052979596579656,0.6025601849102046,0.8669184531184272
ridge,A,hypertext-conference,house-committees,6.46048355911533,1.6151810774851765,0.11266054934974365,0.3257871839902425
ridge,AB,hypertext-conference,house-committees,6.46048355911533,1.6734300441848176,0.12332791352528531,0.33192042295668145
ridge,ABC,hypertext-conference,house-committees,6.46048355911533,1.6888508451493998,0.12615198593529006,0.3333555373500301
gbt,ABC,hypertext-conference,house-committees,6.46048355911533,1.5749505469491494,0.10529297281545133,0.33279229044742115
ridge,A,hypertext-conference,invs13,1.2663198563455473,1.0617163810476977,0.23173781292379994,0.5987849154722644
ridge,AB,hypertext-conference,invs13,1.2663198563455473,1.0631166090953055,0.23699550593558563,0.6008080926423776
ridge,ABC,hypertext-conference,invs13,1.2663198563455473,1.0627566346653834,0.2356438439346306,0.6011973992529551
gbt,ABC,hypertext-conference,invs13,1.2663198563455473,0.9991662017051737,-0.003130815352139879,0.5149073399782866
ridge,A,hypertext-conference,math-cocitations,1.8053571194025417,1.2478884465362041,0.3077994104281358,0.5260323509081064
ridge,AB,hypertext-conference,math-cocitations,1.8053571194025417,1.2854869951357166,0.35448497102441534,0.5440525362805672
ridge,ABC,hypertext-conference,math-cocitations,1.8053571194025417,1.2867137633433576,0.3560082309274893,0.5452817264101397
gbt,ABC,hypertext-conference,math-cocitations,1.8053571194025417,1.0836078372057674,0.10381461241417009,0.437639529714512
ridge,A,hypertext-conference,neuro-cocitations,2.1242543379282326,1.1036377288703332,0.09218352589265166,0.4411286624557838
ridge,AB,hypertext-conference,neuro-cocitations,2.1242543379282326,1.1970660553218966,0.175286008400064,0.4745774285531352
ridge,ABC,hypertext-conference,neuro-cocitations,2.1242543379282326,1.1967680995754226,0.17502098318608705,0.4733372200003391
gbt,ABC,hypertext-conference,neuro-cocitations,2.1242543379282326,1.1109021371847132,0.09864506050213052,0.4378290128081798
ridge,A,hypertext-conference,physics-cocitations,1.8439255034952018,1.2108369572876216,0.2498288728263565,0.5312189588706857
ridge,AB,hypertext-conference,physics-cocitations,1.8439255034952018,1.243345923071986,0.28835000490463275,0.5507251947245994
ridge,ABC,hypertext-conference,physics-cocitations,1.8439255034952018,1.2405230784255994,0.2850051070022757,0.5455403159180611
gbt,ABC,hypertext-conference,physics-cocitations,1.8439255034952018,1.1663432910262415,0.19710660518886336,0.48693788854672126
ridge,A,hypertext-conference,plant-pollinator-mpl-014,2.5834026366365537,1.1157521075784047,0.07310339448738323,0.3694511192129181
ridge,AB,hypertext-conference,plant-pollinator-mpl-014,2.5834026366365537,1.1796298323689502,0.11344545487843695,0.4253991909017483
ridge,ABC,hypertext-conference,plant-pollinator-mpl-014,2.5834026366365537,1.164785036115903,0.10407020444650607,0.4080351536400942
gbt,ABC,hypertext-conference,plant-pollinator-mpl-014,2.5834026366365537,1.072140549187327,0.045560457913956236,0.5043427571835419
ridge,A,hypertext-conference,plant-pollinator-mpl-015,1.4102516667953713,1.0486199047720548,0.11851238814419209,0.6383939477012706
ridge,AB,hypertext-conference,plant-pollinator-mpl-015,1.4102516667953713,1.0707213802935185,0.17238535761706847,0.6731839945806192
ridge,ABC,hypertext-conference,plant-pollinator-mpl-015,1.4102516667953713,1.081658130529414,0.1990439945491899,0.6927817687718206
gbt,ABC,hypertext-conference,plant-pollinator-mpl-015,1.4102516667953713,1.0879631465986157,0.21441264891311385,0.6718366282326272
ridge,A,hypertext-conference,plant-pollinator-mpl-016,3.056933205825239,0.8182292058344355,-0.08836980882548313,-0.022778133303725624
ridge,AB,hypertext-conference,plant-pollinator-mpl-016,3.056933205825239,0.8696459037742775,-0.06337303314301088,0.006274022456743842
ridge,ABC,hypertext-conference,plant-pollinator-mpl-016,3.056933205825239,0.9063120584875048,-0.04554739125566679,0.05635550190960553
gbt,ABC,hypertext-conference,plant-pollinator-mpl-016,3.056933205825239,1.0311938100719458,0.015165203217880308,0.2261419957757951
ridge,A,hypertext-conference,plant-pollinator-mpl-021,2.745487382389059,1.146619381213691,0.08399910689300548,0.46588408432544676
ridge,AB,hypertext-conference,plant-pollinator-mpl-021,2.745487382389059,1.1781136701704809,0.10204237049636854,0.47243110692462437
ridge,ABC,hypertext-conference,plant-pollinator-mpl-021,2.745487382389059,1.177105812669525,0.10146496299911335,0.46707907808001
gbt,ABC,hypertext-conference,plant-pollinator-mpl-021,2.745487382389059,1.1979750221148147,0.1134210559825675,0.5086247306590934
ridge,A,hypertext-conference,plant-pollinator-mpl-034,5.693354349219635,0.8003652118038737,-0.042535630881848856,-0.2572780734209199
ridge,AB,hypertext-conference,plant-pollinator-mpl-034,5.693354349219635,0.9154117066076485,-0.018022993172551745,-0.13459194913550843
ridge,ABC,hypertext-conference,plant-pollinator-mpl-034,5.693354349219635,0.9551182008221901,-0.009562840526897865,0.03364104696458532
gbt,ABC,hypertext-conference,plant-pollinator-mpl-034,5.693354349219635,1.1343438539254285,0.02862427252009341,0.23549670187778182
ridge,A,hypertext-conference,plant-pollinator-mpl-044,2.6781507980073496,1.1820546738227733,0.10848528871120912,0.5443804218422342
ridge,AB,hypertext-conference,plant-pollinator-mpl-044,2.6781507980073496,1.2460521565624403,0.1466210050101604,0.566899093238523
ridge,ABC,hypertext-conference,plant-pollinator-mpl-044,2.6781507980073496,1.2486282764710286,0.14815609941982086,0.5649030264652514
gbt,ABC,hypertext-conference,plant-pollinator-mpl-044,2.6781507980073496,1.062000883272179,0.03694595464591107,0.47234778564068913
ridge,A,hypertext-conference,plant-pollinator-mpl-049,3.7357043527991034,0.9398824030319244,-0.021975180507559165,0.011537781829595079
ridge,AB,hypertext-conference,plant-pollinator-mpl-049,3.7357043527991034,1.0020167805141436,0.0007372070421571827,0.1169571201821129
ridge,ABC,hypertext-conference,plant-pollinator-mpl-049,3.7357043527991034,1.0549759441965365,0.020095718362361237,0.21537780235102086
gbt,ABC,hypertext-conference,plant-pollinator-mpl-049,3.7357043527991034,0.9957158832237668,-0.0015660013743260647,0.014487777019029023
ridge,A,hypertext-conference,plant-pollinator-mpl-057,1.8564782392421568,1.0708755985230922,0.08275236342934472,0.6283150980357719
ridge,AB,hypertext-conference,plant-pollinator-mpl-057,1.8564782392421568,1.107094160555144,0.1250401418837038,0.6541739877437748
ridge,ABC,hypertext-conference,plant-pollinator-mpl-057,1.8564782392421568,1.1202565624206353,0.14040819358941647,0.6597469189435312
gbt,ABC,hypertext-conference,plant-pollinator-mpl-057,1.8564782392421568,1.0898193886674314,0.10487060213801452,0.6413751793249232
ridge,A,hypertext-conference,plant-pollinator-mpl-062,1.2434886859657044,1.0844996987008189,0.3470374747216005,0.8197798876985494
ridge,AB,hypertext-conference,plant-pollinator-mpl-062,1.2434886859657044,1.090930825758046,0.37344990136771117,0.8352544840537428
ridge,ABC,hypertext-conference,plant-pollinator-mpl-062,1.2434886859657044,1.0893951874753376,0.36714308560492614,0.8327384730911995
gbt,ABC,hypertext-conference,plant-pollinator-mpl-062,1.2434886859657044,1.0100745140193148,0.04137569669554918,0.5540050426203249
ridge,A,hypertext-conference,senate-committees,1.3189930045470284,1.1136618918871855,0.3563146848583275,0.7937403885058472
ridge,AB,hypertext-conference,senate-committees,1.3189930045470284,1.1300426775556869,0.40766623625602105,0.8208469598040748
ridge,ABC,hypertext-conference,senate-committees,1.3189930045470284,1.1350770744371224,0.42344839075368584,0.8242699299742586
gbt,ABC,hypertext-conference,senate-committees,1.3189930045470284,1.0637641275779963,0.1998919307604933,0.7267893496017026
ridge,A,invs13,contact-primary-school,1.1318799492854903,1.0388806767861718,0.29481871199392046,0.7753020719744498
ridge,AB,invs13,contact-primary-school,1.1318799492854903,1.0402489171276814,0.30519360483337465,0.7532321448790775
ridge,ABC,invs13,contact-primary-school,1.1318799492854903,1.0411544901269534,0.31206025138714005,0.7548116800702603
gbt,ABC,invs13,contact-primary-school,1.1318799492854903,0.9911876222735964,-0.06682120954813862,0.1602050658626287
ridge,A,invs13,contact-high-school,1.3149893580660719,0.985224787436676,-0.04690702141189418,0.33094579852048317
ridge,AB,invs13,contact-high-school,1.3149893580660719,0.9983690903299474,-0.0051776659378776225,0.36245740970229035
ridge,ABC,invs13,contact-high-school,1.3149893580660719,1.0008949785976629,0.0028412978875150584,0.3555032103440533
gbt,ABC,invs13,contact-high-school,1.3149893580660719,1.0133273840893553,0.04231058525653352,0.28075068399272496
ridge,A,invs13,email-Enron,1.80346655331272,1.0380607970159992,0.04737072981952169,0.48797483822410387
ridge,AB,invs13,email-Enron,1.80346655331272,1.0869056947523628,0.10816342558884076,0.4588018175294107
ridge,ABC,invs13,email-Enron,1.80346655331272,1.240136674154639,0.298875756762428,0.5633590761876733
gbt,ABC,invs13,email-Enron,1.80346655331272,1.0721546522930026,0.08980417665863806,0.44992183696890786
ridge,A,invs13,email-Eu,1.6725121109900603,1.2490074431708742,0.370264622899192,0.822429779167595
ridge,AB,invs13,email-Eu,1.6725121109900603,1.3412748272954158,0.5074627233002498,0.7593048751935287
ridge,ABC,invs13,email-Eu,1.6725121109900603,1.5063506590113074,0.7529242235740068,0.7556934385920578
gbt,ABC,invs13,email-Eu,1.6725121109900603,1.0208199256759938,0.030958439760055856,0.4347251858228623
ridge,A,invs13,NDC-classes,4.08325149712881,1.7518528256129329,0.2438506318129009,0.6639874978837416
ridge,AB,invs13,NDC-classes,4.08325149712881,1.3427339236773568,0.11115989856698942,0.5755957967558657
ridge,ABC,invs13,NDC-classes,4.08325149712881,1.7707400053555449,0.2499763662073219,0.6369071306644967
gbt,ABC,invs13,NDC-classes,4.08325149712881,1.419157122663527,0.13594645881267065,0.5554444778317208
ridge,A,invs13,NDC-substances,1.9382074303228396,1.5871761540405813,0.6258489701350292,0.9165923395991586
ridge,AB,invs13,NDC-substances,1.9382074303228396,1.6328497237025443,0.6745307095732328,0.8888510697902514
ridge,ABC,invs13,NDC-substances,1.9382074303228396,1.730545731807204,0.778661208807333,0.8822399377437549
gbt,ABC,invs13,NDC-substances,1.9382074303228396,1.0545937237356626,0.05818939604526132,0.5168421179360763
ridge,A,invs13,DAWN,1.0417909408473682,0.999134298570103,-0.02071505001667042,0.9677583498747153
ridge,AB,invs13,DAWN,1.0417909408473682,0.8884092302928341,-2.670214344173906,0.7943564666045687
ridge,ABC,invs13,DAWN,1.0417909408473682,1.0221979829904952,0.5311673425005735,0.8134078558396105
gbt,ABC,invs13,DAWN,1.0417909408473682,1.0036836312867967,0.08814425356563116,0.5721734882861971
ridge,A,invs13,congress-bills,1.066851977621039,1.012886197386347,0.19275716059432743,0.8121896560963578
ridge,AB,invs13,congress-bills,1.066851977621039,0.9679598134184474,-0.479270587374056,0.32107557547072646
ridge,ABC,invs13,congress-bills,1.066851977621039,1.0422445923740014,0.6319123813131079,0.6508950697339451
gbt,ABC,invs13,congress-bills,1.066851977621039,0.986919705407446,-0.19566054824438725,0.16165309526143423
ridge,A,invs13,tags-math-sx,1.1319030898951705,1.1006538483561012,0.7630893896124459,0.9722006260761987
ridge,AB,invs13,tags-math-sx,1.1319030898951705,1.1521314562715639,1.153357790120533,0.87363180474904
ridge,ABC,invs13,tags-math-sx,1.1319030898951705,1.2120729174881968,1.6077934008728751,0.879664794246672
gbt,ABC,invs13,tags-math-sx,1.1319030898951705,0.9971923270582338,-0.02128587695707198,0.3933905825094041
ridge,A,invs13,tags-ask-ubuntu,1.1923896562998082,1.168670001417263,0.8767103422359575,0.975384588237503
ridge,AB,invs13,tags-ask-ubuntu,1.1923896562998082,1.2278988632282948,1.1845692102757917,0.9089498944368871
ridge,ABC,invs13,tags-ask-ubuntu,1.1923896562998082,1.2606920362127283,1.355021061041254,0.912059006295106
gbt,ABC,invs13,tags-ask-ubuntu,1.1923896562998082,1.0064515162009608,0.03353359180031594,0.4740047009997373
ridge,A,invs13,cs-cocitations,1.498426821066899,1.142076393954716,0.28504965613727784,0.663411842389005
ridge,AB,invs13,cs-cocitations,1.498426821066899,1.1844372955332303,0.3700388657625531,0.6822160718574077
ridge,ABC,invs13,cs-cocitations,1.498426821066899,1.2055901099460529,0.41247802336555744,0.6771631325143583
gbt,ABC,invs13,cs-cocitations,1.498426821066899,1.0831268208227738,0.16677838613266857,0.49638022448402147
ridge,A,invs13,diseasome,3.9900640519565753,2.637661304719661,0.5477010780581917,0.46784805284274356
ridge,AB,invs13,diseasome,3.9900640519565753,2.389425848163071,0.4646809646950164,0.6066130597319749
ridge,ABC,invs13,diseasome,3.9900640519565753,2.495119092338632,0.5000291185602822,0.5860118093228168
gbt,ABC,invs13,diseasome,3.9900640519565753,2.209600512838111,0.40454000042126126,0.5755818183024359
ridge,A,invs13,hospital-lyon,1.0879241574641232,1.0234913845993592,0.2671778186665555,0.9066507559212043
ridge,AB,invs13,hospital-lyon,1.0879241574641232,1.0420801129020696,0.47859557732173974,0.8455155784182871
ridge,ABC,invs13,hospital-lyon,1.0879241574641232,1.054418022142385,0.618920029624279,0.84372940054498
gbt,ABC,invs13,hospital-lyon,1.0879241574641232,1.0659249250485987,0.7497930824699559,0.7918441555694602
ridge,A,invs13,house-committees,6.46048355911533,1.3996377304993572,0.0731872417841514,0.3229699452720179
ridge,AB,invs13,house-committees,6.46048355911533,1.4687839966649068,0.08585027160870272,0.3916715978133792
ridge,ABC,invs13,house-committees,6.46048355911533,1.5678998593102504,0.10400175243861694,0.40275031451093807
gbt,ABC,invs13,house-committees,6.46048355911533,1.3063034839060823,0.05609457122066814,0.25679311046026765
ridge,A,invs13,hypertext-conference,1.1388262015279327,1.069097833987696,0.49772905422174984,0.9484881235224334
ridge,AB,invs13,hypertext-conference,1.1388262015279327,1.0854354969246391,0.6154133440541409,0.9269025061592571
ridge,ABC,invs13,hypertext-conference,1.1388262015279327,1.0878398811820078,0.6327327277937075,0.9151659232321241
gbt,ABC,invs13,hypertext-conference,1.1388262015279327,1.0289994345187001,0.2088902109222175,0.6168975705816899
ridge,A,invs13,math-cocitations,1.8053571194025417,1.1370924795709894,0.17022570021196573,0.5417221294011899
ridge,AB,invs13,math-cocitations,1.8053571194025417,1.1909828969973966,0.23714063288976472,0.5360656533696426
ridge,ABC,invs13,math-cocitations,1.8053571194025417,1.2371660646111087,0.29448558769437777,0.5681732827749162
gbt,ABC,invs13,math-cocitations,1.8053571194025417,1.1919035511423792,0.23828379549775863,0.5096294460989705
ridge,A,invs13,neuro-cocitations,2.1242543379282326,1.0103771245304924,0.009230228588323999,0.44415866619724126
ridge,AB,invs13,neuro-cocitations,2.1242543379282326,1.4157394198756863,0.36979125261087076,0.6582375502006966
ridge,ABC,invs13,neuro-cocitations,2.1242543379282326,1.4587042470750389,0.4080075402869564,0.6682402515707526
gbt,ABC,invs13,neuro-cocitations,2.1242543379282326,1.0397849701370872,0.035387873361825396,0.36783146688413926
ridge,A,invs13,physics-cocitations,1.8439255034952018,1.1229379509754955,0.1456739374107498,0.5442832853862006
ridge,AB,invs13,physics-cocitations,1.8439255034952018,1.2249128036460133,0.2665078880949971,0.6191343212005495
ridge,ABC,invs13,physics-cocitations,1.8439255034952018,1.2524183591083555,0.29910028558556373,0.6172210423138602
gbt,ABC,invs13,physics-cocitations,1.8439255034952018,1.1788912296005971,0.21197514337426848,0.5228568796612856
ridge,A,invs13,plant-pollinator-mpl-014,2.5834026366365537,1.0810418949903295,0.05118211446361984,0.3466416691899866
ridge,AB,invs13,plant-pollinator-mpl-014,2.5834026366365537,1.2739001065939242,0.17298196949813077,0.451653429321049
ridge,ABC,invs13,plant-pollinator-mpl-014,2.5834026366365537,1.2648822279160004,0.1672867164593462,0.4365317711898936
gbt,ABC,invs13,plant-pollinator-mpl-014,2.5834026366365537,0.9231341570855987,-0.04854472332929729,0.1569128058577685
ridge,A,invs13,plant-pollinator-mpl-015,1.4102516667953713,1.0325496429254353,0.07934067198237772,0.6562736080168249
ridge,AB,invs13,plant-pollinator-mpl-015,1.4102516667953713,1.0305154962462546,0.07438238212320383,0.4993157418907726
ridge,ABC,invs13,plant-pollinator-mpl-015,1.4102516667953713,1.1075008118908243,0.26203625869592,0.6052544122734745
gbt,ABC,invs13,plant-pollinator-mpl-015,1.4102516667953713,0.9825106215640218,-0.04263085284355882,0.3970516090067738
ridge,A,invs13,plant-pollinator-mpl-016,3.056933205825239,0.8454161687838716,-0.07515257703961736,-0.021658572156121738
ridge,AB,invs13,plant-pollinator-mpl-016,3.056933205825239,0.758454578196756,-0.11742988110609857,-0.09999818537505044
ridge,ABC,invs13,plant-pollinator-mpl-016,3.056933205825239,0.9805285325056279,-0.009466261441659303,0.038398503393340486
gbt,ABC,invs13,plant-pollinator-mpl-016,3.056933205825239,0.7920953680713702,-0.1010750525781992,-0.12812516625892142
ridge,A,invs13,plant-pollinator-mpl-021,2.745487382389059,1.10290286012015,0.05895365452559519,0.4573865019798758
ridge,AB,invs13,plant-pollinator-mpl-021,2.745487382389059,1.2887027588354583,0.16539951061709143,0.5450660047621457
ridge,ABC,invs13,plant-pollinator-mpl-021,2.745487382389059,1.3278852745034702,0.1878474045768762,0.5410284284924187
gbt,ABC,invs13,plant-pollinator-mpl-021,2.745487382389059,1.077400957497983,0.04434346434062668,0.3761143508146627
ridge,A,invs13,plant-pollinator-mpl-034,5.693354349219635,0.8367146375434786,-0.03479075950949045,-0.24167738763049387
ridge,AB,invs13,plant-pollinator-mpl-034,5.693354349219635,0.6419542629847946,-0.07628781259074072,-0.28295887328961844
ridge,ABC,invs13,plant-pollinator-mpl-034,5.693354349219635,0.8583261378185099,-0.030186057058539866,0.07719994844266422
gbt,ABC,invs13,plant-pollinator-mpl-034,5.693354349219635,0.7851067560941685,-0.045786707739542805,-0.36753199950008
ridge,A,invs13,plant-pollinator-mpl-044,2.6781507980073496,1.1454117332769125,0.08664998011476419,0.5343125384675594
ridge,AB,invs13,plant-pollinator-mpl-044,2.6781507980073496,1.3294608250030249,0.19632373049801569,0.6145835228222174
ridge,ABC,invs13,plant-pollinator-mpl-044,2.6781507980073496,1.378386282804792,0.22547811749342847,0.6265364830154448
gbt,ABC,invs13,plant-pollinator-mpl-044,2.6781507980073496,1.2464869106657706,0.14688007237397926,0.5475532356557195
ridge,A,invs13,plant-pollinator-mpl-049,3.7357043527991034,0.9549568258389692,-0.01646492762090455,0.022564876268296126
ridge,AB,invs13,plant-pollinator-mpl-049,3.7357043527991034,0.937526723360029,-0.02283626758719376,0.013378891956835013
ridge,ABC,invs13,plant-pollinator-mpl-049,3.7357043527991034,1.2609839046184335,0.09539916268781067,0.3311840823482612
gbt,ABC,invs13,plant-pollinator-mpl-049,3.7357043527991034,0.9294865021755893,-0.02577526250315138,-0.04762450194896149
ridge,A,invs13,plant-pollinator-mpl-057,1.8564782392421568,1.0637662476742016,0.07445168452922316,0.6472998680729416
ridge,AB,invs13,plant-pollinator-mpl-057,1.8564782392421568,1.0475196088509273,0.0554825641489437,0.5442077316419845
ridge,ABC,invs13,plant-pollinator-mpl-057,1.8564782392421568,1.1375578359067535,0.16060867585902674,0.5736735575215465
gbt,ABC,invs13,plant-pollinator-mpl-057,1.8564782392421568,1.0621611982906614,0.07257767383052703,0.5469661956824994
ridge,A,invs13,plant-pollinator-mpl-062,1.2434886859657044,1.0495666719492767,0.20356868637526007,0.8091578477238127
ridge,AB,invs13,plant-pollinator-mpl-062,1.2434886859657044,1.0605310467452562,0.24859901192198341,0.739371577567475
ridge,ABC,invs13,plant-pollinator-mpl-062,1.2434886859657044,1.0598554997153518,0.24582456255804205,0.7448473669304833
gbt,ABC,invs13,plant-pollinator-mpl-062,1.2434886859657044,0.980692326418941,-0.07929597839210692,0.14225862263303884
ridge,A,invs13,senate-committees,1.3189930045470284,1.0757670222098943,0.23751938484508092,0.8082841827164796
ridge,AB,invs13,senate-committees,1.3189930045470284,1.1063137108349057,0.3332791293836418,0.7512910825485879
ridge,ABC,invs13,senate-committees,1.3189930045470284,1.146732116390674,0.45998537365743924,0.6721441525650587
gbt,ABC,invs13,senate-committees,1.3189930045470284,0.9819114814839446,-0.056705063303006294,0.48161842143403416
ridge,A,math-cocitations,contact-primary-school,1.1318799492854903,1.030815673162296,0.23366458153230688,0.7631987619029562
ridge,AB,math-cocitations,contact-primary-school,1.1318799492854903,1.0251246138871122,0.19051124923261128,0.5659960492380784
ridge,ABC,math-cocitations,contact-primary-school,1.1318799492854903,1.0268797376365222,0.20381974501926464,0.6529594581261718
gbt,ABC,math-cocitations,contact-primary-school,1.1318799492854903,1.0114183976246445,0.08658175626020466,0.5096609999012908
ridge,A,math-cocitations,contact-high-school,1.3149893580660719,0.9955265362607981,-0.01420195198551288,0.3594305991804282
ridge,AB,math-cocitations,contact-high-school,1.3149893580660719,0.9925107642817452,-0.023776154738166858,0.2522433998881398
ridge,ABC,math-cocitations,contact-high-school,1.3149893580660719,0.9985045720914243,-0.004747550576810372,0.31427243613285
gbt,ABC,math-cocitations,contact-high-school,1.3149893580660719,0.9880122696519015,-0.03805757255324159,0.3281456752901808
ridge,A,math-cocitations,email-Enron,1.80346655331272,1.0256191302958049,0.03188574582249419,0.45981266890087363
ridge,AB,math-cocitations,email-Enron,1.80346655331272,1.3105326814229312,0.38649111172405914,0.6758175576850765
ridge,ABC,math-cocitations,email-Enron,1.80346655331272,1.3325785605357054,0.4139295645406429,0.6833107802668359
gbt,ABC,math-cocitations,email-Enron,1.80346655331272,1.429128901213679,0.5340967828024276,0.6867381074166328
ridge,A,math-cocitations,email-Eu,1.6725121109900603,1.200771563182383,0.2985396989904177,0.7978665829616025
ridge,AB,math-cocitations,email-Eu,1.6725121109900603,1.4419861933789697,0.6572167045858632,0.8243525889833128
ridge,ABC,math-cocitations,email-Eu,1.6725121109900603,1.4682670581741806,0.6962953536774322,0.8122754100576901
gbt,ABC,math-cocitations,email-Eu,1.6725121109900603,1.2724992362448384,0.4051960281334858,0.5394883827079662
ridge,A,math-cocitations,NDC-classes,4.08325149712881,1.7731709047316562,0.250764786930826,0.6842794405645979
ridge,AB,math-cocitations,NDC-classes,4.08325149712881,2.0991768995865665,0.35649926728654596,0.7665465821283595
ridge,ABC,math-cocitations,NDC-classes,4.08325149712881,2.15344271860819,0.37409945950964446,0.7830443767385503
gbt,ABC,math-cocitations,NDC-classes,4.08325149712881,1.9336141013470751,0.3028017994044523,0.752194406980514
ridge,A,math-cocitations,NDC-substances,1.9382074303228396,1.5526892022254446,0.5890906257641371,0.9206880559933177
ridge,AB,math-cocitations,NDC-substances,1.9382074303228396,1.6755168543966128,0.7200079988325884,0.9480903546607226
ridge,ABC,math-cocitations,NDC-substances,1.9382074303228396,1.6763104167287757,0.7208538270647201,0.9478126752801671
gbt,ABC,math-cocitations,NDC-substances,1.9382074303228396,1.4168407788263944,0.4442949025493844,0.7938610523041942
ridge,A,math-cocitations,DAWN,1.0417909408473682,1.0215654098919158,0.5160307342846978,0.9765805075491967
ridge,AB,math-cocitations,DAWN,1.0417909408473682,1.0836453774773414,2.0015193671479374,0.9563880609556059
ridge,ABC,math-cocitations,DAWN,1.0417909408473682,1.065093091143301,1.557588554443856,0.9611726060163696
gbt,ABC,math-cocitations,DAWN,1.0417909408473682,1.0591406980238527,1.4151559363032875,0.2685006292058362
ridge,A,math-cocitations,congress-bills,1.066851977621039,1.0216284558250492,0.32352753941930573,0.8722335502049742
ridge,AB,math-cocitations,congress-bills,1.066851977621039,1.0730537827728768,1.0927692100149031,0.8287678428767016
ridge,ABC,math-cocitations,congress-bills,1.066851977621039,1.0552280011474655,0.8261236707242104,0.8491303736865163
gbt,ABC,math-cocitations,congress-bills,1.066851977621039,1.026689948675,0.3992394783935378,0.32585319036931043
ridge,A,math-cocitations,tags-math-sx,1.1319030898951705,1.090171539739855,0.6836196165800098,0.9679180311162785
ridge,AB,math-cocitations,tags-math-sx,1.1319030898951705,1.1186629599131135,0.8996222909366295,0.9284325307738794
ridge,ABC,math-cocitations,tags-math-sx,1.1319030898951705,1.1156977429554527,0.8771420218237722,0.9469309965052921
gbt,ABC,math-cocitations,tags-math-sx,1.1319030898951705,1.0121607802160348,0.0921948092777779,0.4189731368501634
ridge,A,math-cocitations,tags-ask-ubuntu,1.1923896562998082,1.1465813698973657,0.7618983926502905,0.9710721237431168
ridge,AB,math-cocitations,tags-ask-ubuntu,1.1923896562998082,1.1559088372151467,0.8103805589848758,0.9411229980583415
ridge,ABC,math-cocitations,tags-ask-ubuntu,1.1923896562998082,1.1552723194863987,0.8070720769126586,0.9551337653643324
gbt,ABC,math-cocitations,tags-ask-ubuntu,1.1923896562998082,1.0001585763442549,0.0008242456860973472,0.5584576209691522
ridge,A,math-cocitations,cs-cocitations,1.498426821066899,1.1238423963226751,0.24846655735256465,0.6854727896468321
ridge,AB,math-cocitations,cs-cocitations,1.498426821066899,1.1726953004089675,0.34648075326144684,0.6847790350154954
ridge,ABC,math-cocitations,cs-cocitations,1.498426821066899,1.1754560623186885,0.35201970460401594,0.6931817638235512
gbt,ABC,math-cocitations,cs-cocitations,1.498426821066899,1.0553365627562348,0.11102244184569572,0.5717646108803743
ridge,A,math-cocitations,diseasome,3.9900640519565753,1.837700695507937,0.28016145505638246,0.42044867422084015
ridge,AB,math-cocitations,diseasome,3.9900640519565753,1.5829983840524589,0.19497856029905736,0.6329928743725803
ridge,ABC,math-cocitations,diseasome,3.9900640519565753,1.5648506856135556,0.18890922595585885,0.6489003623540747
gbt,ABC,math-cocitations,diseasome,3.9900640519565753,1.64458863762569,0.21557686605539356,0.615947817301133
ridge,A,math-cocitations,hospital-lyon,1.0879241574641232,1.0262504211911285,0.2985575517381536,0.896442889863036
ridge,AB,math-cocitations,hospital-lyon,1.0879241574641232,1.0625898432864442,0.7118617350639221,0.8309302532485626
ridge,ABC,math-cocitations,hospital-lyon,1.0879241574641232,1.0492339047639299,0.5599587893011019,0.8643775057019896
gbt,ABC,math-cocitations,hospital-lyon,1.0879241574641232,0.9641369255952255,-0.4078864721496843,0.618170597925419
ridge,A,math-cocitations,house-committees,6.46048355911533,1.2331882143241275,0.042704682067004895,0.24148278237081433
ridge,AB,math-cocitations,house-committees,6.46048355911533,1.3598677544427977,0.06590400841736094,0.3239243626365747
ridge,ABC,math-cocitations,house-committees,6.46048355911533,1.3747355182885033,0.06862680094749984,0.342623050583198
gbt,ABC,math-cocitations,house-committees,6.46048355911533,2.0024163622452935,0.18357648208132288,0.4229977830221511
ridge,A,math-cocitations,hypertext-conference,1.1388262015279327,1.0552182426941596,0.3977508718557671,0.9226184534361885
ridge,AB,math-cocitations,hypertext-conference,1.1388262015279327,1.0567181499644445,0.4085550806706501,0.8575891052497003
ridge,ABC,math-cocitations,hypertext-conference,1.1388262015279327,1.0558593638654359,0.40236902868941954,0.8744701247169122
gbt,ABC,math-cocitations,hypertext-conference,1.1388262015279327,1.0082072626884113,0.05911897464658333,0.7162908153673243
ridge,A,math-cocitations,invs13,1.2663198563455473,1.0221362735463824,0.08311912543862586,0.5958632569931087
ridge,AB,math-cocitations,invs13,1.2663198563455473,1.0187615481665473,0.070447425227672,0.5620830530766704
ridge,ABC,math-cocitations,invs13,1.2663198563455473,1.0185015481031303,0.06947115531304862,0.570171474400562
gbt,ABC,math-cocitations,invs13,1.2663198563455473,1.0321580267759423,0.12074963999010853,0.5663644118178629
ridge,A,math-cocitations,neuro-cocitations,2.1242543379282326,0.9533415553574427,-0.04150168077495626,0.4013629923612465
ridge,AB,math-cocitations,neuro-cocitations,2.1242543379282326,1.3369875612597464,0.299743171888262,0.6490460613370038
ridge,ABC,math-cocitations,neuro-cocitations,2.1242543379282326,1.371941168856638,0.33083365241182744,0.675788063470341
gbt,ABC,math-cocitations,neuro-cocitations,2.1242543379282326,1.4333783910934834,0.3854807372966066,0.7124658204681545
ridge,A,math-cocitations,physics-cocitations,1.8439255034952018,1.111200160611801,0.13176537520344433,0.5530705734560646
ridge,AB,math-cocitations,physics-cocitations,1.8439255034952018,1.2454339874047007,0.2908242331677515,0.6692608172771214
ridge,ABC,math-cocitations,physics-cocitations,1.8439255034952018,1.2478703933837458,0.29371122493296603,0.6739351268585883
gbt,ABC,math-cocitations,physics-cocitations,1.8439255034952018,1.2690144298507875,0.31876561229236156,0.6822258846476941
ridge,A,math-cocitations,plant-pollinator-mpl-014,2.5834026366365537,1.0124843834853905,0.007884528670426924,0.23346507153827684
ridge,AB,math-cocitations,plant-pollinator-mpl-014,2.5834026366365537,1.3642302453092823,0.23003008639860303,0.6918468810101549
ridge,ABC,math-cocitations,plant-pollinator-mpl-014,2.5834026366365537,1.3573003902956535,0.22565352742788597,0.695826728756232
gbt,ABC,math-cocitations,plant-pollinator-mpl-014,2.5834026366365537,1.5186062763649795,0.32752647012549957,0.8428437808245235
ridge,A,math-cocitations,plant-pollinator-mpl-015,1.4102516667953713,1.0352829352318045,0.08600314901195318,0.6631519996510128
ridge,AB,math-cocitations,plant-pollinator-mpl-015,1.4102516667953713,1.1560853806370333,0.3804625142812322,0.8042566362513995
ridge,ABC,math-cocitations,plant-pollinator-mpl-015,1.4102516667953713,1.153730606467374,0.37472268587772256,0.7932635422340845
gbt,ABC,math-cocitations,plant-pollinator-mpl-015,1.4102516667953713,1.1766574489935615,0.43060751068605935,0.6209163509554885
ridge,A,math-cocitations,plant-pollinator-mpl-016,3.056933205825239,0.8438166899713402,-0.07593018071094791,-0.025458198528901015
ridge,AB,math-cocitations,plant-pollinator-mpl-016,3.056933205825239,1.0864377958216866,0.04202265565886857,0.27302424079633947
ridge,ABC,math-cocitations,plant-pollinator-mpl-016,3.056933205825239,1.1426794001878318,0.06936511102245004,0.35822102707642794
gbt,ABC,math-cocitations,plant-pollinator-mpl-016,3.056933205825239,2.187821727709943,0.5774721922646926,0.7891890554839118
ridge,A,math-cocitations,plant-pollinator-mpl-021,2.745487382389059,1.0588428162904722,0.03371139595975404,0.3662941385306122
ridge,AB,math-cocitations,plant-pollinator-mpl-021,2.745487382389059,1.413976598676207,0.2371696311603208,0.7044640068229266
ridge,ABC,math-cocitations,plant-pollinator-mpl-021,2.745487382389059,1.451115924515155,0.25844696963532904,0.7291063286051809
gbt,ABC,math-cocitations,plant-pollinator-mpl-021,2.745487382389059,1.9186563230680684,0.5263036171654808,0.777062541273933
ridge,A,math-cocitations,plant-pollinator-mpl-034,5.693354349219635,0.8414619383158326,-0.033779265294666606,-0.19328197960724072
ridge,AB,math-cocitations,plant-pollinator-mpl-034,5.693354349219635,1.089482045968739,0.01906569146725887,-0.003014849376904013
ridge,ABC,math-cocitations,plant-pollinator-mpl-034,5.693354349219635,1.1727812536066788,0.036814022711796145,0.17829029443577693
gbt,ABC,math-cocitations,plant-pollinator-mpl-034,5.693354349219635,3.165840118508768,0.46146954978348964,0.6312076813121303
ridge,A,math-cocitations,plant-pollinator-mpl-044,2.6781507980073496,1.0936081525609718,0.05578053692917399,0.48038961096883964
ridge,AB,math-cocitations,plant-pollinator-mpl-044,2.6781507980073496,1.4716401759153577,0.28104755333989484,0.7001643258229235
ridge,ABC,math-cocitations,plant-pollinator-mpl-044,2.6781507980073496,1.5135233377133854,0.30600547836532177,0.7267482562858867
gbt,ABC,math-cocitations,plant-pollinator-mpl-044,2.6781507980073496,2.0327791866998197,0.6154269258317848,0.82721815550766
ridge,A,math-cocitations,plant-pollinator-mpl-049,3.7357043527991034,0.9699835643981273,-0.010972105070915528,0.05282739130703353
ridge,AB,math-cocitations,plant-pollinator-mpl-049,3.7357043527991034,1.2887528663032781,0.10554973384014742,0.4119533256498392
ridge,ABC,math-cocitations,plant-pollinator-mpl-049,3.7357043527991034,1.3843042689496958,0.1404772663231995,0.5034558690648012
gbt,ABC,math-cocitations,plant-pollinator-mpl-049,3.7357043527991034,1.7963621266157561,0.2910994844164862,0.5418635830161781
ridge,A,math-cocitations,plant-pollinator-mpl-057,1.8564782392421568,1.07495182778431,0.08751165452916829,0.6392918127719021
ridge,AB,math-cocitations,plant-pollinator-mpl-057,1.8564782392421568,1.2707868562969664,0.31616314798209993,0.807843880822803
ridge,ABC,math-cocitations,plant-pollinator-mpl-057,1.8564782392421568,1.272668322409055,0.3183598951099117,0.8123400645861173
gbt,ABC,math-cocitations,plant-pollinator-mpl-057,1.8564782392421568,1.4487442667084764,0.5239412353377965,0.7960708016061537
ridge,A,math-cocitations,plant-pollinator-mpl-062,1.2434886859657044,1.0384580386969338,0.1579458961076763,0.782368694987371
ridge,AB,math-cocitations,plant-pollinator-mpl-062,1.2434886859657044,1.0590529161667643,0.24252837840310162,0.7108545122551746
ridge,ABC,math-cocitations,plant-pollinator-mpl-062,1.2434886859657044,1.0567947496393553,0.23325416297722706,0.7003466419222045
gbt,ABC,math-cocitations,plant-pollinator-mpl-062,1.2434886859657044,1.0589181583422815,0.24197493246392654,0.3571456964649248
ridge,A,math-cocitations,senate-committees,1.3189930045470284,1.0662091617092744,0.20755678264259025,0.8244186789054982
ridge,AB,math-cocitations,senate-committees,1.3189930045470284,1.1420357483710715,0.44526289400221464,0.8761814962022043
ridge,ABC,math-cocitations,senate-committees,1.3189930045470284,1.1308697898394675,0.4102591215920338,0.8430512509927686
gbt,ABC,math-cocitations,senate-committees,1.3189930045470284,1.0686806926638441,0.2153046984882037,0.7462513508491516
ridge,A,neuro-cocitations,contact-primary-school,1.1318799492854903,1.025735521510472,0.19514355025084512,0.7746298819726518
ridge,AB,neuro-cocitations,contact-primary-school,1.1318799492854903,1.0263020374324814,0.19943924436567242,0.6151330938219695
ridge,ABC,neuro-cocitations,contact-primary-school,1.1318799492854903,1.02778692041373,0.21069859796182952,0.6807095979247622
gbt,ABC,neuro-cocitations,contact-primary-school,1.1318799492854903,1.034082541693796,0.25843611465162897,0.6893037016745324
ridge,A,neuro-cocitations,contact-high-school,1.3149893580660719,0.9743385439858437,-0.08146769202524466,0.2699131117502643
ridge,AB,neuro-cocitations,contact-high-school,1.3149893580660719,0.9779174595843874,-0.07010567135090522,0.2466859643892632
ridge,ABC,neuro-cocitations,contact-high-school,1.3149893580660719,0.9833677207946953,-0.052802670247088075,0.2947101513759552
gbt,ABC,neuro-cocitations,contact-high-school,1.3149893580660719,1.0202723346974076,0.06435879237912326,0.43190457058395587
ridge,A,neuro-cocitations,email-Enron,1.80346655331272,1.0220740566040498,0.027473522716082863,0.5060699625772258
ridge,AB,neuro-cocitations,email-Enron,1.80346655331272,1.4240262363260126,0.527745970977557,0.7158792798270227
ridge,ABC,neuro-cocitations,email-Enron,1.80346655331272,1.4244409161094955,0.5282620842890238,0.7246279559979492
gbt,ABC,neuro-cocitations,email-Enron,1.80346655331272,1.4697586870784214,0.5846648938174094,0.7054875123794587
ridge,A,neuro-cocitations,email-Eu,1.6725121109900603,1.1792111135751508,0.2664801282334075,0.8131742036026606
ridge,AB,neuro-cocitations,email-Eu,1.6725121109900603,1.523149986641272,0.7779041865448343,0.8040782813270545
ridge,ABC,neuro-cocitations,email-Eu,1.6725121109900603,1.531810936568342,0.7907826905680845,0.8045819926403404
gbt,ABC,neuro-cocitations,email-Eu,1.6725121109900603,1.4181540946643532,0.6217792777720452,0.7695848296713137
ridge,A,neuro-cocitations,NDC-classes,4.08325149712881,1.3077057406281334,0.09979910523506616,0.6125364453741045
ridge,AB,neuro-cocitations,NDC-classes,4.08325149712881,1.8252822628926055,0.26766621654481515,0.7922463478371534
ridge,ABC,neuro-cocitations,NDC-classes,4.08325149712881,1.857036777650535,0.277965251439471,0.8003586934926845
gbt,ABC,neuro-cocitations,NDC-classes,4.08325149712881,2.4173124026826422,0.45968108796913715,0.8308836700813758
ridge,A,neuro-cocitations,NDC-substances,1.9382074303228396,1.3625518673776693,0.3864303944522314,0.8569278754651738
ridge,AB,neuro-cocitations,NDC-substances,1.9382074303228396,1.6529953779185784,0.6960032044234408,0.9439779393664743
ridge,ABC,neuro-cocitations,NDC-substances,1.9382074303228396,1.649676377870157,0.6924656071489455,0.9432987808066469
gbt,ABC,neuro-cocitations,NDC-substances,1.9382074303228396,1.6062050540732355,0.6461311587189613,0.8605235302152355
ridge,A,neuro-cocitations,DAWN,1.0417909408473682,0.9759761258451101,-0.574858418302464,0.864602500170892
ridge,AB,neuro-cocitations,DAWN,1.0417909408473682,1.0380277638743942,0.9099523270672908,0.9203315889471964
ridge,ABC,neuro-cocitations,DAWN,1.0417909408473682,1.017209513608036,0.41180009971275083,0.9284266367158969
gbt,ABC,neuro-cocitations,DAWN,1.0417909408473682,1.0865689552709303,2.071476581183072,0.6386726166826384
ridge,A,neuro-cocitations,congress-bills,1.066851977621039,0.9860264064278065,-0.20902289011411215,0.5136374726153878
ridge,AB,neuro-cocitations,congress-bills,1.066851977621039,1.0350841875335322,0.5248040339571166,0.6910110013719643
ridge,ABC,neuro-cocitations,congress-bills,1.066851977621039,1.0171746362136476,0.25690543234195257,0.7065055873818182
gbt,ABC,neuro-cocitations,congress-bills,1.066851977621039,1.1035161052123867,1.5484374418836813,0.2183334176824392
ridge,A,neuro-cocitations,tags-math-sx,1.1319030898951705,1.0636640172475529,0.48265751240664356,0.9153682379159159
ridge,AB,neuro-cocitations,tags-math-sx,1.1319030898951705,1.0937543499534674,0.7107820599803867,0.9506736483308531
ridge,ABC,neuro-cocitations,tags-math-sx,1.1319030898951705,1.0837476883956525,0.6349183211872493,0.958583303111149
gbt,ABC,neuro-cocitations,tags-math-sx,1.1319030898951705,1.0229292291831944,0.17383390488742392,0.6447927364649595
ridge,A,neuro-cocitations,tags-ask-ubuntu,1.1923896562998082,1.117755821693688,0.6120694010190684,0.9182345563040272
ridge,AB,neuro-cocitations,tags-ask-ubuntu,1.1923896562998082,1.140252934293288,0.729004547285673,0.9555203711434367
ridge,ABC,neuro-cocitations,tags-ask-ubuntu,1.1923896562998082,1.13394473561583,0.6962158891073585,0.9620195291413474
gbt,ABC,neuro-cocitations,tags-ask-ubuntu,1.1923896562998082,1.0352500632691592,0.18322223734433893,0.7424788846391381
ridge,A,neuro-cocitations,cs-cocitations,1.498426821066899,1.0611450649447463,0.12267611284212843,0.5733122368168946
ridge,AB,neuro-cocitations,cs-cocitations,1.498426821066899,1.155975865065866,0.3129363398462277,0.6735931535277078
ridge,ABC,neuro-cocitations,cs-cocitations,1.498426821066899,1.1581251638497299,0.3172485050287979,0.683681085474506
gbt,ABC,neuro-cocitations,cs-cocitations,1.498426821066899,1.143510731957221,0.28792738651188887,0.7062174496983858
ridge,A,neuro-cocitations,diseasome,3.9900640519565753,2.1035795030171744,0.36908222828706205,0.5751379194228857
ridge,AB,neuro-cocitations,diseasome,3.9900640519565753,1.941739772018888,0.31495638744014604,0.6720461538120749
ridge,ABC,neuro-cocitations,diseasome,3.9900640519565753,1.9862107791205146,0.32982931535368903,0.6803724944215133
gbt,ABC,neuro-cocitations,diseasome,3.9900640519565753,1.4344830610728416,0.145308947742619,0.5886113985067057
ridge,A,neuro-cocitations,hospital-lyon,1.0879241574641232,1.005835250885109,0.06636686723429765,0.851067265027166
ridge,AB,neuro-cocitations,hospital-lyon,1.0879241574641232,1.0458412891937539,0.5213730846662825,0.8666318516797007
ridge,ABC,neuro-cocitations,hospital-lyon,1.0879241574641232,1.032215043458875,0.36639581644009683,0.8770936250025216
gbt,ABC,neuro-cocitations,hospital-lyon,1.0879241574641232,1.0158301908480367,0.18004370248866033,0.766709020675551
ridge,A,neuro-cocitations,house-committees,6.46048355911533,1.4173563029094605,0.07643211418753501,0.4148487886593715
ridge,AB,neuro-cocitations,house-committees,6.46048355911533,1.5162643000560463,0.09454552778466527,0.4963649307099791
ridge,ABC,neuro-cocitations,house-committees,6.46048355911533,1.5263884944456547,0.09639961163639811,0.48973609043715527
gbt,ABC,neuro-cocitations,house-committees,6.46048355911533,1.441534370543443,0.08085993955725365,0.4884076390125147
ridge,A,neuro-cocitations,hypertext-conference,1.1388262015279327,1.0527427255799149,0.37991910028095616,0.9341058650192398
ridge,AB,neuro-cocitations,hypertext-conference,1.1388262015279327,1.0606854855068781,0.4371327950989702,0.8905852309657942
ridge,ABC,neuro-cocitations,hypertext-conference,1.1388262015279327,1.0600883221166886,0.43283127720380965,0.9049546120874713
gbt,ABC,neuro-cocitations,hypertext-conference,1.1388262015279327,1.0223392599161953,0.16091530035632753,0.6965305128708076
ridge,A,neuro-cocitations,invs13,1.2663198563455473,1.0177082560659916,0.06649243623432755,0.5894321293148448
ridge,AB,neuro-cocitations,invs13,1.2663198563455473,1.0181322773445272,0.06808458668211623,0.5811504297180018
ridge,ABC,neuro-cocitations,invs13,1.2663198563455473,1.0186519296999523,0.07003582067028317,0.5882199391180241
gbt,ABC,neuro-cocitations,invs13,1.2663198563455473,1.0316196185847886,0.11872798002625246,0.5824513525465279
ridge,A,neuro-cocitations,math-cocitations,1.8053571194025417,1.0762109260644488,0.09462997747010203,0.4373340493573034
ridge,AB,neuro-cocitations,math-cocitations,1.8053571194025417,1.23281990777155,0.28908902915549894,0.6132790974869465
ridge,ABC,neuro-cocitations,math-cocitations,1.8053571194025417,1.2275568618716515,0.28255398305842966,0.6196156389946712
gbt,ABC,neuro-cocitations,math-cocitations,1.8053571194025417,1.2661671360583475,0.3304957883228312,0.6576420370239091
ridge,A,neuro-cocitations,physics-cocitations,1.8439255034952018,1.0631737910073031,0.07485707061306071,0.472146231201138
ridge,AB,neuro-cocitations,physics-cocitations,1.8439255034952018,1.2412671721467088,0.28588681245853653,0.6639001303809944
ridge,ABC,neuro-cocitations,physics-cocitations,1.8439255034952018,1.2380170521008838,0.28203561939426214,0.6677313778024674
gbt,ABC,neuro-cocitations,physics-cocitations,1.8439255034952018,1.308634924849901,0.3657134706459973,0.7092178040038001
ridge,A,neuro-cocitations,plant-pollinator-mpl-014,2.5834026366365537,1.1192782730103803,0.07533034886423448,0.5375849694725157
ridge,AB,neuro-cocitations,plant-pollinator-mpl-014,2.5834026366365537,1.5520991291491253,0.34867892497759645,0.8391538945365238
ridge,ABC,neuro-cocitations,plant-pollinator-mpl-014,2.5834026366365537,1.5356729997077379,0.33830498150843585,0.837011236102999
gbt,ABC,neuro-cocitations,plant-pollinator-mpl-014,2.5834026366365537,1.4774532320843943,0.3015362113445732,0.8543473325003191
ridge,A,neuro-cocitations,plant-pollinator-mpl-015,1.4102516667953713,1.016095991405857,0.0392344326875957,0.6019980737898374
ridge,AB,neuro-cocitations,plant-pollinator-mpl-015,1.4102516667953713,1.1923837866230476,0.4689409018757414,0.7772941086078677
ridge,ABC,neuro-cocitations,plant-pollinator-mpl-015,1.4102516667953713,1.1834437005008727,0.4471491899931079,0.7615404771214928
gbt,ABC,neuro-cocitations,plant-pollinator-mpl-015,1.4102516667953713,1.3603178561265858,0.8782849292025136,0.8221246125402248
ridge,A,neuro-cocitations,plant-pollinator-mpl-016,3.056933205825239,0.9052402350637742,-0.046068469636187506,-0.018090911287107114
ridge,AB,neuro-cocitations,plant-pollinator-mpl-016,3.056933205825239,1.2877617457554376,0.13989843955092743,0.4371335251215204
ridge,ABC,neuro-cocitations,plant-pollinator-mpl-016,3.056933205825239,1.322855556838231,0.1569596698249138,0.4939760084743228
gbt,ABC,neuro-cocitations,plant-pollinator-mpl-016,3.056933205825239,1.466212997623089,0.22665441750989918,0.6590379948796675
ridge,A,neuro-cocitations,plant-pollinator-mpl-021,2.745487382389059,1.1123138942598971,0.06434529140289312,0.5809887454494043
ridge,AB,neuro-cocitations,plant-pollinator-mpl-021,2.745487382389059,1.697786380957636,0.39976592669640015,0.8364674328483436
ridge,ABC,neuro-cocitations,plant-pollinator-mpl-021,2.745487382389059,1.7042187175729329,0.40345105022132244,0.8284068313749603
gbt,ABC,neuro-cocitations,plant-pollinator-mpl-021,2.745487382389059,1.9128659866785946,0.5229862993504711,0.7876365472823591
ridge,A,neuro-cocitations,plant-pollinator-mpl-034,5.693354349219635,0.893887718207215,-0.022609049710987258,-0.37531880233592957
ridge,AB,neuro-cocitations,plant-pollinator-mpl-034,5.693354349219635,1.4994389811892135,0.10641407914837185,0.08570730178369891
ridge,ABC,neuro-cocitations,plant-pollinator-mpl-034,5.693354349219635,1.584868433208869,0.12461629565773467,0.2284368859125395
gbt,ABC,neuro-cocitations,plant-pollinator-mpl-034,5.693354349219635,1.5295200225774652,0.11282336324456486,0.3265429915860308
ridge,A,neuro-cocitations,plant-pollinator-mpl-044,2.6781507980073496,1.132950225260489,0.07922424219465574,0.6255362260474784
ridge,AB,neuro-cocitations,plant-pollinator-mpl-044,2.6781507980073496,1.73547300418174,0.438263954023111,0.8530903853320322
ridge,ABC,neuro-cocitations,plant-pollinator-mpl-044,2.6781507980073496,1.7509135840272358,0.44746490298659514,0.8562246489227822
gbt,ABC,neuro-cocitations,plant-pollinator-mpl-044,2.6781507980073496,1.7797982494330553,0.46467710193803463,0.8229466606467357
ridge,A,neuro-cocitations,plant-pollinator-mpl-049,3.7357043527991034,0.9525192086453502,-0.017355965861613896,-0.08590040671907348
ridge,AB,neuro-cocitations,plant-pollinator-mpl-049,3.7357043527991034,1.5008898936388357,0.18309357629465256,0.4208924305560146
ridge,ABC,neuro-cocitations,plant-pollinator-mpl-049,3.7357043527991034,1.5611594762656664,0.20512431311939913,0.4821120324952524
gbt,ABC,neuro-cocitations,plant-pollinator-mpl-049,3.7357043527991034,1.9570221567018722,0.34982660159262874,0.5181972812152211
ridge,A,neuro-cocitations,plant-pollinator-mpl-057,1.8564782392421568,1.0282710483404671,0.03300848409818605,0.621976328410205
ridge,AB,neuro-cocitations,plant-pollinator-mpl-057,1.8564782392421568,1.3390970499260182,0.3959202165206948,0.8513089586353173
ridge,ABC,neuro-cocitations,plant-pollinator-mpl-057,1.8564782392421568,1.33179010683473,0.3873888344534123,0.8443593230865061
gbt,ABC,neuro-cocitations,plant-pollinator-mpl-057,1.8564782392421568,1.6074324769336559,0.709221144335359,0.8514415498953343
ridge,A,neuro-cocitations,plant-pollinator-mpl-062,1.2434886859657044,1.042015822016581,0.17255759482187566,0.7938977328339445
ridge,AB,neuro-cocitations,plant-pollinator-mpl-062,1.2434886859657044,1.082139304810497,0.33734341488896297,0.6662283506908917
ridge,ABC,neuro-cocitations,plant-pollinator-mpl-062,1.2434886859657044,1.0798184499540415,0.32781174056392925,0.6563631543667424
gbt,ABC,neuro-cocitations,plant-pollinator-mpl-062,1.2434886859657044,1.1403304475171794,0.5763325181234296,0.6638835964495051
ridge,A,neuro-cocitations,senate-committees,1.3189930045470284,1.049967253456501,0.15664059319248938,0.7261810553734839
ridge,AB,neuro-cocitations,senate-committees,1.3189930045470284,1.1255734340376922,0.39365576124782753,0.8555633289783937
ridge,ABC,neuro-cocitations,senate-committees,1.3189930045470284,1.1110394111089492,0.3480935616962062,0.8342652370954442
gbt,ABC,neuro-cocitations,senate-committees,1.3189930045470284,1.3433294539817222,1.0762914831604276,0.8004584586743826
ridge,A,physics-cocitations,contact-primary-school,1.1318799492854903,1.031005793903436,0.23510620129459947,0.7673533095223947
ridge,AB,physics-cocitations,contact-primary-school,1.1318799492854903,1.0255527628283272,0.19375775443324772,0.62276196471434
ridge,ABC,physics-cocitations,contact-primary-school,1.1318799492854903,1.0269618641427207,0.20444248188444766,0.6950493774985194
gbt,ABC,physics-cocitations,contact-primary-school,1.1318799492854903,1.0174170100073765,0.1320671573028331,0.6777595776989042
ridge,A,physics-cocitations,contact-high-school,1.3149893580660719,0.9948502966275716,-0.016348817001456205,0.3574506974479545
ridge,AB,physics-cocitations,contact-high-school,1.3149893580660719,0.9983724295369408,-0.005167064922611676,0.30465429781743036
ridge,ABC,physics-cocitations,contact-high-school,1.3149893580660719,1.0036600878060693,0.011619718928096498,0.35877587071561906
gbt,ABC,physics-cocitations,contact-high-school,1.3149893580660719,0.9857692724185312,-0.045178439261696554,0.3292937133949281
ridge,A,physics-cocitations,email-Enron,1.80346655331272,1.022422418857901,0.0279070967739137,0.46062134177672354
ridge,AB,physics-cocitations,email-Enron,1.80346655331272,1.2784900629065907,0.34661064826951,0.6350411980120159
ridge,ABC,physics-cocitations,email-Enron,1.80346655331272,1.3022275370908047,0.37615447194996515,0.6533949096892365
gbt,ABC,physics-cocitations,email-Enron,1.80346655331272,1.4617887965210743,0.5747455131979088,0.739560577796356
ridge,A,physics-cocitations,email-Eu,1.6725121109900603,1.2003417250969732,0.2979005460615925,0.8007533875116872
ridge,AB,physics-cocitations,email-Eu,1.6725121109900603,1.4213727218353827,0.626565254289689,0.8228997545663922
ridge,ABC,physics-cocitations,email-Eu,1.6725121109900603,1.4507165656525947,0.6701984370051832,0.8176377678056664
gbt,ABC,physics-cocitations,email-Eu,1.6725121109900603,1.241673275488871,0.3593589937482078,0.685797029660996
ridge,A,physics-cocitations,NDC-classes,4.08325149712881,1.7188653481160854,0.2331517064973481,0.6947107568905464
ridge,AB,physics-cocitations,NDC-classes,4.08325149712881,1.6791906940914976,0.22028390960775485,0.7323902622421699
ridge,ABC,physics-cocitations,NDC-classes,4.08325149712881,1.7292082887994615,0.23650626278087142,0.7661037970792208
gbt,ABC,physics-cocitations,NDC-classes,4.08325149712881,1.7165248495184713,0.23239260572344314,0.7498971754733261
ridge,A,physics-cocitations,NDC-substances,1.9382074303228396,1.5430643099775159,0.5788318152528872,0.9231901408721138
ridge,AB,physics-cocitations,NDC-substances,1.9382074303228396,1.6229324979378392,0.6639603117654765,0.9448918677698578
ridge,ABC,physics-cocitations,NDC-substances,1.9382074303228396,1.619757366666746,0.6605760588076838,0.9405989858492267
gbt,ABC,physics-cocitations,NDC-substances,1.9382074303228396,1.3689924484194431,0.3932951674583006,0.7805266483728506
ridge,A,physics-cocitations,DAWN,1.0417909408473682,1.0169416096478976,0.40538952472433953,0.9739078454972704
ridge,AB,physics-cocitations,DAWN,1.0417909408473682,1.0445290763767856,1.0655198345358574,0.925450704207434
ridge,ABC,physics-cocitations,DAWN,1.0417909408473682,1.019736139102539,0.47225878868390914,0.9248542187790336
gbt,ABC,physics-cocitations,DAWN,1.0417909408473682,1.0799551527189757,1.9132173408345468,0.6641434082639652
ridge,A,physics-cocitations,congress-bills,1.066851977621039,1.0194486657878836,0.2909213231975194,0.8536330186191504
ridge,AB,physics-cocitations,congress-bills,1.066851977621039,1.0237705708940035,0.35557019762004216,0.519569667301227
ridge,ABC,physics-cocitations,congress-bills,1.066851977621039,1.0070686226778136,0.10573543116230924,0.5485685149382342
gbt,ABC,physics-cocitations,congress-bills,1.066851977621039,1.0279783713469282,0.4185122466462843,0.3156432623331975
ridge,A,physics-cocitations,tags-math-sx,1.1319030898951705,1.0900465086890874,0.682671715731993,0.9668429878749536
ridge,AB,physics-cocitations,tags-math-sx,1.1319030898951705,1.128435427886742,0.973710532397804,0.9530021699015754
ridge,ABC,physics-cocitations,tags-math-sx,1.1319030898951705,1.117781518464578,0.8929397981365295,0.9584731588037725
gbt,ABC,physics-cocitations,tags-math-sx,1.1319030898951705,1.0377303957822928,0.28604633759738946,0.7369683737203084
ridge,A,physics-cocitations,tags-ask-ubuntu,1.1923896562998082,1.1465207881088217,0.7615835015604621,0.9689671386635414
ridge,AB,physics-cocitations,tags-ask-ubuntu,1.1923896562998082,1.1717234688347964,0.892581608271045,0.9587187334434611
ridge,ABC,physics-cocitations,tags-ask-ubuntu,1.1923896562998082,1.1643499947577896,0.8542558779858551,0.9642732052841888
gbt,ABC,physics-cocitations,tags-ask-ubuntu,1.1923896562998082,1.045253609039397,0.23521851387309753,0.8127566176410254
ridge,A,physics-cocitations,cs-cocitations,1.498426821066899,1.1167263082398977,0.23418946033048788,0.685240601632268
ridge,AB,physics-cocitations,cs-cocitations,1.498426821066899,1.1655256590388876,0.33209621160549607,0.7056677266178624
ridge,ABC,physics-cocitations,cs-cocitations,1.498426821066899,1.1676575583299103,0.33637346796673934,0.7133337846838866
gbt,ABC,physics-cocitations,cs-cocitations,1.498426821066899,1.0732275565453555,0.14691736770627536,0.5823430152165452
ridge,A,physics-cocitations,diseasome,3.9900640519565753,1.749894885548266,0.25079559250831623,0.4328105651109251
ridge,AB,physics-cocitations,diseasome,3.9900640519565753,1.1937033598492166,0.06478234461983015,0.587660959619127
ridge,ABC,physics-cocitations,diseasome,3.9900640519565753,1.1888781464505447,0.06316859544428508,0.5923292715045338
gbt,ABC,physics-cocitations,diseasome,3.9900640519565753,1.5341909079075993,0.1786553393590504,0.648503126290354
ridge,A,physics-cocitations,hospital-lyon,1.0879241574641232,1.0254741850319529,0.28972907749895044,0.893589408574035
ridge,AB,physics-cocitations,hospital-lyon,1.0879241574641232,1.0520205282353474,0.5916522800525443,0.8777201734072311
ridge,ABC,physics-cocitations,hospital-lyon,1.0879241574641232,1.036007650359747,0.40953079788611824,0.8728439321672585
gbt,ABC,physics-cocitations,hospital-lyon,1.0879241574641232,0.9732091182077615,-0.30470444716141143,0.728649573881258
ridge,A,physics-cocitations,house-committees,6.46048355911533,1.2402380520919034,0.04399574680357157,0.26322772390046983
ridge,AB,physics-cocitations,house-committees,6.46048355911533,1.1849730358397932,0.03387484530211849,0.4198431579110021
ridge,ABC,physics-cocitations,house-committees,6.46048355911533,1.151866828211438,0.027811974263327394,0.3809701015365332
gbt,ABC,physics-cocitations,house-committees,6.46048355911533,1.5826564240138512,0.10670418062905938,0.48220327979152905
ridge,A,physics-cocitations,hypertext-conference,1.1388262015279327,1.0571540941248632,0.41169529595869125,0.9258035838020088
ridge,AB,physics-cocitations,hypertext-conference,1.1388262015279327,1.057287876790967,0.41265896610619546,0.8854261161065778
ridge,ABC,physics-cocitations,hypertext-conference,1.1388262015279327,1.0563070241469412,0.40559363814050553,0.8953452095510896
gbt,ABC,physics-cocitations,hypertext-conference,1.1388262015279327,0.9821146159136672,-0.1288329140283661,0.6377760180613848
ridge,A,physics-cocitations,invs13,1.2663198563455473,1.0237370279554114,0.08912977155039045,0.5978995027786648
ridge,AB,physics-cocitations,invs13,1.2663198563455473,1.02052760625517,0.0770787673771334,0.5796669756873928
ridge,ABC,physics-cocitations,invs13,1.2663198563455473,1.0203473963281056,0.07640210011868218,0.5862198943971262
gbt,ABC,physics-cocitations,invs13,1.2663198563455473,1.024099566336362,0.09049106088842641,0.595952388728005
ridge,A,physics-cocitations,math-cocitations,1.8053571194025417,1.1110586015565003,0.13789981969599976,0.5550981133630933
ridge,AB,physics-cocitations,math-cocitations,1.8053571194025417,1.2058183399108413,0.2555615824983688,0.6256444524269388
ridge,ABC,physics-cocitations,math-cocitations,1.8053571194025417,1.205165259634049,0.2547506623971386,0.631831230348687
gbt,ABC,physics-cocitations,math-cocitations,1.8053571194025417,1.241017238282188,0.2992675329684648,0.6354708328661999
ridge,A,physics-cocitations,neuro-cocitations,2.1242543379282326,0.9735805372522406,-0.023499542635917244,0.4187046779246222
ridge,AB,physics-cocitations,neuro-cocitations,2.1242543379282326,1.4285826670600377,0.3812150441419035,0.7307676900021929
ridge,ABC,physics-cocitations,neuro-cocitations,2.1242543379282326,1.4483955442120606,0.3988381712970399,0.7309867090649915
gbt,ABC,physics-cocitations,neuro-cocitations,2.1242543379282326,1.432529320954535,0.3847255077099339,0.7281984107549252
ridge,A,physics-cocitations,plant-pollinator-mpl-014,2.5834026366365537,1.0115119357663351,0.007270378045339536,0.24482913904695947
ridge,AB,physics-cocitations,plant-pollinator-mpl-014,2.5834026366365537,1.323514589479165,0.20431606086394488,0.6410548815799695
ridge,ABC,physics-cocitations,plant-pollinator-mpl-014,2.5834026366365537,1.3087798280181475,0.1950103030484111,0.638351757936455
gbt,ABC,physics-cocitations,plant-pollinator-mpl-014,2.5834026366365537,1.4182083045597522,0.2641200001081883,0.8189695230799229
ridge,A,physics-cocitations,plant-pollinator-mpl-015,1.4102516667953713,1.0357046517523965,0.08703109491619815,0.6628273814810135
ridge,AB,physics-cocitations,plant-pollinator-mpl-015,1.4102516667953713,1.1312239893319944,0.31986217230275726,0.7153844240101509
ridge,ABC,physics-cocitations,plant-pollinator-mpl-015,1.4102516667953713,1.1276001034079113,0.3110288482302662,0.7003878817027214
gbt,ABC,physics-cocitations,plant-pollinator-mpl-015,1.4102516667953713,1.1765954702517898,0.4304564357562343,0.5501838996915733
ridge,A,physics-cocitations,plant-pollinator-mpl-016,3.056933205825239,0.8409986668660061,-0.07730019267699204,-0.02733637820002943
ridge,AB,physics-cocitations,plant-pollinator-mpl-016,3.056933205825239,1.024515115389096,0.011918284618902084,0.20804563401557757
ridge,ABC,physics-cocitations,plant-pollinator-mpl-016,3.056933205825239,1.0780867221168862,0.03796269217480879,0.27652048100374704
gbt,ABC,physics-cocitations,plant-pollinator-mpl-016,3.056933205825239,1.6923475540707344,0.33659214218040956,0.7947621736653785
ridge,A,physics-cocitations,plant-pollinator-mpl-021,2.745487382389059,1.0613277505804202,0.03513502944746614,0.3769007663688204
ridge,AB,physics-cocitations,plant-pollinator-mpl-021,2.745487382389059,1.4735118402364578,0.2712777216346069,0.7442628674983506
ridge,ABC,physics-cocitations,plant-pollinator-mpl-021,2.745487382389059,1.489641006293756,0.28051821584844766,0.736155939417337
gbt,ABC,physics-cocitations,plant-pollinator-mpl-021,2.745487382389059,1.7450957717315467,0.4268697552609803,0.767109899566283
ridge,A,physics-cocitations,plant-pollinator-mpl-034,5.693354349219635,0.8385923203308827,-0.03439068684339903,-0.19654219551967347
ridge,AB,physics-cocitations,plant-pollinator-mpl-034,5.693354349219635,0.9419616221758543,-0.01236607626564479,-0.19619771786859627
ridge,ABC,physics-cocitations,plant-pollinator-mpl-034,5.693354349219635,1.0218133136843859,0.004647702274602979,-0.08379017734451841
gbt,ABC,physics-cocitations,plant-pollinator-mpl-034,5.693354349219635,1.8314681628173795,0.17715861640739483,0.4729143135183204
ridge,A,physics-cocitations,plant-pollinator-mpl-044,2.6781507980073496,1.0828888378190669,0.0493929615368832,0.4798540807904956
ridge,AB,physics-cocitations,plant-pollinator-mpl-044,2.6781507980073496,1.4571160805277135,0.27239273197051,0.7642715933788423
ridge,ABC,physics-cocitations,plant-pollinator-mpl-044,2.6781507980073496,1.485579942913839,0.28935417692523263,0.775943657288344
gbt,ABC,physics-cocitations,plant-pollinator-mpl-044,2.6781507980073496,1.8134301049299075,0.48471812300526346,0.8121191410214477
ridge,A,physics-cocitations,plant-pollinator-mpl-049,3.7357043527991034,0.9678893045699359,-0.011737633636181926,0.0453617846223461
ridge,AB,physics-cocitations,plant-pollinator-mpl-049,3.7357043527991034,1.1913839996519908,0.06995785178912757,0.23664324044468102
ridge,ABC,physics-cocitations,plant-pollinator-mpl-049,3.7357043527991034,1.2823473817125386,0.10320829494007563,0.3274332780160772
gbt,ABC,physics-cocitations,plant-pollinator-mpl-049,3.7357043527991034,1.8288982629700086,0.30299263227106427,0.5897575272864879
ridge,A,physics-cocitations,plant-pollinator-mpl-057,1.8564782392421568,1.0727102258056453,0.08489442285186603,0.6455324535541511
ridge,AB,physics-cocitations,plant-pollinator-mpl-057,1.8564782392421568,1.2251267129998191,0.2628516437253788,0.7820039386299744
ridge,ABC,physics-cocitations,plant-pollinator-mpl-057,1.8564782392421568,1.2239029448231722,0.26142280628319253,0.7775052939920254
gbt,ABC,physics-cocitations,plant-pollinator-mpl-057,1.8564782392421568,1.4107499350542971,0.479580118016476,0.8021759767847259
ridge,A,physics-cocitations,plant-pollinator-mpl-062,1.2434886859657044,1.0406243178673624,0.16684273319001114,0.7869284204871028
ridge,AB,physics-cocitations,plant-pollinator-mpl-062,1.2434886859657044,1.0593785412505752,0.24386570987917977,0.686647313187568
ridge,ABC,physics-cocitations,plant-pollinator-mpl-062,1.2434886859657044,1.056957441858421,0.2339223345533337,0.666038862007824
gbt,ABC,physics-cocitations,plant-pollinator-mpl-062,1.2434886859657044,1.0166535922220667,0.06839575381507633,0.03314497938667586
ridge,A,physics-cocitations,senate-committees,1.3189930045470284,1.0644313353457329,0.20198353702842378,0.8217469237285737
ridge,AB,physics-cocitations,senate-committees,1.3189930045470284,1.1217389400044766,0.3816351401728903,0.8443851553965959
ridge,ABC,physics-cocitations,senate-committees,1.3189930045470284,1.1097861268247675,0.34416468467910244,0.8101316974929255
gbt,ABC,physics-cocitations,senate-committees,1.3189930045470284,1.0479993326743564,0.15047142724184717,0.6095741400028285
ridge,A,plant-pollinator-mpl-014,contact-primary-school,1.1318799492854903,0.9907224915953109,-0.07034813445829734,0.6119155372135912
ridge,AB,plant-pollinator-mpl-014,contact-primary-school,1.1318799492854903,1.0239014209616615,0.18123620073526342,0.4423823630102958
ridge,ABC,plant-pollinator-mpl-014,contact-primary-school,1.1318799492854903,1.0235008584045695,0.17819887353532002,0.42364942173455794
gbt,ABC,plant-pollinator-mpl-014,contact-primary-school,1.1318799492854903,0.9845407004253035,-0.1172225168302924,0.0052937791635228335
ridge,A,plant-pollinator-mpl-014,contact-high-school,1.3149893580660719,0.9295731611346011,-0.22358481981040845,0.18840997538364546
ridge,AB,plant-pollinator-mpl-014,contact-high-school,1.3149893580660719,0.8935674278525948,-0.33789259675585614,0.07700602219856136
ridge,ABC,plant-pollinator-mpl-014,contact-high-school,1.3149893580660719,0.8901879907342113,-0.34862133101891857,0.06504357544151376
gbt,ABC,plant-pollinator-mpl-014,contact-high-school,1.3149893580660719,0.9865410191746521,-0.04272836678667972,-0.050395115065800807
ridge,A,plant-pollinator-mpl-014,email-Enron,1.80346655331272,0.9868780211662622,-0.016331705134003914,0.46037629368107286
ridge,AB,plant-pollinator-mpl-014,email-Enron,1.80346655331272,1.743553151079121,0.925431367383528,0.6827289846434221
ridge,ABC,plant-pollinator-mpl-014,email-Enron,1.80346655331272,1.7347722650425097,0.9145026162109904,0.689074607477726
gbt,ABC,plant-pollinator-mpl-014,email-Enron,1.80346655331272,1.275240249255344,0.34256590784086666,0.3511182939857346
ridge,A,plant-pollinator-mpl-014,email-Eu,1.6725121109900603,1.109811396071557,0.163285380704735,0.6286338624444261
ridge,AB,plant-pollinator-mpl-014,email-Eu,1.6725121109900603,1.707975417050151,1.0527325909534662,0.6951077192575671
ridge,ABC,plant-pollinator-mpl-014,email-Eu,1.6725121109900603,1.7045994822803625,1.0477127040032985,0.7057506240387805
gbt,ABC,plant-pollinator-mpl-014,email-Eu,1.6725121109900603,1.1573009530646432,0.23390055062810328,0.20233077242536823
ridge,A,plant-pollinator-mpl-014,NDC-classes,4.08325149712881,0.9529760948912503,-0.015251401046116194,0.12276014455636333
ridge,AB,plant-pollinator-mpl-014,NDC-classes,4.08325149712881,2.3961032842899623,0.4528022724030277,0.7369435128582031
ridge,ABC,plant-pollinator-mpl-014,NDC-classes,4.08325149712881,2.390752689262379,0.451066898226589,0.7511400803210538
gbt,ABC,plant-pollinator-mpl-014,NDC-classes,4.08325149712881,1.27723615892722,0.08991681644698409,0.45832589453532513
ridge,A,plant-pollinator-mpl-014,NDC-substances,1.9382074303228396,1.0290389859922957,0.030951562579613463,0.432819381164663
ridge,AB,plant-pollinator-mpl-014,NDC-substances,1.9382074303228396,1.8253942835550687,0.8797567114460482,0.887577855970916
ridge,ABC,plant-pollinator-mpl-014,NDC-substances,1.9382074303228396,1.8254900877421272,0.8798588255244087,0.8903720330305809
gbt,ABC,plant-pollinator-mpl-014,NDC-substances,1.9382074303228396,1.078520452783686,0.08369199629624222,0.5033426614272691
ridge,A,plant-pollinator-mpl-014,DAWN,1.0417909408473682,0.9500047869225429,-1.1963170022913128,0.2820185423486975
ridge,AB,plant-pollinator-mpl-014,DAWN,1.0417909408473682,1.0843842033254345,2.0191984581928493,0.7924608032667843
ridge,ABC,plant-pollinator-mpl-014,DAWN,1.0417909408473682,1.0859442228967147,2.056527590766767,0.7814445851977068
gbt,ABC,plant-pollinator-mpl-014,DAWN,1.0417909408473682,1.006919557563139,0.16557553916794976,-0.15636967636919283
ridge,A,plant-pollinator-mpl-014,congress-bills,1.066851977621039,0.9992247879878857,-0.01159594734068588,-0.004394308548184538
ridge,AB,plant-pollinator-mpl-014,congress-bills,1.066851977621039,1.1096535295137167,1.640243616057329,0.6845715318312451
ridge,ABC,plant-pollinator-mpl-014,congress-bills,1.066851977621039,1.1121927595606091,1.678226487129394,0.6566152371651256
gbt,ABC,plant-pollinator-mpl-014,congress-bills,1.066851977621039,0.9771817491554066,-0.3413249937637192,0.16067003970691565
ridge,A,plant-pollinator-mpl-014,tags-math-sx,1.1319030898951705,0.9332440548536184,-0.5060984181601481,0.5224489723803886
ridge,AB,plant-pollinator-mpl-014,tags-math-sx,1.1319030898951705,1.0807835432182546,0.6124461775873261,0.8305993974873765
ridge,ABC,plant-pollinator-mpl-014,tags-math-sx,1.1319030898951705,1.0808396160557732,0.6128712839101809,0.8186077140646216
gbt,ABC,plant-pollinator-mpl-014,tags-math-sx,1.1319030898951705,0.9822477971266226,-0.13458519347413253,-0.23274962073481836
ridge,A,plant-pollinator-mpl-014,tags-ask-ubuntu,1.1923896562998082,0.93528772335434,-0.33636047743032715,0.5594468639639913
ridge,AB,plant-pollinator-mpl-014,tags-ask-ubuntu,1.1923896562998082,1.1133455641274943,0.589145831992462,0.8834478273474481
ridge,ABC,plant-pollinator-mpl-014,tags-ask-ubuntu,1.1923896562998082,1.1131751018052936,0.5882598055527914,0.8740400534622953
gbt,ABC,plant-pollinator-mpl-014,tags-ask-ubuntu,1.1923896562998082,0.9795651709847041,-0.10621584033318059,-0.2698161227469155
ridge,A,plant-pollinator-mpl-014,cs-cocitations,1.498426821066899,0.9644469284038213,-0.0713305747071881,0.407090411093965
ridge,AB,plant-pollinator-mpl-014,cs-cocitations,1.498426821066899,1.097262974283435,0.19513992861628196,0.5382757732345634
ridge,ABC,plant-pollinator-mpl-014,cs-cocitations,1.498426821066899,1.095389698249314,0.19138155134815843,0.5363345181538629
gbt,ABC,plant-pollinator-mpl-014,cs-cocitations,1.498426821066899,1.0211655063830305,0.04246462166246398,0.11727130054407428
ridge,A,plant-pollinator-mpl-014,diseasome,3.9900640519565753,2.482029476288424,0.4956514143296177,0.429289182487186
ridge,AB,plant-pollinator-mpl-014,diseasome,3.9900640519565753,4.631450467697283,1.2145059117783816,0.5850647122997881
ridge,ABC,plant-pollinator-mpl-014,diseasome,3.9900640519565753,4.622711167901153,1.2115831316491696,0.5820454798070104
gbt,ABC,plant-pollinator-mpl-014,diseasome,3.9900640519565753,3.3253759584915383,0.7777010519122183,0.5669743769710698
ridge,A,plant-pollinator-mpl-014,hospital-lyon,1.0879241574641232,0.9486780523095263,-0.5837070171689193,0.6818060915299698
ridge,AB,plant-pollinator-mpl-014,hospital-lyon,1.0879241574641232,1.0759786156211009,0.8641381141707657,0.7065454932707692
ridge,ABC,plant-pollinator-mpl-014,hospital-lyon,1.0879241574641232,1.078416801447339,0.8918686707840946,0.6843266823702785
gbt,ABC,plant-pollinator-mpl-014,hospital-lyon,1.0879241574641232,1.0095527026291595,0.1086470761241862,-0.07545339747663601
ridge,A,plant-pollinator-mpl-014,house-committees,6.46048355911533,1.5397455187072346,0.09884573643779646,0.37828269184751934
ridge,AB,plant-pollinator-mpl-014,house-committees,6.46048355911533,2.296003828169509,0.23734231852159973,0.515206474527054
ridge,ABC,plant-pollinator-mpl-014,house-committees,6.46048355911533,2.2950799860735356,0.2371731316563758,0.5137129258034105
gbt,ABC,plant-pollinator-mpl-014,house-committees,6.46048355911533,1.3165369556170576,0.05796866746144746,0.33217448791182747
ridge,A,plant-pollinator-mpl-014,hypertext-conference,1.1388262015279327,1.0028896001025387,0.0208145153489436,0.7502692642473079
ridge,AB,plant-pollinator-mpl-014,hypertext-conference,1.1388262015279327,1.067018350596087,0.4827500130269182,0.8217025149462911
ridge,ABC,plant-pollinator-mpl-014,hypertext-conference,1.1388262015279327,1.0672572337700517,0.4844707485317107,0.8145102819387616
gbt,ABC,plant-pollinator-mpl-014,hypertext-conference,1.1388262015279327,0.9911891336784714,-0.06346688322921383,0.18982794084351937
ridge,A,plant-pollinator-mpl-014,invs13,1.2663198563455473,0.9912925832343779,-0.032695334418941555,0.5531298234199178
ridge,AB,plant-pollinator-mpl-014,invs13,1.2663198563455473,0.9981109316280757,-0.007093231416711248,0.5505508524947684
ridge,ABC,plant-pollinator-mpl-014,invs13,1.2663198563455473,0.9977936726444605,-0.00828450189863728,0.5472049088198723
gbt,ABC,plant-pollinator-mpl-014,invs13,1.2663198563455473,0.993227980112976,-0.02542814486291026,0.33669644661516945
ridge,A,plant-pollinator-mpl-014,math-cocitations,1.8053571194025417,1.0143052283827454,0.017762590083462353,0.2947568703444196
ridge,AB,plant-pollinator-mpl-014,math-cocitations,1.8053571194025417,1.2672426112416528,0.33183118991970684,0.5142191415356793
ridge,ABC,plant-pollinator-mpl-014,math-cocitations,1.8053571194025417,1.2667301541215295,0.33119487950811755,0.5130276015498052
gbt,ABC,plant-pollinator-mpl-014,math-cocitations,1.8053571194025417,1.115615703199392,0.14355830527103575,0.39932489979952024
ridge,A,plant-pollinator-mpl-014,neuro-cocitations,2.1242543379282326,1.0393406251459651,0.03499263807019126,0.3568789055348564
ridge,AB,plant-pollinator-mpl-014,neuro-cocitations,2.1242543379282326,1.6029129330462202,0.5362780580035507,0.6698036475818069
ridge,ABC,plant-pollinator-mpl-014,neuro-cocitations,2.1242543379282326,1.5941969923813684,0.5285254166564748,0.6711121568426288
gbt,ABC,plant-pollinator-mpl-014,neuro-cocitations,2.1242543379282326,1.308704262042551,0.2745857868882489,0.4278903673460585
ridge,A,plant-pollinator-mpl-014,physics-cocitations,1.8439255034952018,0.9795593115494478,-0.024220963065928323,0.33526516253064736
ridge,AB,plant-pollinator-mpl-014,physics-cocitations,1.8439255034952018,1.183884006408158,0.21789127789903726,0.5502843753713634
ridge,ABC,plant-pollinator-mpl-014,physics-cocitations,1.8439255034952018,1.1829043350025994,0.21673042732454798,0.5501534454190607
gbt,ABC,plant-pollinator-mpl-014,physics-cocitations,1.8439255034952018,1.1101403135513306,0.13050952139160799,0.3703868648400027
ridge,A,plant-pollinator-mpl-014,plant-pollinator-mpl-015,1.4102516667953713,0.952765810406751,-0.11513466834202735,0.33801069653317306
ridge,AB,plant-pollinator-mpl-014,plant-pollinator-mpl-015,1.4102516667953713,1.3922930948895111,0.9562254748502517,0.8112818387389427
ridge,ABC,plant-pollinator-mpl-014,plant-pollinator-mpl-015,1.4102516667953713,1.3901303326586225,0.9509536809589977,0.8151231206859749
gbt,ABC,plant-pollinator-mpl-014,plant-pollinator-mpl-015,1.4102516667953713,1.0492684774198966,0.12009330225212987,0.3517399222636646
ridge,A,plant-pollinator-mpl-014,plant-pollinator-mpl-016,3.056933205825239,0.9364400780330828,-0.03090033346095797,-0.10953811657291743
ridge,AB,plant-pollinator-mpl-014,plant-pollinator-mpl-016,3.056933205825239,2.094753699686342,0.5322261785584468,0.8255339675074185
ridge,ABC,plant-pollinator-mpl-014,plant-pollinator-mpl-016,3.056933205825239,2.043278832303137,0.5072011231811365,0.8176621771580457
gbt,ABC,plant-pollinator-mpl-014,plant-pollinator-mpl-016,3.056933205825239,1.522933267589474,0.2542295812564676,0.520324453797188
ridge,A,plant-pollinator-mpl-014,plant-pollinator-mpl-021,2.745487382389059,1.0758234022198365,0.04343967363204688,0.5298998545289136
ridge,AB,plant-pollinator-mpl-014,plant-pollinator-mpl-021,2.745487382389059,2.2317791485938057,0.7056935277915686,0.8916450075110621
ridge,ABC,plant-pollinator-mpl-014,plant-pollinator-mpl-021,2.745487382389059,2.2179591057636454,0.6977759438722597,0.8953372268907385
gbt,ABC,plant-pollinator-mpl-014,plant-pollinator-mpl-021,2.745487382389059,1.5153485297506517,0.2952462074204691,0.7128027429159164
ridge,A,plant-pollinator-mpl-014,plant-pollinator-mpl-034,5.693354349219635,1.0,0.0,
ridge,AB,plant-pollinator-mpl-014,plant-pollinator-mpl-034,5.693354349219635,2.724108824829106,0.3673510876321908,0.7733192037576172
ridge,ABC,plant-pollinator-mpl-014,plant-pollinator-mpl-034,5.693354349219635,2.6702864823822803,0.3558833103364546,0.7718601792443512
gbt,ABC,plant-pollinator-mpl-014,plant-pollinator-mpl-034,5.693354349219635,0.9789435134930828,-0.004486447206019768,-0.299978672123586
ridge,A,plant-pollinator-mpl-014,plant-pollinator-mpl-044,2.6781507980073496,1.117740524863271,0.07016087291027548,0.5640442450683363
ridge,AB,plant-pollinator-mpl-014,plant-pollinator-mpl-044,2.6781507980073496,2.3849671852396233,0.8252936427907105,0.8582817741190178
ridge,ABC,plant-pollinator-mpl-014,plant-pollinator-mpl-044,2.6781507980073496,2.3660806389605002,0.8140392630880348,0.8589246405388392
gbt,ABC,plant-pollinator-mpl-014,plant-pollinator-mpl-044,2.6781507980073496,1.5424865313593916,0.32326447182431084,0.6951793590186842
ridge,A,plant-pollinator-mpl-014,plant-pollinator-mpl-049,3.7357043527991034,1.0,0.0,
ridge,AB,plant-pollinator-mpl-014,plant-pollinator-mpl-049,3.7357043527991034,2.445996432271954,0.5285645836665234,0.7365058889781682
ridge,ABC,plant-pollinator-mpl-014,plant-pollinator-mpl-049,3.7357043527991034,2.3719386550239734,0.5014937574011755,0.7299082594551032
gbt,ABC,plant-pollinator-mpl-014,plant-pollinator-mpl-049,3.7357043527991034,1.2507567595210916,0.0916607670944134,0.3108127946549465
ridge,A,plant-pollinator-mpl-014,plant-pollinator-mpl-057,1.8564782392421568,0.9298852699473498,-0.08186399471712241,0.4779224834799097
ridge,AB,plant-pollinator-mpl-014,plant-pollinator-mpl-057,1.8564782392421568,1.6459180740841841,0.7541558494886175,0.886646929073714
ridge,ABC,plant-pollinator-mpl-014,plant-pollinator-mpl-057,1.8564782392421568,1.63990921194713,0.7471400703809415,0.8875691894526745
gbt,ABC,plant-pollinator-mpl-014,plant-pollinator-mpl-057,1.8564782392421568,1.2445815251476136,0.2855665374102537,0.6572076508143161
ridge,A,plant-pollinator-mpl-014,plant-pollinator-mpl-062,1.2434886859657044,0.9954459310520136,-0.018703410919995778,0.2862443979502528
ridge,AB,plant-pollinator-mpl-014,plant-pollinator-mpl-062,1.2434886859657044,1.1273357145964145,0.5229635787444753,0.6645981651562276
ridge,ABC,plant-pollinator-mpl-014,plant-pollinator-mpl-062,1.2434886859657044,1.1280312372650316,0.5258200673975667,0.668021482938158
gbt,ABC,plant-pollinator-mpl-014,plant-pollinator-mpl-062,1.2434886859657044,0.9910469806047468,-0.036769755275258297,0.2031376806535682
ridge,A,plant-pollinator-mpl-014,senate-committees,1.3189930045470284,0.9856351735450569,-0.04503179145054044,0.4068616063209326
ridge,AB,plant-pollinator-mpl-014,senate-committees,1.3189930045470284,1.2519695809902476,0.7898906164040983,0.8147632090928355
ridge,ABC,plant-pollinator-mpl-014,senate-committees,1.3189930045470284,1.2548863167979056,0.7990341893542319,0.8251401646619906
gbt,ABC,plant-pollinator-mpl-014,senate-committees,1.3189930045470284,0.9900292999104892,-0.0312567985735903,0.5170321517459977
ridge,A,plant-pollinator-mpl-015,contact-primary-school,1.1318799492854903,1.0422236368700657,0.32016722101296125,0.7593522033592794
ridge,AB,plant-pollinator-mpl-015,contact-primary-school,1.1318799492854903,1.0663016611092306,0.5027425432633623,0.5120738252815367
ridge,ABC,plant-pollinator-mpl-015,contact-primary-school,1.1318799492854903,1.0668651321437286,0.5070151490502978,0.4534015757271606
gbt,ABC,plant-pollinator-mpl-015,contact-primary-school,1.1318799492854903,1.0570197055150181,0.43236068730647853,0.704995522954469
ridge,A,plant-pollinator-mpl-015,contact-high-school,1.3149893580660719,0.9803439767006973,-0.06240218215619744,0.349607594839118
ridge,AB,plant-pollinator-mpl-015,contact-high-school,1.3149893580660719,0.9239082134258966,-0.2415693883795988,0.1378417636408732
ridge,ABC,plant-pollinator-mpl-015,contact-high-school,1.3149893580660719,0.9120881895410039,-0.27909454147513074,0.09716458970883239
gbt,ABC,plant-pollinator-mpl-015,contact-high-school,1.3149893580660719,0.9780739471043558,-0.06960886878929101,0.23875419034822865
ridge,A,plant-pollinator-mpl-015,email-Enron,1.80346655331272,1.0299490089661756,0.03727474260464831,0.4636199798443412
ridge,AB,plant-pollinator-mpl-015,email-Enron,1.80346655331272,1.6791189453506379,0.8452361116347746,0.6992858016781951
ridge,ABC,plant-pollinator-mpl-015,email-Enron,1.80346655331272,1.6752584171742428,0.8404312717064939,0.707725199492283
gbt,ABC,plant-pollinator-mpl-015,email-Enron,1.80346655331272,1.4178859329462754,0.5201037071466353,0.6982480480186354
ridge,A,plant-pollinator-mpl-015,email-Eu,1.6725121109900603,1.2924280383188393,0.43482940089856825,0.8126673837868694
ridge,AB,plant-pollinator-mpl-015,email-Eu,1.6725121109900603,1.83086233651984,1.2354607789838303,0.7914213697322192
ridge,ABC,plant-pollinator-mpl-015,email-Eu,1.6725121109900603,1.826919760442592,1.2295983179027297,0.809133174577217
gbt,ABC,plant-pollinator-mpl-015,email-Eu,1.6725121109900603,1.3349152896680483,0.49800633207183737,0.7769436441083613
ridge,A,plant-pollinator-mpl-015,NDC-classes,4.08325149712881,1.9968023340684036,0.32329582422862596,0.7289354396856671
ridge,AB,plant-pollinator-mpl-015,NDC-classes,4.08325149712881,3.0647349323571462,0.6696615356482829,0.8204380317383435
ridge,ABC,plant-pollinator-mpl-015,NDC-classes,4.08325149712881,2.9453015061379975,0.6309253422724368,0.8134341192945299
gbt,ABC,plant-pollinator-mpl-015,NDC-classes,4.08325149712881,2.903926383434396,0.6175060273893885,0.8540552293469745
ridge,A,plant-pollinator-mpl-015,NDC-substances,1.9382074303228396,1.680881146232528,0.72572559566943,0.9317442507357753
ridge,AB,plant-pollinator-mpl-015,NDC-substances,1.9382074303228396,2.0933202836942013,1.16532895429957,0.9423639663091563
ridge,ABC,plant-pollinator-mpl-015,NDC-substances,1.9382074303228396,2.115536589776192,1.1890084790655868,0.9442933935697617
gbt,ABC,plant-pollinator-mpl-015,NDC-substances,1.9382074303228396,1.4834363969483868,0.515276666250698,0.7723563017608898
ridge,A,plant-pollinator-mpl-015,DAWN,1.0417909408473682,0.9694397994521464,-0.7312637602361636,0.9766297239162037
ridge,AB,plant-pollinator-mpl-015,DAWN,1.0417909408473682,1.1595669141965548,3.8182177993871,0.9263497797420407
ridge,ABC,plant-pollinator-mpl-015,DAWN,1.0417909408473682,1.1734029048131644,4.149294112484295,0.9040744827379364
gbt,ABC,plant-pollinator-mpl-015,DAWN,1.0417909408473682,1.111112180888452,2.658762368960864,0.2831350668872818
ridge,A,plant-pollinator-mpl-015,congress-bills,1.066851977621039,1.010319496057638,0.1543633625341009,0.869746799970485
ridge,AB,plant-pollinator-mpl-015,congress-bills,1.066851977621039,1.1530552526741378,2.2894648463768066,0.7999350015879452
ridge,ABC,plant-pollinator-mpl-015,congress-bills,1.066851977621039,1.164524052123653,2.461019972457414,0.7317155429732243
gbt,ABC,plant-pollinator-mpl-015,congress-bills,1.066851977621039,1.1074695131806043,1.60757418112314,0.09762317497659131
ridge,A,plant-pollinator-mpl-015,tags-math-sx,1.1319030898951705,1.0870325728387165,0.6598220929311456,0.968859084633585
ridge,AB,plant-pollinator-mpl-015,tags-math-sx,1.1319030898951705,1.2072793116716807,1.5714515242699403,0.8817586999303922
ridge,ABC,plant-pollinator-mpl-015,tags-math-sx,1.1319030898951705,1.2141436549524083,1.6234923315488525,0.8547107489258494
gbt,ABC,plant-pollinator-mpl-015,tags-math-sx,1.1319030898951705,1.052199460260779,0.39574099668373386,0.5316798790743479
ridge,A,plant-pollinator-mpl-015,tags-ask-ubuntu,1.1923896562998082,1.1502413977400767,0.7809224291453059,0.9724637085383699
ridge,AB,plant-pollinator-mpl-015,tags-ask-ubuntu,1.1923896562998082,1.2663346739493382,1.3843502767856637,0.9284721204944599
ridge,ABC,plant-pollinator-mpl-015,tags-ask-ubuntu,1.1923896562998082,1.2752349993599505,1.430612251476978,0.9082065329591525
gbt,ABC,plant-pollinator-mpl-015,tags-ask-ubuntu,1.1923896562998082,1.0707796120810906,0.3678971803494053,0.6556512598619444
ridge,A,plant-pollinator-mpl-015,cs-cocitations,1.498426821066899,1.1794760009674532,0.3600849580752475,0.6768868367882961
ridge,AB,plant-pollinator-mpl-015,cs-cocitations,1.498426821066899,1.2612961243277772,0.5242417006541988,0.605913963587064
ridge,ABC,plant-pollinator-mpl-015,cs-cocitations,1.498426821066899,1.2578862475760526,0.517400422039967,0.597824933723707
gbt,ABC,plant-pollinator-mpl-015,cs-cocitations,1.498426821066899,1.212761940383652,0.42686695697520477,0.6210825553992941
ridge,A,plant-pollinator-mpl-015,diseasome,3.9900640519565753,1.0997405679990162,0.03335733491520025,0.6055936310496032
ridge,AB,plant-pollinator-mpl-015,diseasome,3.9900640519565753,4.216754292743531,1.0758145099395509,0.722094733784974
ridge,ABC,plant-pollinator-mpl-015,diseasome,3.9900640519565753,4.70754503255953,1.239955053850256,0.697784979761396
gbt,ABC,plant-pollinator-mpl-015,diseasome,3.9900640519565753,2.4838270182570277,0.4962525860561656,0.4178941174030604
ridge,A,plant-pollinator-mpl-015,hospital-lyon,1.0879241574641232,1.0190123526353305,0.21623582396099017,0.8949977719807033
ridge,AB,plant-pollinator-mpl-015,hospital-lyon,1.0879241574641232,1.1288687538340583,1.4656808498465537,0.7899137146178439
ridge,ABC,plant-pollinator-mpl-015,hospital-lyon,1.0879241574641232,1.1392981232381887,1.5842986416449685,0.7237918738443678
gbt,ABC,plant-pollinator-mpl-015,hospital-lyon,1.0879241574641232,1.0654666106574109,0.7445804719155149,0.8708968135127607
ridge,A,plant-pollinator-mpl-015,house-committees,6.46048355911533,1.4080995129191687,0.0747368815419135,0.2572842116280542
ridge,AB,plant-pollinator-mpl-015,house-committees,6.46048355911533,2.3819894020422563,0.2530891975190118,0.4731553305540977
ridge,ABC,plant-pollinator-mpl-015,house-committees,6.46048355911533,2.378241525354424,0.2524028340042685,0.47050306299191424
gbt,ABC,plant-pollinator-mpl-015,house-committees,6.46048355911533,2.5116809091528367,0.27684011732428854,0.5006611603391115
ridge,A,plant-pollinator-mpl-015,hypertext-conference,1.1388262015279327,1.0673125938357335,0.48486952099016994,0.9163523683274649
ridge,AB,plant-pollinator-mpl-015,hypertext-conference,1.1388262015279327,1.1244978853799181,0.8967895397964079,0.8849319670726848
ridge,ABC,plant-pollinator-mpl-015,hypertext-conference,1.1388262015279327,1.1278115025052353,0.9206583562651094,0.8646654474677872
gbt,ABC,plant-pollinator-mpl-015,hypertext-conference,1.1388262015279327,1.1071207848357854,0.7716179197932748,0.9265052229238723
ridge,A,plant-pollinator-mpl-015,invs13,1.2663198563455473,1.004392368288614,0.016492830646900575,0.5614343983133572
ridge,AB,plant-pollinator-mpl-015,invs13,1.2663198563455473,1.042243790301885,0.15862050573906206,0.5803245816870213
ridge,ABC,plant-pollinator-mpl-015,invs13,1.2663198563455473,1.0429678570698584,0.16133929200573024,0.5699855628707563
gbt,ABC,plant-pollinator-mpl-015,invs13,1.2663198563455473,0.9881424613021706,-0.04452367487929369,0.46901672499558344
ridge,A,plant-pollinator-mpl-015,math-cocitations,1.8053571194025417,1.0394375102637303,0.048968972041852986,0.42148534777736857
ridge,AB,plant-pollinator-mpl-015,math-cocitations,1.8053571194025417,1.404912099335739,0.5027733530637005,0.5650664042631846
ridge,ABC,plant-pollinator-mpl-015,math-cocitations,1.8053571194025417,1.4106746304737492,0.5099286025787048,0.5595179084015958
gbt,ABC,plant-pollinator-mpl-015,math-cocitations,1.8053571194025417,1.118686123019384,0.1473708000587764,0.4148849562711662
ridge,A,plant-pollinator-mpl-015,neuro-cocitations,2.1242543379282326,0.8819048580551058,-0.1050430831892711,0.30556633562142027
ridge,AB,plant-pollinator-mpl-015,neuro-cocitations,2.1242543379282326,1.6093464167917753,0.5420005031198494,0.6404005128283238
ridge,ABC,plant-pollinator-mpl-015,neuro-cocitations,2.1242543379282326,1.5892090413205888,0.5240887417044606,0.6304096499944938
gbt,ABC,plant-pollinator-mpl-015,neuro-cocitations,2.1242543379282326,1.323437933368919,0.28769106994503396,0.6113072781552101
ridge,A,plant-pollinator-mpl-015,physics-cocitations,1.8439255034952018,1.0994873445454039,0.11788640600783729,0.5089212639954384
ridge,AB,plant-pollinator-mpl-015,physics-cocitations,1.8439255034952018,1.2927961403043122,0.346945481670678,0.5786280151006317
ridge,ABC,plant-pollinator-mpl-015,physics-cocitations,1.8439255034952018,1.2918229643594175,0.34579232781898817,0.5764768297734093
gbt,ABC,plant-pollinator-mpl-015,physics-cocitations,1.8439255034952018,1.1552544995810112,0.18396706692475723,0.5114982951222086
ridge,A,plant-pollinator-mpl-015,plant-pollinator-mpl-014,2.5834026366365537,0.9899904497611987,-0.006321544506243542,0.19330950081689383
ridge,AB,plant-pollinator-mpl-015,plant-pollinator-mpl-014,2.5834026366365537,1.6936195054115561,0.43805630315542166,0.8118583082618454
ridge,ABC,plant-pollinator-mpl-015,plant-pollinator-mpl-014,2.5834026366365537,1.7984282028499612,0.5042483726981619,0.8171435032963444
gbt,ABC,plant-pollinator-mpl-015,plant-pollinator-mpl-014,2.5834026366365537,1.6975856849476862,0.440561149013551,0.7417921568533781
ridge,A,plant-pollinator-mpl-015,plant-pollinator-mpl-016,3.056933205825239,0.7882027491018043,-0.1029674907762612,-0.052600285150259225
ridge,AB,plant-pollinator-mpl-015,plant-pollinator-mpl-016,3.056933205825239,1.56361030369485,0.274005155879007,0.5942205488641867
ridge,ABC,plant-pollinator-mpl-015,plant-pollinator-mpl-016,3.056933205825239,1.4868699170119284,0.23669699902413543,0.5123731757345754
gbt,ABC,plant-pollinator-mpl-015,plant-pollinator-mpl-016,3.056933205825239,1.8678663697798858,0.421922485048171,0.7575212034719352
ridge,A,plant-pollinator-mpl-015,plant-pollinator-mpl-021,2.745487382389059,1.0949587913694405,0.054402450758177276,0.41318938252253024
ridge,AB,plant-pollinator-mpl-015,plant-pollinator-mpl-021,2.745487382389059,1.871997809224824,0.4995726798272901,0.7809211550813907
ridge,ABC,plant-pollinator-mpl-015,plant-pollinator-mpl-021,2.745487382389059,1.885969344993818,0.5075770549433514,0.7786475805622385
gbt,ABC,plant-pollinator-mpl-015,plant-pollinator-mpl-021,2.745487382389059,2.2137222392020734,0.695348618069553,0.9096062235260911
ridge,A,plant-pollinator-mpl-015,plant-pollinator-mpl-034,5.693354349219635,0.7968538025597878,-0.04328379711495455,-0.24222725683827903
ridge,AB,plant-pollinator-mpl-015,plant-pollinator-mpl-034,5.693354349219635,1.8576536878595677,0.1827378936351077,0.6351470074750767
ridge,ABC,plant-pollinator-mpl-015,plant-pollinator-mpl-034,5.693354349219635,1.7134368944399108,0.1520100212673126,0.4347317506674063
gbt,ABC,plant-pollinator-mpl-015,plant-pollinator-mpl-034,5.693354349219635,2.695073016482188,0.3611645084424593,0.7345935128206602
ridge,A,plant-pollinator-mpl-015,plant-pollinator-mpl-044,2.6781507980073496,1.077251614529677,0.04603377397395176,0.48506279512324724
ridge,AB,plant-pollinator-mpl-015,plant-pollinator-mpl-044,2.6781507980073496,2.001679569490449,0.5968948503792696,0.7862873391273323
ridge,ABC,plant-pollinator-mpl-015,plant-pollinator-mpl-044,2.6781507980073496,2.0017851288937822,0.5969577525948863,0.7782959623745188
gbt,ABC,plant-pollinator-mpl-015,plant-pollinator-mpl-044,2.6781507980073496,2.0181216894538174,0.60669261109475,0.8563659724603655
ridge,A,plant-pollinator-mpl-015,plant-pollinator-mpl-049,3.7357043527991034,0.9411780917701644,-0.02150155888360176,0.006003493531279265
ridge,AB,plant-pollinator-mpl-015,plant-pollinator-mpl-049,3.7357043527991034,1.9692634609732997,0.3543012460325159,0.7221416966442552
ridge,ABC,plant-pollinator-mpl-015,plant-pollinator-mpl-049,3.7357043527991034,1.8135897948768995,0.29739682727208994,0.6481214612252746
gbt,ABC,plant-pollinator-mpl-015,plant-pollinator-mpl-049,3.7357043527991034,1.966775755887649,0.35339189883529215,0.5037633748359369
ridge,A,plant-pollinator-mpl-015,plant-pollinator-mpl-057,1.8564782392421568,1.0703839663629318,0.08217834749101163,0.6698658185733177
ridge,AB,plant-pollinator-mpl-015,plant-pollinator-mpl-057,1.8564782392421568,1.576385052273979,0.6729710410202431,0.8642238830032851
ridge,ABC,plant-pollinator-mpl-015,plant-pollinator-mpl-057,1.8564782392421568,1.587748311914092,0.6862384646621649,0.8622177687925534
gbt,ABC,plant-pollinator-mpl-015,plant-pollinator-mpl-057,1.8564782392421568,1.6860550384084285,0.801018644694902,0.8891817883585977
ridge,A,plant-pollinator-mpl-015,plant-pollinator-mpl-062,1.2434886859657044,1.0489439821304976,0.20101131983352755,0.7811234827462956
ridge,AB,plant-pollinator-mpl-015,plant-pollinator-mpl-062,1.2434886859657044,1.1420539975194484,0.5834110811188032,0.787838104327441
ridge,ABC,plant-pollinator-mpl-015,plant-pollinator-mpl-062,1.2434886859657044,1.1498690363164794,0.6155071876218043,0.7790427842566484
gbt,ABC,plant-pollinator-mpl-015,plant-pollinator-mpl-062,1.2434886859657044,1.0377017223685878,0.15483972989980382,0.39937122772172373
ridge,A,plant-pollinator-mpl-015,senate-committees,1.3189930045470284,1.0887299299100819,0.27815635028134494,0.8207559027340117
ridge,AB,plant-pollinator-mpl-015,senate-committees,1.3189930045470284,1.3061081580407903,0.9596077458672341,0.8662733867261012
ridge,ABC,plant-pollinator-mpl-015,senate-committees,1.3189930045470284,1.3163900351648683,0.991840042430221,0.8914017340462391
gbt,ABC,plant-pollinator-mpl-015,senate-committees,1.3189930045470284,1.2466779849509124,0.7733021772724965,0.808841276416389
ridge,A,plant-pollinator-mpl-016,contact-primary-school,1.1318799492854903,0.9598575317006417,-0.3043864402196495,0.1324607522199065
ridge,AB,plant-pollinator-mpl-016,contact-primary-school,1.1318799492854903,1.023950354109003,0.1816072438514199,0.35005947700674733
ridge,ABC,plant-pollinator-mpl-016,contact-primary-school,1.1318799492854903,1.0239152140160686,0.18134078869182393,0.350567797562654
gbt,ABC,plant-pollinator-mpl-016,contact-primary-school,1.1318799492854903,0.947117277521758,-0.4009913771180094,0.19738869147768331
ridge,A,plant-pollinator-mpl-016,contact-high-school,1.3149893580660719,0.9502541656994509,-0.15792861894119767,0.0357708038843016
ridge,AB,plant-pollinator-mpl-016,contact-high-school,1.3149893580660719,0.84999905545141,-0.4762095629818896,0.03797749793491289
ridge,ABC,plant-pollinator-mpl-016,contact-high-school,1.3149893580660719,0.8501294415193259,-0.4757956249723122,0.0383365242746587
gbt,ABC,plant-pollinator-mpl-016,contact-high-school,1.3149893580660719,0.9539861433748834,-0.14608067049511167,0.11648632622515817
ridge,A,plant-pollinator-mpl-016,email-Enron,1.80346655331272,1.011526553659234,0.014346027985495556,0.18026630936341848
ridge,AB,plant-pollinator-mpl-016,email-Enron,1.80346655331272,1.9479827833572572,1.1798658941665856,0.6320928631568306
ridge,ABC,plant-pollinator-mpl-016,email-Enron,1.80346655331272,1.9479456142777167,1.179819633274471,0.6321317647486593
gbt,ABC,plant-pollinator-mpl-016,email-Enron,1.80346655331272,1.2960805867162644,0.3685039352235808,0.4240434891447797
ridge,A,plant-pollinator-mpl-016,email-Eu,1.6725121109900603,0.945555271397018,-0.08095724629082061,0.28602469693047383
ridge,AB,plant-pollinator-mpl-016,email-Eu,1.6725121109900603,1.7518049859678226,1.1179054974356206,0.6425326786964741
ridge,ABC,plant-pollinator-mpl-016,email-Eu,1.6725121109900603,1.7517076517880874,1.117760765202335,0.6425707242702828
gbt,ABC,plant-pollinator-mpl-016,email-Eu,1.6725121109900603,1.1613900317402548,0.2399808555159836,0.20249582306505617
ridge,A,plant-pollinator-mpl-016,NDC-classes,4.08325149712881,1.562869038089251,0.1825569657919267,0.49701632372402677
ridge,AB,plant-pollinator-mpl-016,NDC-classes,4.08325149712881,3.3860779367875553,0.7738836546449495,0.7892934640298157
ridge,ABC,plant-pollinator-mpl-016,NDC-classes,4.08325149712881,3.3858664327822234,0.773815056930644,0.7892497517400549
gbt,ABC,plant-pollinator-mpl-016,NDC-classes,4.08325149712881,1.3009102672325434,0.0975951094202849,-0.03060158819403266
ridge,A,plant-pollinator-mpl-016,NDC-substances,1.9382074303228396,0.968169736182736,-0.033926680591637476,0.4706497576103751
ridge,AB,plant-pollinator-mpl-016,NDC-substances,1.9382074303228396,1.9712039195469047,1.035169716373607,0.8875393480258559
ridge,ABC,plant-pollinator-mpl-016,NDC-substances,1.9382074303228396,1.9708962648178263,1.0348417987733676,0.8875747701788075
gbt,ABC,plant-pollinator-mpl-016,NDC-substances,1.9382074303228396,1.0000079422666546,8.465363199945414e-06,-0.04823522964703913
ridge,A,plant-pollinator-mpl-016,DAWN,1.0417909408473682,0.9426001171432643,-1.373500612641757,0.22711384455277767
ridge,AB,plant-pollinator-mpl-016,DAWN,1.0417909408473682,1.081248375436577,1.9441623899619267,0.7479628817839221
ridge,ABC,plant-pollinator-mpl-016,DAWN,1.0417909408473682,1.0811993294967228,1.9429887877682543,0.7484679291808256
gbt,ABC,plant-pollinator-mpl-016,DAWN,1.0417909408473682,0.9925835038613214,-0.17746659893984212,-0.29701039041065636
ridge,A,plant-pollinator-mpl-016,congress-bills,1.066851977621039,0.9586110121462313,-0.6191138890219324,0.5874008814556305
ridge,AB,plant-pollinator-mpl-016,congress-bills,1.066851977621039,1.1603967023883381,2.3992813391037164,0.6953653649858114
ridge,ABC,plant-pollinator-mpl-016,congress-bills,1.066851977621039,1.1602687574029482,2.3973674841970567,0.6959568141445653
gbt,ABC,plant-pollinator-mpl-016,congress-bills,1.066851977621039,1.0217053583460944,0.32467787967522355,0.09058212786492058
ridge,A,plant-pollinator-mpl-016,tags-math-sx,1.1319030898951705,0.8668119804911019,-1.0097414671236953,0.12096121701070817
ridge,AB,plant-pollinator-mpl-016,tags-math-sx,1.1319030898951705,1.062691520441328,0.47528469948014057,0.7734436191960573
ridge,ABC,plant-pollinator-mpl-016,tags-math-sx,1.1319030898951705,1.0626132127280918,0.47469102337066893,0.7739342770149212
gbt,ABC,plant-pollinator-mpl-016,tags-math-sx,1.1319030898951705,0.9207293838313817,-0.6009761881364442,-0.10944955501933742
ridge,A,plant-pollinator-mpl-016,tags-ask-ubuntu,1.1923896562998082,0.8249298498784406,-0.9099769368512245,0.13852964771102474
ridge,AB,plant-pollinator-mpl-016,tags-ask-ubuntu,1.1923896562998082,1.0853435599346106,0.4435974447691537,0.8415518816512972
ridge,ABC,plant-pollinator-mpl-016,tags-ask-ubuntu,1.1923896562998082,1.085247252938056,0.4430968617419423,0.8418762971362735
gbt,ABC,plant-pollinator-mpl-016,tags-ask-ubuntu,1.1923896562998082,0.9140804079498405,-0.4465915356502728,-0.08450242816848087
ridge,A,plant-pollinator-mpl-016,cs-cocitations,1.498426821066899,0.9363269605752765,-0.1277480198365514,0.33918987287080327
ridge,AB,plant-pollinator-mpl-016,cs-cocitations,1.498426821066899,1.1331616876171309,0.26716396868871123,0.5308905271323895
ridge,ABC,plant-pollinator-mpl-016,cs-cocitations,1.498426821066899,1.1331133253391368,0.2670669388421019,0.531043444246008
gbt,ABC,plant-pollinator-mpl-016,cs-cocitations,1.498426821066899,0.9467051161643553,-0.10692619574838547,0.25227049539571766
ridge,A,plant-pollinator-mpl-016,diseasome,3.9900640519565753,1.0,0.0,
ridge,AB,plant-pollinator-mpl-016,diseasome,3.9900640519565753,6.6088209855816,1.8758196774786204,0.6219414681737049
ridge,ABC,plant-pollinator-mpl-016,diseasome,3.9900640519565753,6.60619029138327,1.874939865490443,0.6220709588182013
gbt,ABC,plant-pollinator-mpl-016,diseasome,3.9900640519565753,1.4688126402726829,0.15679016640660629,0.2914177131443949
ridge,A,plant-pollinator-mpl-016,hospital-lyon,1.0879241574641232,0.9244165063584239,-0.859644218625779,0.17357572404745145
ridge,AB,plant-pollinator-mpl-016,hospital-lyon,1.0879241574641232,1.096933175676577,1.1024635148324267,0.5821055395055718
ridge,ABC,plant-pollinator-mpl-016,hospital-lyon,1.0879241574641232,1.0968505735272116,1.1015240443643806,0.5829057448554287
gbt,ABC,plant-pollinator-mpl-016,hospital-lyon,1.0879241574641232,0.963115603275889,-0.4195024187654166,0.5057085858185535
ridge,A,plant-pollinator-mpl-016,house-committees,6.46048355911533,1.2507190472834135,0.04591517300054527,0.06295459625393192
ridge,AB,plant-pollinator-mpl-016,house-committees,6.46048355911533,3.031986763760557,0.3721257910150663,0.5482912070557228
ridge,ABC,plant-pollinator-mpl-016,house-committees,6.46048355911533,3.030946151080529,0.37193521948989605,0.548262978101776
gbt,ABC,plant-pollinator-mpl-016,house-committees,6.46048355911533,2.061289789584691,0.19435820620923797,0.2442371364648443
ridge,A,plant-pollinator-mpl-016,hypertext-conference,1.1388262015279327,0.8917505088896444,-0.7797482745976824,-0.16321824354467487
ridge,AB,plant-pollinator-mpl-016,hypertext-conference,1.1388262015279327,1.063039306929159,0.4540879620370161,0.7485943629018386
ridge,ABC,plant-pollinator-mpl-016,hypertext-conference,1.1388262015279327,1.0629700369750628,0.45358899315841905,0.7488392229090316
gbt,ABC,plant-pollinator-mpl-016,hypertext-conference,1.1388262015279327,0.9369777528987318,-0.4539650758116276,0.30733786089968806
ridge,A,plant-pollinator-mpl-016,invs13,1.2663198563455473,1.0,0.0,
ridge,AB,plant-pollinator-mpl-016,invs13,1.2663198563455473,0.9799319790792793,-0.07535307804718334,0.5186337727295627
ridge,ABC,plant-pollinator-mpl-016,invs13,1.2663198563455473,0.9799050834650918,-0.0754540679416532,0.5187356922715305
gbt,ABC,plant-pollinator-mpl-016,invs13,1.2663198563455473,0.9672209139806954,-0.12308164501551111,0.4349725448938852
ridge,A,plant-pollinator-mpl-016,math-cocitations,1.8053571194025417,0.9995633614007876,-0.0005421676777828868,0.008392285627345149
ridge,AB,plant-pollinator-mpl-016,math-cocitations,1.8053571194025417,1.3548907830538353,0.4406626259380594,0.5323485549611685
ridge,ABC,plant-pollinator-mpl-016,math-cocitations,1.8053571194025417,1.354844652583044,0.4406053464161182,0.532468721484999
gbt,ABC,plant-pollinator-mpl-016,math-cocitations,1.8053571194025417,1.0648864189133342,0.08056850476651968,0.42297580123810297
ridge,A,plant-pollinator-mpl-016,neuro-cocitations,2.1242543379282326,0.8245763654826562,-0.15603554160227937,0.05575042886050137
ridge,AB,plant-pollinator-mpl-016,neuro-cocitations,2.1242543379282326,1.8310945297764134,0.7392406697829141,0.6740640912867211
ridge,ABC,plant-pollinator-mpl-016,neuro-cocitations,2.1242543379282326,1.8311858513096795,0.7393218983182955,0.6741243547108788
gbt,ABC,plant-pollinator-mpl-016,neuro-cocitations,2.1242543379282326,1.155186507765118,0.13803505357257018,0.343784315157745
ridge,A,plant-pollinator-mpl-016,physics-cocitations,1.8439255034952018,0.9778777861938992,-0.026213467556649776,-0.039019170721138724
ridge,AB,plant-pollinator-mpl-016,physics-cocitations,1.8439255034952018,1.208882981171015,0.24751353088146424,0.5590336301529719
ridge,ABC,plant-pollinator-mpl-016,physics-cocitations,1.8439255034952018,1.2089281211974188,0.24756701904625714,0.55914053889484
gbt,ABC,plant-pollinator-mpl-016,physics-cocitations,1.8439255034952018,1.0495943831935377,0.0587663045945852,0.4299764781068748
ridge,A,plant-pollinator-mpl-016,plant-pollinator-mpl-014,2.5834026366365537,1.0,0.0,
ridge,AB,plant-pollinator-mpl-016,plant-pollinator-mpl-014,2.5834026366365537,2.877198767211322,1.1855473293885923,0.8770181189762494
ridge,ABC,plant-pollinator-mpl-016,plant-pollinator-mpl-014,2.5834026366365537,2.876207872547219,1.1849215285713044,0.8770510668953136
gbt,ABC,plant-pollinator-mpl-016,plant-pollinator-mpl-014,2.5834026366365537,1.2914848248859476,0.1840876212667654,0.4405110877505562
ridge,A,plant-pollinator-mpl-016,plant-pollinator-mpl-015,1.4102516667953713,0.9286160168261871,-0.1740004708120257,0.010042494112252108
ridge,AB,plant-pollinator-mpl-016,plant-pollinator-mpl-015,1.4102516667953713,1.5119118457170486,1.2477995512261606,0.7659254117745762
ridge,ABC,plant-pollinator-mpl-016,plant-pollinator-mpl-015,1.4102516667953713,1.5118755020318242,1.2477109624691463,0.7659677578979562
gbt,ABC,plant-pollinator-mpl-016,plant-pollinator-mpl-015,1.4102516667953713,1.236845697433698,0.5773180625536226,0.30801020607886503
ridge,A,plant-pollinator-mpl-016,plant-pollinator-mpl-021,2.745487382389059,0.9825349345736903,-0.010005838829041044,0.14366047497412343
ridge,AB,plant-pollinator-mpl-016,plant-pollinator-mpl-021,2.745487382389059,2.935615170790032,1.1089253295780026,0.874613474900008
ridge,ABC,plant-pollinator-mpl-016,plant-pollinator-mpl-021,2.745487382389059,2.9351785802891017,1.1086752043090746,0.8745827009560236
gbt,ABC,plant-pollinator-mpl-016,plant-pollinator-mpl-021,2.745487382389059,1.8260390824041002,0.4732426545951284,0.42805482530975275
ridge,A,plant-pollinator-mpl-016,plant-pollinator-mpl-034,5.693354349219635,1.0703480800187244,0.014988870386575688,-0.04757030635619517
ridge,AB,plant-pollinator-mpl-016,plant-pollinator-mpl-034,5.693354349219635,5.498339057124052,0.9584486323458598,0.8678321596876998
ridge,ABC,plant-pollinator-mpl-016,plant-pollinator-mpl-034,5.693354349219635,5.498301624323342,0.9584406566427859,0.8678865775094603
gbt,ABC,plant-pollinator-mpl-016,plant-pollinator-mpl-034,5.693354349219635,4.180444510069418,0.6776484947483736,0.8414018533528528
ridge,A,plant-pollinator-mpl-016,plant-pollinator-mpl-044,2.6781507980073496,1.2841936207156637,0.1693492748405671,0.36035874631038484
ridge,AB,plant-pollinator-mpl-016,plant-pollinator-mpl-044,2.6781507980073496,3.0995209403710025,1.2510919417158406,0.8405528892570167
ridge,ABC,plant-pollinator-mpl-016,plant-pollinator-mpl-044,2.6781507980073496,3.0993398942766457,1.2509840574335869,0.8406201434124463
gbt,ABC,plant-pollinator-mpl-016,plant-pollinator-mpl-044,2.6781507980073496,1.7619865238286505,0.45406320143186163,0.4305947688314701
ridge,A,plant-pollinator-mpl-016,plant-pollinator-mpl-049,3.7357043527991034,0.9820447144921122,-0.006563313572066527,-0.15653539004411451
ridge,AB,plant-pollinator-mpl-016,plant-pollinator-mpl-049,3.7357043527991034,3.9797805406289384,1.089218773797725,0.7847283981292561
ridge,ABC,plant-pollinator-mpl-016,plant-pollinator-mpl-049,3.7357043527991034,3.980503856981007,1.0894831723798777,0.7846867955628767
gbt,ABC,plant-pollinator-mpl-016,plant-pollinator-mpl-049,3.7357043527991034,2.513431226491227,0.5532144673976639,0.4665117161077945
ridge,A,plant-pollinator-mpl-016,plant-pollinator-mpl-057,1.8564782392421568,0.9393390202208929,-0.07082606072138174,0.19417689309374303
ridge,AB,plant-pollinator-mpl-016,plant-pollinator-mpl-057,1.8564782392421568,1.953488812091979,1.1132668273459707,0.8752127940290011
ridge,ABC,plant-pollinator-mpl-016,plant-pollinator-mpl-057,1.8564782392421568,1.9531813954227735,1.1129078962545307,0.8752636334361712
gbt,ABC,plant-pollinator-mpl-016,plant-pollinator-mpl-057,1.8564782392421568,1.4867679685493729,0.5683366444663941,0.3117121674109683
ridge,A,plant-pollinator-mpl-016,plant-pollinator-mpl-062,1.2434886859657044,0.9207166053630719,-0.32561428602927067,-0.1903942177788978
ridge,AB,plant-pollinator-mpl-016,plant-pollinator-mpl-062,1.2434886859657044,1.1416431127104745,0.5817235907643982,0.5606336733559967
ridge,ABC,plant-pollinator-mpl-016,plant-pollinator-mpl-062,1.2434886859657044,1.1415846861203278,0.5814836346862957,0.560647846192563
gbt,ABC,plant-pollinator-mpl-016,plant-pollinator-mpl-062,1.2434886859657044,0.9904004346613118,-0.03942509813388343,0.15338969052384477
ridge,A,plant-pollinator-mpl-016,senate-committees,1.3189930045470284,0.9995140712614434,-0.0015233209870749195,0.48096460753255066
ridge,AB,plant-pollinator-mpl-016,senate-committees,1.3189930045470284,1.3757627195762823,1.177965391779883,0.7962295936658074
ridge,ABC,plant-pollinator-mpl-016,senate-committees,1.3189930045470284,1.3754860072656485,1.1770979360467182,0.7962168645154164
gbt,ABC,plant-pollinator-mpl-016,senate-committees,1.3189930045470284,1.067407645359342,0.21131386707072508,0.13098029838586048
ridge,A,plant-pollinator-mpl-021,contact-primary-school,1.1318799492854903,1.0077910657511824,0.05907695440734879,0.7255204864615631
ridge,AB,plant-pollinator-mpl-021,contact-primary-school,1.1318799492854903,1.03584918100403,0.2718319289494465,0.3472896309619464
ridge,ABC,plant-pollinator-mpl-021,contact-primary-school,1.1318799492854903,1.035204598337006,0.26694428173304763,0.2946270435712206
gbt,ABC,plant-pollinator-mpl-021,contact-primary-school,1.1318799492854903,1.0077660385108027,0.058887181507713424,0.4397766914562876
ridge,A,plant-pollinator-mpl-021,contact-high-school,1.3149893580660719,0.8939548800076658,-0.3366625483585078,0.21170587727267665
ridge,AB,plant-pollinator-mpl-021,contact-high-school,1.3149893580660719,0.8209156101548354,-0.5685410800691243,0.030195700898344675
ridge,ABC,plant-pollinator-mpl-021,contact-high-school,1.3149893580660719,0.8060663474027251,-0.6156831893876096,-0.005933313440668878
gbt,ABC,plant-pollinator-mpl-021,contact-high-school,1.3149893580660719,1.0053124420421928,0.016865465153519568,0.31383688765859713
ridge,A,plant-pollinator-mpl-021,email-Enron,1.80346655331272,0.9954141543580962,-0.005707575035944168,0.4965574369124914
ridge,AB,plant-pollinator-mpl-021,email-Enron,1.80346655331272,1.9267775206956914,1.1534736783685096,0.6382054940672676
ridge,ABC,plant-pollinator-mpl-021,email-Enron,1.80346655331272,1.9157535520651336,1.139753171167425,0.6567570588809922
gbt,ABC,plant-pollinator-mpl-021,email-Enron,1.80346655331272,1.4969701709944239,0.6185324939107905,0.7477384481175933
ridge,A,plant-pollinator-mpl-021,email-Eu,1.6725121109900603,1.2265125560772854,0.3368155790440973,0.7289015190440838
ridge,AB,plant-pollinator-mpl-021,email-Eu,1.6725121109900603,1.801252419680163,1.1914319557763406,0.6655545414083097
ridge,ABC,plant-pollinator-mpl-021,email-Eu,1.6725121109900603,1.7952114277399285,1.1824492299019456,0.6931962646159086
gbt,ABC,plant-pollinator-mpl-021,email-Eu,1.6725121109900603,1.291817787696241,0.4339219813701674,0.4595489037511632
ridge,A,plant-pollinator-mpl-021,NDC-classes,4.08325149712881,1.3674610094542186,0.1191797068115936,0.564428748688773
ridge,AB,plant-pollinator-mpl-021,NDC-classes,4.08325149712881,3.2697799040308806,0.7361643726256352,0.7267487947312293
ridge,ABC,plant-pollinator-mpl-021,NDC-classes,4.08325149712881,3.254450811242626,0.7311926430075584,0.7792019446982505
gbt,ABC,plant-pollinator-mpl-021,NDC-classes,4.08325149712881,3.0120494066063626,0.6525738845760802,0.7807039203962538
ridge,A,plant-pollinator-mpl-021,NDC-substances,1.9382074303228396,1.2732413017730055,0.29123762287725913,0.7357968402218882
ridge,AB,plant-pollinator-mpl-021,NDC-substances,1.9382074303228396,2.0322996931605393,1.1002894027446812,0.85508498014637
ridge,ABC,plant-pollinator-mpl-021,NDC-substances,1.9382074303228396,2.046654385590842,1.1155895293119622,0.8664846932941295
gbt,ABC,plant-pollinator-mpl-021,NDC-substances,1.9382074303228396,1.4010324279368738,0.42744537612420896,0.5853432434587361
ridge,A,plant-pollinator-mpl-021,DAWN,1.0417909408473682,0.7765226473428296,-5.347507094261646,0.59398195744823
ridge,AB,plant-pollinator-mpl-021,DAWN,1.0417909408473682,1.1023772150395466,2.44974659492486,0.7149600492927813
ridge,ABC,plant-pollinator-mpl-021,DAWN,1.0417909408473682,1.0991297367834036,2.3720388862613104,0.6544611096983476
gbt,ABC,plant-pollinator-mpl-021,DAWN,1.0417909408473682,1.1138204819159838,2.723568304711944,-0.11024021627884216
ridge,A,plant-pollinator-mpl-021,congress-bills,1.066851977621039,0.9027119272186063,-1.4552759131956654,0.40260833709956845
ridge,AB,plant-pollinator-mpl-021,congress-bills,1.066851977621039,1.1547580794247005,2.314936445141102,0.6011025325881205
ridge,ABC,plant-pollinator-mpl-021,congress-bills,1.066851977621039,1.16073775010145,2.4043828742452065,0.5136033548518393
gbt,ABC,plant-pollinator-mpl-021,congress-bills,1.066851977621039,1.1395802391494474,2.087899926322001,0.056686913470841385
ridge,A,plant-pollinator-mpl-021,tags-math-sx,1.1319030898951705,0.9224017468343908,-0.5882974631396438,0.7710949391513168
ridge,AB,plant-pollinator-mpl-021,tags-math-sx,1.1319030898951705,1.0767289281134516,0.5817068286605839,0.6954353020489373
ridge,ABC,plant-pollinator-mpl-021,tags-math-sx,1.1319030898951705,1.0733857603778536,0.556361192419197,0.6481831297912496
gbt,ABC,plant-pollinator-mpl-021,tags-math-sx,1.1319030898951705,1.0340168191399473,0.2578925115930339,-0.0031651999858431355
ridge,A,plant-pollinator-mpl-021,tags-ask-ubuntu,1.1923896562998082,0.9538474104267044,-0.23989122108193928,0.7778141522058895
ridge,AB,plant-pollinator-mpl-021,tags-ask-ubuntu,1.1923896562998082,1.1069963145652624,0.5561438001558977,0.7951389945489429
ridge,ABC,plant-pollinator-mpl-021,tags-ask-ubuntu,1.1923896562998082,1.102620569502191,0.5333996196878346,0.7504428044526589
gbt,ABC,plant-pollinator-mpl-021,tags-ask-ubuntu,1.1923896562998082,1.0388060154144072,0.20170531077790532,0.13992383987269794
ridge,A,plant-pollinator-mpl-021,cs-cocitations,1.498426821066899,0.987255561964332,-0.02556932632234389,0.49535183353378837
ridge,AB,plant-pollinator-mpl-021,cs-cocitations,1.498426821066899,1.1110186138032392,0.2227380411944931,0.5070563498442872
ridge,ABC,plant-pollinator-mpl-021,cs-cocitations,1.498426821066899,1.1040967159002135,0.20885055037245204,0.49950288506740537
gbt,ABC,plant-pollinator-mpl-021,cs-cocitations,1.498426821066899,1.1989319096443607,0.3991195923576914,0.6128149387004661
ridge,A,plant-pollinator-mpl-021,diseasome,3.9900640519565753,5.764014250811223,1.593281671572837,0.6132892678326414
ridge,AB,plant-pollinator-mpl-021,diseasome,3.9900640519565753,7.6765739484928925,2.2329200420051256,0.6045498907531812
ridge,ABC,plant-pollinator-mpl-021,diseasome,3.9900640519565753,7.6268562225435055,2.2162923962137744,0.5889248315358877
gbt,ABC,plant-pollinator-mpl-021,diseasome,3.9900640519565753,2.9691499545264217,0.6585644723021538,0.4368709412989866
ridge,A,plant-pollinator-mpl-021,hospital-lyon,1.0879241574641232,0.9303908120241833,-0.791695820391799,0.7329864611224731
ridge,AB,plant-pollinator-mpl-021,hospital-lyon,1.0879241574641232,1.1014844971034157,1.1542276892994474,0.5747307290894257
ridge,ABC,plant-pollinator-mpl-021,hospital-lyon,1.0879241574641232,1.1014294881127382,1.153602047925518,0.489295769590605
gbt,ABC,plant-pollinator-mpl-021,hospital-lyon,1.0879241574641232,1.0535660834369471,0.6092305571287889,0.878183929816544
ridge,A,plant-pollinator-mpl-021,house-committees,6.46048355911533,1.9413023543177743,0.17238443154845387,0.4233825438719054
ridge,AB,plant-pollinator-mpl-021,house-committees,6.46048355911533,3.272207823899964,0.41611842601501975,0.5460001587965029
ridge,ABC,plant-pollinator-mpl-021,house-committees,6.46048355911533,3.2805786888871884,0.4176514157029478,0.54408050973955
gbt,ABC,plant-pollinator-mpl-021,house-committees,6.46048355911533,3.525408059592718,0.46248798888460846,0.5601893757077384
ridge,A,plant-pollinator-mpl-021,hypertext-conference,1.1388262015279327,1.0164844025898387,0.1187412924102946,0.8250228630162016
ridge,AB,plant-pollinator-mpl-021,hypertext-conference,1.1388262015279327,1.076690286653157,0.5524193978449116,0.7636031334925885
ridge,ABC,plant-pollinator-mpl-021,hypertext-conference,1.1388262015279327,1.0771001708855235,0.5553718969254549,0.7315551387902188
gbt,ABC,plant-pollinator-mpl-021,hypertext-conference,1.1388262015279327,1.0955568642342195,0.6883200950722035,0.9120339212762278
ridge,A,plant-pollinator-mpl-021,invs13,1.2663198563455473,0.9677107303375505,-0.12124244172223678,0.5386949703735017
ridge,AB,plant-pollinator-mpl-021,invs13,1.2663198563455473,0.9802439477836696,-0.0741816719467477,0.5361696698410451
ridge,ABC,plant-pollinator-mpl-021,invs13,1.2663198563455473,0.9776100971329483,-0.08407147395724408,0.5199940394452892
gbt,ABC,plant-pollinator-mpl-021,invs13,1.2663198563455473,1.0062511728324872,0.023472424918915484,0.531859804257755
ridge,A,plant-pollinator-mpl-021,math-cocitations,1.8053571194025417,1.0293873278252181,0.036489809448781274,0.3943487314056607
ridge,AB,plant-pollinator-mpl-021,math-cocitations,1.8053571194025417,1.305772192301507,0.37967279972435797,0.5057262039569337
ridge,ABC,plant-pollinator-mpl-021,math-cocitations,1.8053571194025417,1.3011374870520498,0.3739179549011129,0.5010648863303733
gbt,ABC,plant-pollinator-mpl-021,math-cocitations,1.8053571194025417,1.1004747824397176,0.12475804834786258,0.4253615061833228
ridge,A,plant-pollinator-mpl-021,neuro-cocitations,2.1242543379282326,1.0176383147700985,0.015688900789657817,0.46651854673206766
ridge,AB,plant-pollinator-mpl-021,neuro-cocitations,2.1242543379282326,1.6754345463720905,0.6007844698351587,0.6543071898753353
ridge,ABC,plant-pollinator-mpl-021,neuro-cocitations,2.1242543379282326,1.6453274108940092,0.5740048217943403,0.6548919438660206
gbt,ABC,plant-pollinator-mpl-021,neuro-cocitations,2.1242543379282326,1.27248601807737,0.24237043957464752,0.5868947546994508
ridge,A,plant-pollinator-mpl-021,physics-cocitations,1.8439255034952018,0.9701468790380704,-0.035374118732388014,0.4116022574848794
ridge,AB,plant-pollinator-mpl-021,physics-cocitations,1.8439255034952018,1.1558129181143033,0.18462875866292527,0.531196166834819
ridge,ABC,plant-pollinator-mpl-021,physics-cocitations,1.8439255034952018,1.1496153279798147,0.17728499418511215,0.5311295368563451
gbt,ABC,plant-pollinator-mpl-021,physics-cocitations,1.8439255034952018,1.1630046508764416,0.19315052122650817,0.5555304388797512
ridge,A,plant-pollinator-mpl-021,plant-pollinator-mpl-014,2.5834026366365537,1.2630239203451368,0.16611309988964607,0.6027844403346255
ridge,AB,plant-pollinator-mpl-021,plant-pollinator-mpl-014,2.5834026366365537,2.698670159626554,1.072797354458655,0.8908269586965438
ridge,ABC,plant-pollinator-mpl-021,plant-pollinator-mpl-014,2.5834026366365537,2.767395244004471,1.1162007711183002,0.8874463617782601
gbt,ABC,plant-pollinator-mpl-021,plant-pollinator-mpl-014,2.5834026366365537,1.9630358984973924,0.6082065775405443,0.8165261567135069
ridge,A,plant-pollinator-mpl-021,plant-pollinator-mpl-015,1.4102516667953713,0.954517603482361,-0.11086462334917228,0.5218016942578398
ridge,AB,plant-pollinator-mpl-021,plant-pollinator-mpl-015,1.4102516667953713,1.5325246725095796,1.2980438974674455,0.805583422472994
ridge,ABC,plant-pollinator-mpl-021,plant-pollinator-mpl-015,1.4102516667953713,1.5332580414489976,1.2998315049259275,0.806742042332311
gbt,ABC,plant-pollinator-mpl-021,plant-pollinator-mpl-015,1.4102516667953713,1.3874389828983158,0.9443934400675228,0.7236825376706794
ridge,A,plant-pollinator-mpl-021,plant-pollinator-mpl-016,3.056933205825239,0.8835778151730787,-0.0565998859356315,0.0271185181893402
ridge,AB,plant-pollinator-mpl-021,plant-pollinator-mpl-016,3.056933205825239,2.6712159421610777,0.8124794414462224,0.8076625089690799
ridge,ABC,plant-pollinator-mpl-021,plant-pollinator-mpl-016,3.056933205825239,2.5027191912156894,0.7305629502017789,0.7788587055248979
gbt,ABC,plant-pollinator-mpl-021,plant-pollinator-mpl-016,3.056933205825239,1.7307711292119217,0.3552721727387046,0.6352673581474908
ridge,A,plant-pollinator-mpl-021,plant-pollinator-mpl-034,5.693354349219635,0.8895363522262657,-0.023536183197439827,-0.5155966732649846
ridge,AB,plant-pollinator-mpl-021,plant-pollinator-mpl-034,5.693354349219635,3.269610169277925,0.48357954682354076,0.8602385258050279
ridge,ABC,plant-pollinator-mpl-021,plant-pollinator-mpl-034,5.693354349219635,3.046268462961526,0.43599274861949416,0.7396842792479751
gbt,ABC,plant-pollinator-mpl-021,plant-pollinator-mpl-034,5.693354349219635,2.8821919979845347,0.4010334310891074,0.4709779647034556
ridge,A,plant-pollinator-mpl-021,plant-pollinator-mpl-044,2.6781507980073496,1.345046396370193,0.20561107904003864,0.6647181160448729
ridge,AB,plant-pollinator-mpl-021,plant-pollinator-mpl-044,2.6781507980073496,2.9543598752684828,1.1645913332634386,0.8678368804061671
ridge,ABC,plant-pollinator-mpl-021,plant-pollinator-mpl-044,2.6781507980073496,2.9521953772801184,1.1633015218883618,0.8592330353793203
gbt,ABC,plant-pollinator-mpl-021,plant-pollinator-mpl-044,2.6781507980073496,2.320910189469562,0.7871224630337285,0.8626453668869445
ridge,A,plant-pollinator-mpl-021,plant-pollinator-mpl-049,3.7357043527991034,0.8788546175235104,-0.04428306821697921,-0.21103514429513676
ridge,AB,plant-pollinator-mpl-021,plant-pollinator-mpl-049,3.7357043527991034,3.3846649240941407,0.8716822494558711,0.8141008426899569
ridge,ABC,plant-pollinator-mpl-021,plant-pollinator-mpl-049,3.7357043527991034,3.0777871786484474,0.7595072093673091,0.8045208853639348
gbt,ABC,plant-pollinator-mpl-021,plant-pollinator-mpl-049,3.7357043527991034,2.331836177016237,0.4868348349314632,0.6889148747844361
ridge,A,plant-pollinator-mpl-021,plant-pollinator-mpl-057,1.8564782392421568,0.9225061451585771,-0.09047965411239436,0.5611090404030658
ridge,AB,plant-pollinator-mpl-021,plant-pollinator-mpl-057,1.8564782392421568,1.8938828405406072,1.0436725646778222,0.8898941780352231
ridge,ABC,plant-pollinator-mpl-021,plant-pollinator-mpl-057,1.8564782392421568,1.9013255471008226,1.0523624603683432,0.8874701484494643
gbt,ABC,plant-pollinator-mpl-021,plant-pollinator-mpl-057,1.8564782392421568,1.8347845420779416,0.9746710468868297,0.9391867227307896
ridge,A,plant-pollinator-mpl-021,plant-pollinator-mpl-062,1.2434886859657044,1.0366518365822586,0.15052788361353683,0.706201924101193
ridge,AB,plant-pollinator-mpl-021,plant-pollinator-mpl-062,1.2434886859657044,1.159518032409628,0.65513529623342,0.6731050825756932
ridge,ABC,plant-pollinator-mpl-021,plant-pollinator-mpl-062,1.2434886859657044,1.1654526171940114,0.6795084401470528,0.6575810111297754
gbt,ABC,plant-pollinator-mpl-021,plant-pollinator-mpl-062,1.2434886859657044,1.0433798737619109,0.17815971033668881,0.10672595555959176
ridge,A,plant-pollinator-mpl-021,senate-committees,1.3189930045470284,1.0469192996217702,0.1470856694440552,0.656828626823413
ridge,AB,plant-pollinator-mpl-021,senate-committees,1.3189930045470284,1.4235244001681628,1.327691811830073,0.7210109756688704
ridge,ABC,plant-pollinator-mpl-021,senate-committees,1.3189930045470284,1.436273193015965,1.3676575561131032,0.7728600229892807
gbt,ABC,plant-pollinator-mpl-021,senate-committees,1.3189930045470284,1.255463262429276,0.8008428360115143,0.45082422927282845
ridge,A,plant-pollinator-mpl-034,contact-primary-school,1.1318799492854903,1.0166539737748264,0.1262813177064109,-0.5796786931264364
ridge,AB,plant-pollinator-mpl-034,contact-primary-school,1.1318799492854903,1.296500661637726,2.248261871832154,0.48239987753923746
ridge,ABC,plant-pollinator-mpl-034,contact-primary-school,1.1318799492854903,1.295807538464664,2.2430061587626744,0.41797975378677593
gbt,ABC,plant-pollinator-mpl-034,contact-primary-school,1.1318799492854903,0.9755423780432259,-0.18545368033035045,-0.20773025243039742
ridge,A,plant-pollinator-mpl-034,contact-high-school,1.3149893580660719,1.0042400709783632,0.013460997553681846,-0.16392325894366952
ridge,AB,plant-pollinator-mpl-034,contact-high-school,1.3149893580660719,0.9173598836408929,-0.26235843923899343,0.08512328975697007
ridge,ABC,plant-pollinator-mpl-034,contact-high-school,1.3149893580660719,0.8956516791431335,-0.3312757024476316,0.04608026777722787
gbt,ABC,plant-pollinator-mpl-034,contact-high-school,1.3149893580660719,0.9747568433289663,-0.08013971273829111,-0.14641694657021867
ridge,A,plant-pollinator-mpl-034,email-Enron,1.80346655331272,0.9907946588010064,-0.011457030987836016,-0.2022519637725104
ridge,AB,plant-pollinator-mpl-034,email-Enron,1.80346655331272,2.351598045611931,1.682208226390067,0.6735378792127592
ridge,ABC,plant-pollinator-mpl-034,email-Enron,1.80346655331272,2.278089883790104,1.5907194624598815,0.6600175419290549
gbt,ABC,plant-pollinator-mpl-034,email-Enron,1.80346655331272,1.4019152013955223,0.5002264247819802,0.3764727182463314
ridge,A,plant-pollinator-mpl-034,email-Eu,1.6725121109900603,0.8677337568343619,-0.196674886599318,-0.5762696143563573
ridge,AB,plant-pollinator-mpl-034,email-Eu,1.6725121109900603,2.257519873480682,1.8698843529068698,0.698402586892292
ridge,ABC,plant-pollinator-mpl-034,email-Eu,1.6725121109900603,2.2151959876666254,1.806950340087758,0.6809191100550386
gbt,ABC,plant-pollinator-mpl-034,email-Eu,1.6725121109900603,1.2517062778507493,0.3742776876987268,0.11454388007131663
ridge,A,plant-pollinator-mpl-034,NDC-classes,4.08325149712881,0.9256584749251965,-0.02411140484129561,-0.09769380066590902
ridge,AB,plant-pollinator-mpl-034,NDC-classes,4.08325149712881,2.1231672455187707,0.3642801265367707,0.29148770060203877
ridge,ABC,plant-pollinator-mpl-034,NDC-classes,4.08325149712881,2.083337260568271,0.35136195071245346,0.25847647221629166
gbt,ABC,plant-pollinator-mpl-034,NDC-classes,4.08325149712881,1.28801757489744,0.09341358470616108,-0.11894079446590154
ridge,A,plant-pollinator-mpl-034,NDC-substances,1.9382074303228396,0.6727428231626945,-0.348811111765226,-0.5258273579944954
ridge,AB,plant-pollinator-mpl-034,NDC-substances,1.9382074303228396,2.8685465280485816,1.9916134403301515,0.8158439710667119
ridge,ABC,plant-pollinator-mpl-034,NDC-substances,1.9382074303228396,2.861539253114791,1.984144649626395,0.7982280566366884
gbt,ABC,plant-pollinator-mpl-034,NDC-substances,1.9382074303228396,1.0798958251353397,0.08515795393759278,-0.14352790146339325
ridge,A,plant-pollinator-mpl-034,DAWN,1.0417909408473682,1.079763098369757,1.9086217431924624,-0.5453444956381688
ridge,AB,plant-pollinator-mpl-034,DAWN,1.0417909408473682,1.406652254171369,9.730631709311657,0.7267358935703369
ridge,ABC,plant-pollinator-mpl-034,DAWN,1.0417909408473682,1.396196023523174,9.480428425150528,0.6493133977937697
gbt,ABC,plant-pollinator-mpl-034,DAWN,1.0417909408473682,1.049103673132799,1.1749836719909894,-0.4469609520725983
ridge,A,plant-pollinator-mpl-034,congress-bills,1.066851977621039,1.2203293276854872,3.2957787566803,-0.20325908978965418
ridge,AB,plant-pollinator-mpl-034,congress-bills,1.066851977621039,1.458402271751249,6.8569739903548514,0.5413332694573258
ridge,ABC,plant-pollinator-mpl-034,congress-bills,1.066851977621039,1.4627468835987298,6.921962521765379,0.44883902254214464
gbt,ABC,plant-pollinator-mpl-034,congress-bills,1.066851977621039,1.1002583887063442,1.4997071481516178,0.007346606918052879
ridge,A,plant-pollinator-mpl-034,tags-math-sx,1.1319030898951705,0.943737502264689,-0.42654419832033813,-0.7678773504996136
ridge,AB,plant-pollinator-mpl-034,tags-math-sx,1.1319030898951705,1.6067245021288576,4.599774748347818,0.8086505025862825
ridge,ABC,plant-pollinator-mpl-034,tags-math-sx,1.1319030898951705,1.5996446255952006,4.546099913745508,0.7559421882460232
gbt,ABC,plant-pollinator-mpl-034,tags-math-sx,1.1319030898951705,0.9912919369818216,-0.06601864311972594,-0.32988449544595944
ridge,A,plant-pollinator-mpl-034,tags-ask-ubuntu,1.1923896562998082,0.8525517724782613,-0.7664041318934759,-0.7550879614691879
ridge,AB,plant-pollinator-mpl-034,tags-ask-ubuntu,1.1923896562998082,1.5945643239968088,3.0904173094954563,0.8168678157494041
ridge,ABC,plant-pollinator-mpl-034,tags-ask-ubuntu,1.1923896562998082,1.5918325536278664,3.076218155437582,0.7826901304516368
gbt,ABC,plant-pollinator-mpl-034,tags-ask-ubuntu,1.1923896562998082,0.9825034831798279,-0.09094312634410326,-0.3308662854323733
ridge,A,plant-pollinator-mpl-034,cs-cocitations,1.498426821066899,0.9868978665673239,-0.02628697509622482,-0.07473336274028633
ridge,AB,plant-pollinator-mpl-034,cs-cocitations,1.498426821066899,1.4539461354543044,0.9107578410058629,0.5221677346322829
ridge,ABC,plant-pollinator-mpl-034,cs-cocitations,1.498426821066899,1.415649256415903,0.8339223309174896,0.5047909287186911
gbt,ABC,plant-pollinator-mpl-034,cs-cocitations,1.498426821066899,1.0216364390881894,0.04340945987191429,0.2400838719565805
ridge,A,plant-pollinator-mpl-034,diseasome,3.9900640519565753,1.0,0.0,
ridge,AB,plant-pollinator-mpl-034,diseasome,3.9900640519565753,4.822993169378159,1.2785656437281165,0.36366553795568535
ridge,ABC,plant-pollinator-mpl-034,diseasome,3.9900640519565753,4.172135354983943,1.0608921079494025,0.350406085665928
gbt,ABC,plant-pollinator-mpl-034,diseasome,3.9900640519565753,0.9884570369694659,-0.0038604400541121875,0.07263071473165757
ridge,A,plant-pollinator-mpl-034,hospital-lyon,1.0879241574641232,0.95842597277811,-0.4728396429485713,-0.5788373895728001
ridge,AB,plant-pollinator-mpl-034,hospital-lyon,1.0879241574641232,1.3136357622954582,3.5671170624914432,0.7083077953962971
ridge,ABC,plant-pollinator-mpl-034,hospital-lyon,1.0879241574641232,1.3196716495964056,3.6357658556676564,0.6102838182123685
gbt,ABC,plant-pollinator-mpl-034,hospital-lyon,1.0879241574641232,1.0642303462558367,0.7305198947404802,0.27331831991869754
ridge,A,plant-pollinator-mpl-034,house-committees,6.46048355911533,0.6541685677056785,-0.06333348110114091,-0.25358250415785777
ridge,AB,plant-pollinator-mpl-034,house-committees,6.46048355911533,4.3130217624043,0.6067268084479047,0.3490867129068283
ridge,ABC,plant-pollinator-mpl-034,house-committees,6.46048355911533,4.431599631707166,0.6284424437060534,0.35248080918139196
gbt,ABC,plant-pollinator-mpl-034,house-committees,6.46048355911533,2.007389300012466,0.18448719588777154,0.20372460327455286
ridge,A,plant-pollinator-mpl-034,hypertext-conference,1.1388262015279327,0.9152700301572824,-0.6103312552686205,-0.7108594825781719
ridge,AB,plant-pollinator-mpl-034,hypertext-conference,1.1388262015279327,1.3914696745349242,2.8198543951096875,0.8604133890390598
ridge,ABC,plant-pollinator-mpl-034,hypertext-conference,1.1388262015279327,1.3887614451266102,2.800346338427973,0.832634890436991
gbt,ABC,plant-pollinator-mpl-034,hypertext-conference,1.1388262015279327,1.0154122672799546,0.11101843247402798,0.212013478644558
ridge,A,plant-pollinator-mpl-034,invs13,1.2663198563455473,1.0,0.0,
ridge,AB,plant-pollinator-mpl-034,invs13,1.2663198563455473,1.1860764782590683,0.6986954739778618,0.527897335184685
ridge,ABC,plant-pollinator-mpl-034,invs13,1.2663198563455473,1.177877016364118,0.6679074508561024,0.5185542164985386
gbt,ABC,plant-pollinator-mpl-034,invs13,1.2663198563455473,1.0404775211328439,0.15198837100724735,0.40147469571182215
ridge,A,plant-pollinator-mpl-034,math-cocitations,1.8053571194025417,0.9993335037633135,-0.0008275784998100075,-0.02296891392429351
ridge,AB,plant-pollinator-mpl-034,math-cocitations,1.8053571194025417,1.3338489124353587,0.4145352470256006,0.4125553012847484
ridge,ABC,plant-pollinator-mpl-034,math-cocitations,1.8053571194025417,1.3075034722820742,0.3818225044191541,0.40333566947566085
gbt,ABC,plant-pollinator-mpl-034,math-cocitations,1.8053571194025417,1.1282298614681843,0.15922111865517777,0.30101810868940326
ridge,A,plant-pollinator-mpl-034,neuro-cocitations,2.1242543379282326,0.9757796206349788,-0.021543505368771202,-0.17554931878332403
ridge,AB,plant-pollinator-mpl-034,neuro-cocitations,2.1242543379282326,0.5694741766101213,-0.3829434398120699,0.5320461896521316
ridge,ABC,plant-pollinator-mpl-034,neuro-cocitations,2.1242543379282326,0.5417686894563817,-0.4075868734365246,0.5177416710253128
gbt,ABC,plant-pollinator-mpl-034,neuro-cocitations,2.1242543379282326,1.2003251547061384,0.17818490705163398,0.25456111470727766
ridge,A,plant-pollinator-mpl-034,physics-cocitations,1.8439255034952018,0.9941137093126948,-0.006974893711502393,-0.10673838418354901
ridge,AB,plant-pollinator-mpl-034,physics-cocitations,1.8439255034952018,1.1522756587713738,0.1804373231294812,0.4851162942638723
ridge,ABC,plant-pollinator-mpl-034,physics-cocitations,1.8439255034952018,1.122988623468927,0.14573398120990225,0.47401635183464996
gbt,ABC,plant-pollinator-mpl-034,physics-cocitations,1.8439255034952018,1.1056098385853774,0.1251411862160626,0.3072261320485662
ridge,A,plant-pollinator-mpl-034,plant-pollinator-mpl-014,2.5834026366365537,1.0,0.0,
ridge,AB,plant-pollinator-mpl-034,plant-pollinator-mpl-014,2.5834026366365537,3.2901772455119462,1.4463644259028867,0.7504507532823717
ridge,ABC,plant-pollinator-mpl-034,plant-pollinator-mpl-014,2.5834026366365537,3.304428401672087,1.4553647621600077,0.7507107025154361
gbt,ABC,plant-pollinator-mpl-034,plant-pollinator-mpl-014,2.5834026366365537,0.8843527067745115,-0.0730371988461161,-0.2962072663913994
ridge,A,plant-pollinator-mpl-034,plant-pollinator-mpl-015,1.4102516667953713,0.9102941778234532,-0.2186604697484166,-0.5650347917007484
ridge,AB,plant-pollinator-mpl-034,plant-pollinator-mpl-015,1.4102516667953713,1.8083185557609092,1.9702992606342997,0.7745489112263029
ridge,ABC,plant-pollinator-mpl-034,plant-pollinator-mpl-015,1.4102516667953713,1.786103114701932,1.9161484969518259,0.7721637793517175
gbt,ABC,plant-pollinator-mpl-034,plant-pollinator-mpl-015,1.4102516667953713,1.3290056577667053,0.8019605632237674,0.1762828474849955
ridge,A,plant-pollinator-mpl-034,plant-pollinator-mpl-016,3.056933205825239,1.051205688820146,0.02489419135007951,-0.1639726235764499
ridge,AB,plant-pollinator-mpl-034,plant-pollinator-mpl-016,3.056933205825239,3.288779976595005,1.1127147785417513,0.7774588309383312
ridge,ABC,plant-pollinator-mpl-034,plant-pollinator-mpl-016,3.056933205825239,3.33115883216161,1.133317710832692,0.7779706059250009
gbt,ABC,plant-pollinator-mpl-034,plant-pollinator-mpl-016,3.056933205825239,1.6026104859095633,0.2929655101113489,0.3500456883845541
ridge,A,plant-pollinator-mpl-034,plant-pollinator-mpl-021,2.745487382389059,0.6907976561656456,-0.17714384357860402,-0.6632077256117339
ridge,AB,plant-pollinator-mpl-034,plant-pollinator-mpl-021,2.745487382389059,3.2471215069121224,1.2873891439057406,0.7436128969886905
ridge,ABC,plant-pollinator-mpl-034,plant-pollinator-mpl-021,2.745487382389059,3.23370388279605,1.2797021080374504,0.7451740763808583
gbt,ABC,plant-pollinator-mpl-034,plant-pollinator-mpl-021,2.745487382389059,1.8293245070773143,0.4751248937372512,0.3249558655583926
ridge,A,plant-pollinator-mpl-034,plant-pollinator-mpl-044,2.6781507980073496,0.9178528456263155,-0.048950996818180284,-0.4014721444365086
ridge,AB,plant-pollinator-mpl-034,plant-pollinator-mpl-044,2.6781507980073496,3.317392303903728,1.3809201811037597,0.7711540921738926
ridge,ABC,plant-pollinator-mpl-034,plant-pollinator-mpl-044,2.6781507980073496,3.2994544799001955,1.3702311393175077,0.7547996858596947
gbt,ABC,plant-pollinator-mpl-034,plant-pollinator-mpl-044,2.6781507980073496,1.7726136741593221,0.46039585660402516,0.28811157574915724
ridge,A,plant-pollinator-mpl-034,plant-pollinator-mpl-049,3.7357043527991034,1.2208533088616134,0.08072996215239481,0.14906820127388062
ridge,AB,plant-pollinator-mpl-034,plant-pollinator-mpl-049,3.7357043527991034,3.905097729109606,1.0619194746454177,0.767436353791023
ridge,ABC,plant-pollinator-mpl-034,plant-pollinator-mpl-049,3.7357043527991034,3.7294379884314774,0.9977094146298322,0.7793944359266479
gbt,ABC,plant-pollinator-mpl-034,plant-pollinator-mpl-049,3.7357043527991034,2.6571850126954075,0.605761734084978,0.5272633080183724
ridge,A,plant-pollinator-mpl-034,plant-pollinator-mpl-057,1.8564782392421568,0.8766194350183241,-0.14405569146841088,-0.5130346264973957
ridge,AB,plant-pollinator-mpl-034,plant-pollinator-mpl-057,1.8564782392421568,2.3283742381562487,1.5509725493220268,0.7641815954866839
ridge,ABC,plant-pollinator-mpl-034,plant-pollinator-mpl-057,1.8564782392421568,2.3765901509619307,1.607268098463293,0.7560088498106636
gbt,ABC,plant-pollinator-mpl-034,plant-pollinator-mpl-057,1.8564782392421568,1.5240399743837256,0.6118543943946729,0.10913799373111548
ridge,A,plant-pollinator-mpl-034,plant-pollinator-mpl-062,1.2434886859657044,0.9409344487314227,-0.24258027034938578,-0.7250658477544755
ridge,AB,plant-pollinator-mpl-034,plant-pollinator-mpl-062,1.2434886859657044,1.416577382865962,1.7108695675684797,0.7061060382744315
ridge,ABC,plant-pollinator-mpl-034,plant-pollinator-mpl-062,1.2434886859657044,1.4052988810926388,1.6645491328895894,0.6954092313628514
gbt,ABC,plant-pollinator-mpl-034,plant-pollinator-mpl-062,1.2434886859657044,1.0538181290035908,0.22102928023181814,0.03484406263821152
ridge,A,plant-pollinator-mpl-034,senate-committees,1.3189930045470284,0.8991863075466808,-0.3160373143494952,-0.5931210063067742
ridge,AB,plant-pollinator-mpl-034,senate-committees,1.3189930045470284,1.670297212015793,2.101291258620603,0.76089499152166
ridge,ABC,plant-pollinator-mpl-034,senate-committees,1.3189930045470284,1.7092795931910842,2.223495760348302,0.7380061184921336
gbt,ABC,plant-pollinator-mpl-034,senate-committees,1.3189930045470284,1.132694680426079,0.41597990719108713,-0.03890409211605636
ridge,A,plant-pollinator-mpl-044,contact-primary-school,1.1318799492854903,1.0253177374342652,0.1919756382333607,0.7443935529143582
ridge,AB,plant-pollinator-mpl-044,contact-primary-school,1.1318799492854903,1.0516365606216924,0.3915421631677377,0.495621788705926
ridge,ABC,plant-pollinator-mpl-044,contact-primary-school,1.1318799492854903,1.0545633940030361,0.4137353274599666,0.5790544921203062
gbt,ABC,plant-pollinator-mpl-044,contact-primary-school,1.1318799492854903,1.010131928415323,0.07682690560783899,0.2814490859359607
ridge,A,plant-pollinator-mpl-044,contact-high-school,1.3149893580660719,0.9041169445422458,-0.3044009361028695,0.22793240150437777
ridge,AB,plant-pollinator-mpl-044,contact-high-school,1.3149893580660719,0.8967838941395877,-0.32768124769079277,0.1293292228635892
ridge,ABC,plant-pollinator-mpl-044,contact-high-school,1.3149893580660719,0.910248815997465,-0.28493401984618444,0.18052296526342038
gbt,ABC,plant-pollinator-mpl-044,contact-high-school,1.3149893580660719,0.9946952531100777,-0.016841035273355523,0.1870752826990937
ridge,A,plant-pollinator-mpl-044,email-Enron,1.80346655331272,1.0077753282719824,0.009677227060571976,0.5063013666808648
ridge,AB,plant-pollinator-mpl-044,email-Enron,1.80346655331272,1.7903730634394628,0.9837037524222104,0.7178298641618591
ridge,ABC,plant-pollinator-mpl-044,email-Enron,1.80346655331272,1.79667417292885,0.9915461566435282,0.6962824154459915
gbt,ABC,plant-pollinator-mpl-044,email-Enron,1.80346655331272,1.4454710369209571,0.5544363173355068,0.7348909491571057
ridge,A,plant-pollinator-mpl-044,email-Eu,1.6725121109900603,1.2864673724000717,0.4259661167712498,0.762560174890045
ridge,AB,plant-pollinator-mpl-044,email-Eu,1.6725121109900603,1.8331510783958442,1.2388640513392304,0.7730265081260944
ridge,ABC,plant-pollinator-mpl-044,email-Eu,1.6725121109900603,1.8426617960060176,1.253006127674736,0.7384683150050819
gbt,ABC,plant-pollinator-mpl-044,email-Eu,1.6725121109900603,1.2615667012781884,0.3889397633198227,0.4393463637774004
ridge,A,plant-pollinator-mpl-044,NDC-classes,4.08325149712881,1.3883399995913817,0.1259514509124579,0.5810010741500019
ridge,AB,plant-pollinator-mpl-044,NDC-classes,4.08325149712881,2.755951317926053,0.5695128404417326,0.7806518802034413
ridge,ABC,plant-pollinator-mpl-044,NDC-classes,4.08325149712881,2.813162708655552,0.5880683785750233,0.7429035053011027
gbt,ABC,plant-pollinator-mpl-044,NDC-classes,4.08325149712881,2.811416797322822,0.5875021220324234,0.7926152838266843
ridge,A,plant-pollinator-mpl-044,NDC-substances,1.9382074303228396,1.352531804838225,0.37575038679550643,0.782421849202462
ridge,AB,plant-pollinator-mpl-044,NDC-substances,1.9382074303228396,2.0239231672858806,1.0913611789810127,0.914912602844272
ridge,ABC,plant-pollinator-mpl-044,NDC-substances,1.9382074303228396,2.0021542190045536,1.068158476062921,0.9014933712136061
gbt,ABC,plant-pollinator-mpl-044,NDC-substances,1.9382074303228396,1.4309920552353295,0.4593782156330013,0.6998125271271971
ridge,A,plant-pollinator-mpl-044,DAWN,1.0417909408473682,0.7832355797924425,-5.186875811177344,0.6916826799158926
ridge,AB,plant-pollinator-mpl-044,DAWN,1.0417909408473682,1.1194793612465004,2.8589775397225727,0.8641424425709535
ridge,ABC,plant-pollinator-mpl-044,DAWN,1.0417909408473682,1.0924794807642795,2.2129073643505524,0.8871482992841788
gbt,ABC,plant-pollinator-mpl-044,DAWN,1.0417909408473682,1.1011685563625004,2.4208250475143704,0.018881294553588935
ridge,A,plant-pollinator-mpl-044,congress-bills,1.066851977621039,0.918744198735666,-1.215458452477581,0.4279596234037433
ridge,AB,plant-pollinator-mpl-044,congress-bills,1.066851977621039,1.1244837692632408,1.8620805800076206,0.6280192232794597
ridge,ABC,plant-pollinator-mpl-044,congress-bills,1.066851977621039,1.107166476920388,1.6030412372821345,0.7086263604081774
gbt,ABC,plant-pollinator-mpl-044,congress-bills,1.066851977621039,1.0887273851876174,1.3272215474399658,0.04919441044506217
ridge,A,plant-pollinator-mpl-044,tags-math-sx,1.1319030898951705,0.9560773785579924,-0.3329916037366144,0.8270266650434959
ridge,AB,plant-pollinator-mpl-044,tags-math-sx,1.1319030898951705,1.1555330350723927,1.1791462595455646,0.8837629710515927
ridge,ABC,plant-pollinator-mpl-044,tags-math-sx,1.1319030898951705,1.1444283927180399,1.094958373096671,0.9055753644420734
gbt,ABC,plant-pollinator-mpl-044,tags-math-sx,1.1319030898951705,1.0364166332357434,0.2760862786814576,0.02116117983598728
ridge,A,plant-pollinator-mpl-044,tags-ask-ubuntu,1.1923896562998082,0.9946791307884326,-0.027656732247993965,0.8371395473942602
ridge,AB,plant-pollinator-mpl-044,tags-ask-ubuntu,1.1923896562998082,1.2022212035707713,1.051102265371493,0.9240532534929733
ridge,ABC,plant-pollinator-mpl-044,tags-ask-ubuntu,1.1923896562998082,1.188575348469681,0.9801740493564625,0.9408156410438714
gbt,ABC,plant-pollinator-mpl-044,tags-ask-ubuntu,1.1923896562998082,1.0389635345705321,0.2025240614277816,0.19989420318851592
ridge,A,plant-pollinator-mpl-044,cs-cocitations,1.498426821066899,1.0376918134033193,0.07562155929457955,0.5218083265220756
ridge,AB,plant-pollinator-mpl-044,cs-cocitations,1.498426821066899,1.180655740067874,0.3624518834704252,0.5864002047078455
ridge,ABC,plant-pollinator-mpl-044,cs-cocitations,1.498426821066899,1.1865015874670326,0.3741804806326831,0.5883207427171341
gbt,ABC,plant-pollinator-mpl-044,cs-cocitations,1.498426821066899,1.1412060795701402,0.2833035334412461,0.5876405315634082
ridge,A,plant-pollinator-mpl-044,diseasome,3.9900640519565753,5.969697295382062,1.6620705138841745,0.6230737934820749
ridge,AB,plant-pollinator-mpl-044,diseasome,3.9900640519565753,5.899101234442452,1.6384602969413584,0.623831271918759
ridge,ABC,plant-pollinator-mpl-044,diseasome,3.9900640519565753,6.019658537096374,1.6787796013305185,0.6340341792835686
gbt,ABC,plant-pollinator-mpl-044,diseasome,3.9900640519565753,2.3221468209380873,0.44218009981188483,0.6989846272541078
ridge,A,plant-pollinator-mpl-044,hospital-lyon,1.0879241574641232,0.9464580735162732,-0.6089558095063259,0.770771903779399
ridge,AB,plant-pollinator-mpl-044,hospital-lyon,1.0879241574641232,1.1016157846810108,1.15572088049265,0.8070511618567376
ridge,ABC,plant-pollinator-mpl-044,hospital-lyon,1.0879241574641232,1.081213725156559,0.923679310657002,0.8503343354061362
gbt,ABC,plant-pollinator-mpl-044,hospital-lyon,1.0879241574641232,1.0508683137005312,0.5785476388703262,0.8484008719020941
ridge,A,plant-pollinator-mpl-044,house-committees,6.46048355911533,1.972663039143085,0.17812763807692322,0.4270502501515187
ridge,AB,plant-pollinator-mpl-044,house-committees,6.46048355911533,2.4916325894214153,0.2731685890586363,0.4983843405194659
ridge,ABC,plant-pollinator-mpl-044,house-committees,6.46048355911533,2.557079145187871,0.28515407625183625,0.509821701881414
gbt,ABC,plant-pollinator-mpl-044,house-committees,6.46048355911533,2.8448736459217945,0.3378590240130103,0.5079591182195795
ridge,A,plant-pollinator-mpl-044,hypertext-conference,1.1388262015279327,1.045539881293358,0.3280352036729548,0.8669415743313452
ridge,AB,plant-pollinator-mpl-044,hypertext-conference,1.1388262015279327,1.101702267177184,0.7325869760739709,0.8691292632781557
ridge,ABC,plant-pollinator-mpl-044,hypertext-conference,1.1388262015279327,1.1010774610611387,0.7280863406811666,0.8914321420961449
gbt,ABC,plant-pollinator-mpl-044,hypertext-conference,1.1388262015279327,1.0516468285635907,0.3720250788047316,0.7553804279278984
ridge,A,plant-pollinator-mpl-044,invs13,1.2663198563455473,0.9892140883339816,-0.04049984035746766,0.558561873041648
ridge,AB,plant-pollinator-mpl-044,invs13,1.2663198563455473,1.0176020019327445,0.06609346435628181,0.5683332364272606
ridge,ABC,plant-pollinator-mpl-044,invs13,1.2663198563455473,1.0195251212298881,0.07331455302587161,0.581368480003751
gbt,ABC,plant-pollinator-mpl-044,invs13,1.2663198563455473,1.016864547587567,0.06332440929858973,0.4392872384602781
ridge,A,plant-pollinator-mpl-044,math-cocitations,1.8053571194025417,1.0813325460727785,0.10098941713350156,0.4100196637290479
ridge,AB,plant-pollinator-mpl-044,math-cocitations,1.8053571194025417,1.343979779989419,0.4271145951309181,0.552975826840555
ridge,ABC,plant-pollinator-mpl-044,math-cocitations,1.8053571194025417,1.3388813843390504,0.4207839928086204,0.549441045992351
gbt,ABC,plant-pollinator-mpl-044,math-cocitations,1.8053571194025417,1.1900272171324033,0.23595397936430487,0.5353578280844417
ridge,A,plant-pollinator-mpl-044,neuro-cocitations,2.1242543379282326,1.072662876264988,0.06463206217099461,0.4938030843967441
ridge,AB,plant-pollinator-mpl-044,neuro-cocitations,2.1242543379282326,1.7205423318922306,0.6409068727455751,0.7024350843565986
ridge,ABC,plant-pollinator-mpl-044,neuro-cocitations,2.1242543379282326,1.7261939278321319,0.6459338455125346,0.6945072061189372
gbt,ABC,plant-pollinator-mpl-044,neuro-cocitations,2.1242543379282326,1.3090424987204328,0.2748866411224474,0.6261895227284968
ridge,A,plant-pollinator-mpl-044,physics-cocitations,1.8439255034952018,1.0115379450009896,0.013671757700417914,0.43271735262817945
ridge,AB,plant-pollinator-mpl-044,physics-cocitations,1.8439255034952018,1.2400936208980904,0.2844962261523306,0.5951038286596675
ridge,ABC,plant-pollinator-mpl-044,physics-cocitations,1.8439255034952018,1.2351352242145885,0.2786208299675179,0.5877337318085082
gbt,ABC,plant-pollinator-mpl-044,physics-cocitations,1.8439255034952018,1.2050281220426997,0.24294575906706845,0.5801847296261312
ridge,A,plant-pollinator-mpl-044,plant-pollinator-mpl-014,2.5834026366365537,1.2724122009405903,0.17204228074246816,0.6030785835045657
ridge,AB,plant-pollinator-mpl-044,plant-pollinator-mpl-014,2.5834026366365537,2.2436878436750516,0.7854526795009509,0.892680647993547
ridge,ABC,plant-pollinator-mpl-044,plant-pollinator-mpl-014,2.5834026366365537,2.139888900542556,0.7198983216068754,0.8833313297864519
gbt,ABC,plant-pollinator-mpl-044,plant-pollinator-mpl-014,2.5834026366365537,1.5774053657950213,0.3646611117318457,0.8480065162003181
ridge,A,plant-pollinator-mpl-044,plant-pollinator-mpl-015,1.4102516667953713,0.9674214168859527,-0.07941121450774527,0.5468030618984665
ridge,AB,plant-pollinator-mpl-044,plant-pollinator-mpl-015,1.4102516667953713,1.4145741317807272,1.0105361302225053,0.8259842980890303
ridge,ABC,plant-pollinator-mpl-044,plant-pollinator-mpl-015,1.4102516667953713,1.4031451397289656,0.9826776399912829,0.8195778042828383
gbt,ABC,plant-pollinator-mpl-044,plant-pollinator-mpl-015,1.4102516667953713,1.3509211478990466,0.855380188069003,0.7043451841460612
ridge,A,plant-pollinator-mpl-044,plant-pollinator-mpl-016,3.056933205825239,0.8588394837586133,-0.06862668940421586,0.012075912315123864
ridge,AB,plant-pollinator-mpl-044,plant-pollinator-mpl-016,3.056933205825239,1.8913858849840186,0.43335674802643664,0.7084532364914204
ridge,ABC,plant-pollinator-mpl-044,plant-pollinator-mpl-016,3.056933205825239,2.0270347846260885,0.4993039062802448,0.7660004708261775
gbt,ABC,plant-pollinator-mpl-044,plant-pollinator-mpl-016,3.056933205825239,1.4594790442789969,0.22338063432383284,0.4513539568349222
ridge,A,plant-pollinator-mpl-044,plant-pollinator-mpl-021,2.745487382389059,1.2130234930135178,0.12204241357617335,0.6337548127840046
ridge,AB,plant-pollinator-mpl-044,plant-pollinator-mpl-021,2.745487382389059,2.3418889110473815,0.7687760591031774,0.8856301021059155
ridge,ABC,plant-pollinator-mpl-044,plant-pollinator-mpl-021,2.745487382389059,2.3112180203437265,0.7512045252077701,0.8820336750646923
gbt,ABC,plant-pollinator-mpl-044,plant-pollinator-mpl-021,2.745487382389059,2.497058478899344,0.8576736182706239,0.8818254871112178
ridge,A,plant-pollinator-mpl-044,plant-pollinator-mpl-034,5.693354349219635,0.856125203900024,-0.030655003946995413,-0.5046568614113484
ridge,AB,plant-pollinator-mpl-044,plant-pollinator-mpl-034,5.693354349219635,2.1062401603918293,0.2357035241917679,0.48840869826956146
ridge,ABC,plant-pollinator-mpl-044,plant-pollinator-mpl-034,5.693354349219635,2.295891094149301,0.276111922886191,0.7654677684744148
gbt,ABC,plant-pollinator-mpl-044,plant-pollinator-mpl-034,5.693354349219635,1.355483960032767,0.07574198187099883,-0.13030478464309617
ridge,A,plant-pollinator-mpl-044,plant-pollinator-mpl-049,3.7357043527991034,0.8796652246693394,-0.043986761657025225,-0.1827106699646147
ridge,AB,plant-pollinator-mpl-044,plant-pollinator-mpl-049,3.7357043527991034,2.2535885363827908,0.4582324603534555,0.6651202890264784
ridge,ABC,plant-pollinator-mpl-044,plant-pollinator-mpl-049,3.7357043527991034,2.504562897445906,0.5499727687703079,0.7517198654635933
gbt,ABC,plant-pollinator-mpl-044,plant-pollinator-mpl-049,3.7357043527991034,2.5475125654962643,0.5656724433372665,0.6411675609454134
ridge,A,plant-pollinator-mpl-044,plant-pollinator-mpl-057,1.8564782392421568,0.9332186860784274,-0.07797199141996082,0.5816731657255776
ridge,AB,plant-pollinator-mpl-044,plant-pollinator-mpl-057,1.8564782392421568,1.6354011154143897,0.7418765431525917,0.8720170139396635
ridge,ABC,plant-pollinator-mpl-044,plant-pollinator-mpl-057,1.8564782392421568,1.6190974491552805,0.7228408391357153,0.8695941101721804
gbt,ABC,plant-pollinator-mpl-044,plant-pollinator-mpl-057,1.8564782392421568,1.7843533207495328,0.9157889655708675,0.8933591231274263
ridge,A,plant-pollinator-mpl-044,plant-pollinator-mpl-062,1.2434886859657044,1.0552035051428958,0.22671897432914528,0.7364811440157408
ridge,AB,plant-pollinator-mpl-044,plant-pollinator-mpl-062,1.2434886859657044,1.1493797954220681,0.6134978914096585,0.7275956021981956
ridge,ABC,plant-pollinator-mpl-044,plant-pollinator-mpl-062,1.2434886859657044,1.1431035556679419,0.5877215818072883,0.7376116853327852
gbt,ABC,plant-pollinator-mpl-044,plant-pollinator-mpl-062,1.2434886859657044,1.0725065858417746,0.29778215589034485,0.24845344225067956
ridge,A,plant-pollinator-mpl-044,senate-committees,1.3189930045470284,1.0626201404861833,0.19630568568456275,0.677156132853678
ridge,AB,plant-pollinator-mpl-044,senate-committees,1.3189930045470284,1.3032419863628102,0.9506226846366593,0.8409450655479629
ridge,ABC,plant-pollinator-mpl-044,senate-committees,1.3189930045470284,1.2939041355077239,0.9213497829680283,0.795865919160518
gbt,ABC,plant-pollinator-mpl-044,senate-committees,1.3189930045470284,1.2680949658277372,0.8404415206798448,0.6595302464767739
ridge,A,plant-pollinator-mpl-049,contact-primary-school,1.1318799492854903,0.9860408559280247,-0.10584735699099262,-0.6263271379598409
ridge,AB,plant-pollinator-mpl-049,contact-primary-school,1.1318799492854903,1.1339098510341652,1.0153920422298663,0.3808207437723318
ridge,ABC,plant-pollinator-mpl-049,contact-primary-school,1.1318799492854903,1.1269988929656383,0.962988639696201,0.25760939101184077
gbt,ABC,plant-pollinator-mpl-049,contact-primary-school,1.1318799492854903,0.9868343561780831,-0.09983051929612309,0.1167992409633846
ridge,A,plant-pollinator-mpl-049,contact-high-school,1.3149893580660719,0.9839164926779592,-0.05106047842628105,-0.06395864418219395
ridge,AB,plant-pollinator-mpl-049,contact-high-school,1.3149893580660719,0.8279996478147835,-0.5460513118323758,0.039881166021915444
ridge,ABC,plant-pollinator-mpl-049,contact-high-school,1.3149893580660719,0.7842339032450775,-0.6849948775401601,-0.0384091614906484
gbt,ABC,plant-pollinator-mpl-049,contact-high-school,1.3149893580660719,1.0072679552345025,0.023073653278718076,0.2775363148918863
ridge,A,plant-pollinator-mpl-049,email-Enron,1.80346655331272,1.0,0.0,
ridge,AB,plant-pollinator-mpl-049,email-Enron,1.80346655331272,2.1072977889101607,1.3781504461445646,0.6511734315842852
ridge,ABC,plant-pollinator-mpl-049,email-Enron,1.80346655331272,1.935603167066155,1.1644581385605053,0.6084623278491024
gbt,ABC,plant-pollinator-mpl-049,email-Enron,1.80346655331272,1.5064583323806093,0.6303415248493721,0.5573056379118634
ridge,A,plant-pollinator-mpl-049,email-Eu,1.6725121109900603,0.8574822487423773,-0.2119184902823692,-0.36285632230382536
ridge,AB,plant-pollinator-mpl-049,email-Eu,1.6725121109900603,2.0556756054434935,1.569749582486101,0.6650904760095643
ridge,ABC,plant-pollinator-mpl-049,email-Eu,1.6725121109900603,1.9769285811548332,1.4526557443205246,0.6241666094489662
gbt,ABC,plant-pollinator-mpl-049,email-Eu,1.6725121109900603,1.2573429377977678,0.38265918723591785,0.1064274651402014
ridge,A,plant-pollinator-mpl-049,NDC-classes,4.08325149712881,1.4051444224872598,0.1314016786708898,0.33055348510585414
ridge,AB,plant-pollinator-mpl-049,NDC-classes,4.08325149712881,2.4290230023505144,0.46347922110189566,0.3346334356595128
ridge,ABC,plant-pollinator-mpl-049,NDC-classes,4.08325149712881,1.2998993968501287,0.09726725086468017,0.15436895104516868
gbt,ABC,plant-pollinator-mpl-049,NDC-classes,4.08325149712881,1.9390086405445774,0.3045514261223914,0.31402002485487657
ridge,A,plant-pollinator-mpl-049,NDC-substances,1.9382074303228396,0.8544721544328722,-0.1551126551162053,0.26455518524296434
ridge,AB,plant-pollinator-mpl-049,NDC-substances,1.9382074303228396,2.4478593169211713,1.5432187703128286,0.7996536414715528
ridge,ABC,plant-pollinator-mpl-049,NDC-substances,1.9382074303228396,2.1238647941072277,1.1978851987140018,0.6732850238995605
gbt,ABC,plant-pollinator-mpl-049,NDC-substances,1.9382074303228396,1.2248074481608888,0.23961380063205426,0.06983817461744891
ridge,A,plant-pollinator-mpl-049,DAWN,1.0417909408473682,0.9842354703130141,-0.37722361275766075,0.2625178348046827
ridge,AB,plant-pollinator-mpl-049,DAWN,1.0417909408473682,1.2221276943070736,5.315211617712646,0.679080241204126
ridge,ABC,plant-pollinator-mpl-049,DAWN,1.0417909408473682,1.1463948957518224,3.5030294313424526,0.4106363265968679
gbt,ABC,plant-pollinator-mpl-049,DAWN,1.0417909408473682,1.0874140163760446,2.0916977364856213,-0.36503847794021904
ridge,A,plant-pollinator-mpl-049,congress-bills,1.066851977621039,1.074076445649819,1.1080666314724916,0.42735066942565303
ridge,AB,plant-pollinator-mpl-049,congress-bills,1.066851977621039,1.2767665422122914,4.139990349742325,0.47220681470445325
ridge,ABC,plant-pollinator-mpl-049,congress-bills,1.066851977621039,1.2461541710940092,3.682077626624196,0.23949722527023148
gbt,ABC,plant-pollinator-mpl-049,congress-bills,1.066851977621039,1.1263978034451447,1.890711508366299,0.02179198031877026
ridge,A,plant-pollinator-mpl-049,tags-math-sx,1.1319030898951705,0.811661928814724,-1.427851851954014,-0.2939388123055352
ridge,AB,plant-pollinator-mpl-049,tags-math-sx,1.1319030898951705,1.2886453489133576,2.1883137775070876,0.7491393321049987
ridge,ABC,plant-pollinator-mpl-049,tags-math-sx,1.1319030898951705,1.2219242680900526,1.6824796770600756,0.5717374401778217
gbt,ABC,plant-pollinator-mpl-049,tags-math-sx,1.1319030898951705,1.0186810719638175,0.1416272505720998,-0.21733956074075061
ridge,A,plant-pollinator-mpl-049,tags-ask-ubuntu,1.1923896562998082,0.7365704170149234,-1.3692502396000132,-0.22569109592580144
ridge,AB,plant-pollinator-mpl-049,tags-ask-ubuntu,1.1923896562998082,1.3375129685173741,1.7543197228411005,0.8355975957302288
ridge,ABC,plant-pollinator-mpl-049,tags-ask-ubuntu,1.1923896562998082,1.271562479163903,1.4115232824196995,0.6933687145224406
gbt,ABC,plant-pollinator-mpl-049,tags-ask-ubuntu,1.1923896562998082,1.0177698241284676,0.09236371887257917,-0.1805663341753317
ridge,A,plant-pollinator-mpl-049,cs-cocitations,1.498426821066899,0.9908235725621607,-0.0184107817837669,0.021177751365293634
ridge,AB,plant-pollinator-mpl-049,cs-cocitations,1.498426821066899,1.2508065959186663,0.5031964278764264,0.5016991969473379
ridge,ABC,plant-pollinator-mpl-049,cs-cocitations,1.498426821066899,1.17245613493678,0.3460009125665266,0.43097416485528306
gbt,ABC,plant-pollinator-mpl-049,cs-cocitations,1.498426821066899,1.1053814407191658,0.21142810993516228,0.4766429075051718
ridge,A,plant-pollinator-mpl-049,diseasome,3.9900640519565753,1.0,0.0,
ridge,AB,plant-pollinator-mpl-049,diseasome,3.9900640519565753,4.735001168208254,1.2491375112062306,0.3916308357189897
ridge,ABC,plant-pollinator-mpl-049,diseasome,3.9900640519565753,2.5156906133642067,0.506909078543786,0.29697786078347926
gbt,ABC,plant-pollinator-mpl-049,diseasome,3.9900640519565753,3.5131140662578098,0.8404883716833192,0.4210219406494563
ridge,A,plant-pollinator-mpl-049,hospital-lyon,1.0879241574641232,0.9978795997648554,-0.02411624172810307,-0.11055541007568168
ridge,AB,plant-pollinator-mpl-049,hospital-lyon,1.0879241574641232,1.1908656687085621,2.1707989500660667,0.6146403401206175
ridge,ABC,plant-pollinator-mpl-049,hospital-lyon,1.0879241574641232,1.1720483196714815,1.9567809875424118,0.387384362661427
gbt,ABC,plant-pollinator-mpl-049,hospital-lyon,1.0879241574641232,1.0868719287573527,0.9880325414866805,0.8283603747500009
ridge,A,plant-pollinator-mpl-049,house-committees,6.46048355911533,0.8373059501480695,-0.0297948062823742,-0.1605637327197976
ridge,AB,plant-pollinator-mpl-049,house-committees,6.46048355911533,4.292482106172303,0.6029652997812025,0.4479518531935832
ridge,ABC,plant-pollinator-mpl-049,house-committees,6.46048355911533,4.407598084004284,0.6240469451310571,0.4283548399660483
gbt,ABC,plant-pollinator-mpl-049,house-committees,6.46048355911533,3.5660034573920174,0.4699223850071886,0.4815143693741552
ridge,A,plant-pollinator-mpl-049,hypertext-conference,1.1388262015279327,0.8317845041009658,-1.2116984693641437,-0.661312707884644
ridge,AB,plant-pollinator-mpl-049,hypertext-conference,1.1388262015279327,1.2066758091864873,1.4887377664431947,0.8171835853592047
ridge,ABC,plant-pollinator-mpl-049,hypertext-conference,1.1388262015279327,1.195072926221345,1.405159286030708,0.7302503190352261
gbt,ABC,plant-pollinator-mpl-049,hypertext-conference,1.1388262015279327,1.0376050032521007,0.27087828405745396,0.6763259870211734
ridge,A,plant-pollinator-mpl-049,invs13,1.2663198563455473,1.0,0.0,
ridge,AB,plant-pollinator-mpl-049,invs13,1.2663198563455473,1.0730661012271963,0.2743546884930492,0.5564506544594324
ridge,ABC,plant-pollinator-mpl-049,invs13,1.2663198563455473,1.0516749736572053,0.19403349929025773,0.5237226937468968
gbt,ABC,plant-pollinator-mpl-049,invs13,1.2663198563455473,0.9828591533589031,-0.06436188002015465,0.3936110895490971
ridge,A,plant-pollinator-mpl-049,math-cocitations,1.8053571194025417,1.0,0.0,
ridge,AB,plant-pollinator-mpl-049,math-cocitations,1.8053571194025417,1.3968358156951046,0.4927451513553382,0.44400775447447705
ridge,ABC,plant-pollinator-mpl-049,math-cocitations,1.8053571194025417,1.31518089149366,0.3913554420770236,0.3932865134874967
gbt,ABC,plant-pollinator-mpl-049,math-cocitations,1.8053571194025417,1.1020501940099936,0.1267142135475254,0.34540853734472843
ridge,A,plant-pollinator-mpl-049,neuro-cocitations,2.1242543379282326,0.9960911045662058,-0.003476878231128313,-0.07135547381555826
ridge,AB,plant-pollinator-mpl-049,neuro-cocitations,2.1242543379282326,1.3576655244786449,0.3181357744527348,0.5366269886634154
ridge,ABC,plant-pollinator-mpl-049,neuro-cocitations,2.1242543379282326,1.1616632901907344,0.14379601193146946,0.44983835263297295
gbt,ABC,plant-pollinator-mpl-049,neuro-cocitations,2.1242543379282326,1.2427481284827167,0.21591922778794972,0.440359819164545
ridge,A,plant-pollinator-mpl-049,physics-cocitations,1.8439255034952018,0.9998923791016286,-0.00012752416881067056,-0.027948154984423577
ridge,AB,plant-pollinator-mpl-049,physics-cocitations,1.8439255034952018,1.2367802095981726,0.28057003683088577,0.5095317621381837
ridge,ABC,plant-pollinator-mpl-049,physics-cocitations,1.8439255034952018,1.1907357226111457,0.22601014167861339,0.4582716457595597
gbt,ABC,plant-pollinator-mpl-049,physics-cocitations,1.8439255034952018,1.2001411087246463,0.23715494779544155,0.476177246647033
ridge,A,plant-pollinator-mpl-049,plant-pollinator-mpl-014,2.5834026366365537,1.0,0.0,
ridge,AB,plant-pollinator-mpl-049,plant-pollinator-mpl-014,2.5834026366365537,3.1425190442584188,1.3531106963479194,0.8561291585927467
ridge,ABC,plant-pollinator-mpl-049,plant-pollinator-mpl-014,2.5834026366365537,2.8987468873101028,1.1991560727367487,0.8416333307107327
gbt,ABC,plant-pollinator-mpl-049,plant-pollinator-mpl-014,2.5834026366365537,1.7795631671733403,0.49233413481569016,0.6914454510649352
ridge,A,plant-pollinator-mpl-049,plant-pollinator-mpl-015,1.4102516667953713,0.8916081505456195,-0.26420818786933803,-0.38504912905791056
ridge,AB,plant-pollinator-mpl-049,plant-pollinator-mpl-015,1.4102516667953713,1.6595804236447023,1.6077458716912252,0.8193904303476353
ridge,ABC,plant-pollinator-mpl-049,plant-pollinator-mpl-015,1.4102516667953713,1.5206607278789275,1.2691251980668417,0.7771586624449333
gbt,ABC,plant-pollinator-mpl-049,plant-pollinator-mpl-015,1.4102516667953713,1.338627373798705,0.8254137672220799,0.2661090482534493
ridge,A,plant-pollinator-mpl-049,plant-pollinator-mpl-016,3.056933205825239,1.0,0.0,
ridge,AB,plant-pollinator-mpl-049,plant-pollinator-mpl-016,3.056933205825239,3.172259537696072,1.0560671253418579,0.8168117040402343
ridge,ABC,plant-pollinator-mpl-049,plant-pollinator-mpl-016,3.056933205825239,3.12810983945607,1.0346032790122976,0.8014924074178136
gbt,ABC,plant-pollinator-mpl-049,plant-pollinator-mpl-016,3.056933205825239,2.233057792858156,0.5994641874447522,0.5706284221264676
ridge,A,plant-pollinator-mpl-049,plant-pollinator-mpl-021,2.745487382389059,0.8261559094032442,-0.0995963032163626,-0.3808516263737836
ridge,AB,plant-pollinator-mpl-049,plant-pollinator-mpl-021,2.745487382389059,3.1326694953448384,1.2218189125067414,0.8862339824808617
ridge,ABC,plant-pollinator-mpl-049,plant-pollinator-mpl-021,2.745487382389059,3.07342967810391,1.1878800723646563,0.8876218509063494
gbt,ABC,plant-pollinator-mpl-049,plant-pollinator-mpl-021,2.745487382389059,2.390507312789963,0.7966298277600653,0.7717245521338765
ridge,A,plant-pollinator-mpl-049,plant-pollinator-mpl-034,5.693354349219635,1.0256280570408205,0.005460499066106458,0.2413194171310944
ridge,AB,plant-pollinator-mpl-049,plant-pollinator-mpl-034,5.693354349219635,4.704745003801738,0.7893597474517831,0.8187372915743639
ridge,ABC,plant-pollinator-mpl-049,plant-pollinator-mpl-034,5.693354349219635,5.06347616225495,0.8657936008881547,0.8381120395247024
gbt,ABC,plant-pollinator-mpl-049,plant-pollinator-mpl-034,5.693354349219635,3.078460167522317,0.44285174586655773,0.7310016819154359
ridge,A,plant-pollinator-mpl-049,plant-pollinator-mpl-044,2.6781507980073496,0.9759998641807526,-0.014301537053610074,-0.1603030549349194
ridge,AB,plant-pollinator-mpl-049,plant-pollinator-mpl-044,2.6781507980073496,3.158115045688224,1.286007817802064,0.8212462120213301
ridge,ABC,plant-pollinator-mpl-049,plant-pollinator-mpl-044,2.6781507980073496,2.912131689139934,1.139427810307879,0.7415889400778597
gbt,ABC,plant-pollinator-mpl-049,plant-pollinator-mpl-044,2.6781507980073496,2.3185774935476413,0.7857324235183938,0.6953443973019193
ridge,A,plant-pollinator-mpl-049,plant-pollinator-mpl-057,1.8564782392421568,0.9422411225457015,-0.0674376473422205,-0.18847619455115475
ridge,AB,plant-pollinator-mpl-049,plant-pollinator-mpl-057,1.8564782392421568,2.1419194904442875,1.3332732089664059,0.8733343711407991
ridge,ABC,plant-pollinator-mpl-049,plant-pollinator-mpl-057,1.8564782392421568,2.171986130432206,1.368378175573056,0.8487246718336154
gbt,ABC,plant-pollinator-mpl-049,plant-pollinator-mpl-057,1.8564782392421568,1.8036766697009834,0.9383503665103107,0.4880336042910004
ridge,A,plant-pollinator-mpl-049,plant-pollinator-mpl-062,1.2434886859657044,0.8502748054457744,-0.6149164342499042,-0.7190455744003454
ridge,AB,plant-pollinator-mpl-049,plant-pollinator-mpl-062,1.2434886859657044,1.268385161555781,1.1022490038554948,0.7040254183858824
ridge,ABC,plant-pollinator-mpl-049,plant-pollinator-mpl-062,1.2434886859657044,1.2352182401991771,0.9660335520982188,0.6447695529838027
gbt,ABC,plant-pollinator-mpl-049,plant-pollinator-mpl-062,1.2434886859657044,1.0262598961029537,0.10784852691944948,0.06864860105905439
ridge,A,plant-pollinator-mpl-049,senate-committees,1.3189930045470284,0.9810746256520014,-0.059328493346970705,-0.10707791681498285
ridge,AB,plant-pollinator-mpl-049,senate-committees,1.3189930045470284,1.5516821379852423,1.7294490165031475,0.6810572741560289
ridge,ABC,plant-pollinator-mpl-049,senate-committees,1.3189930045470284,1.564399267207915,1.7693154995965028,0.5705386695133992
gbt,ABC,plant-pollinator-mpl-049,senate-committees,1.3189930045470284,1.2317411540025047,0.7264772289648743,0.16104170071831087
ridge,A,plant-pollinator-mpl-057,contact-primary-school,1.1318799492854903,1.0123389432882806,0.09356193534446645,0.7488297909821323
ridge,AB,plant-pollinator-mpl-057,contact-primary-school,1.1318799492854903,1.057790541357018,0.43820566864121735,0.4119856911401005
ridge,ABC,plant-pollinator-mpl-057,contact-primary-school,1.1318799492854903,1.0575016792343366,0.4360153271659093,0.39627678633269403
gbt,ABC,plant-pollinator-mpl-057,contact-primary-school,1.1318799492854903,1.0225317543793273,0.17085049320538598,0.5657099282559256
ridge,A,plant-pollinator-mpl-057,contact-high-school,1.3149893580660719,0.9496354504665152,-0.15989286064362965,0.3184563035639201
ridge,AB,plant-pollinator-mpl-057,contact-high-school,1.3149893580660719,0.8801606128693091,-0.3804553520997159,0.0815469463252635
ridge,ABC,plant-pollinator-mpl-057,contact-high-school,1.3149893580660719,0.8769041134892569,-0.3907937946428102,0.071301418715064
gbt,ABC,plant-pollinator-mpl-057,contact-high-school,1.3149893580660719,0.9961408273269224,-0.012251755731595426,0.30561605491261745
ridge,A,plant-pollinator-mpl-057,email-Enron,1.80346655331272,1.0036429488534184,0.004534039205986141,0.48583714724439936
ridge,AB,plant-pollinator-mpl-057,email-Enron,1.80346655331272,1.9779049321084528,1.217107206362875,0.686187664696817
ridge,ABC,plant-pollinator-mpl-057,email-Enron,1.80346655331272,1.9763542556496294,1.2151772237737681,0.6907279268595228
gbt,ABC,plant-pollinator-mpl-057,email-Enron,1.80346655331272,1.5497844903185445,0.6842655590973441,0.7020449960130436
ridge,A,plant-pollinator-mpl-057,email-Eu,1.6725121109900603,1.1980909177403902,0.2945536808976783,0.7974375381032972
ridge,AB,plant-pollinator-mpl-057,email-Eu,1.6725121109900603,1.8680476619146067,1.2907539473700815,0.7207916301062469
ridge,ABC,plant-pollinator-mpl-057,email-Eu,1.6725121109900603,1.8666178193105818,1.288627825653225,0.7277477899610881
gbt,ABC,plant-pollinator-mpl-057,email-Eu,1.6725121109900603,1.2683383221493054,0.3990089067009701,0.5960779298826374
ridge,A,plant-pollinator-mpl-057,NDC-classes,4.08325149712881,1.8706109858150155,0.2823678141811484,0.7165711192020707
ridge,AB,plant-pollinator-mpl-057,NDC-classes,4.08325149712881,3.4693859319874227,0.8009031810369566,0.8220647710387394
ridge,ABC,plant-pollinator-mpl-057,NDC-classes,4.08325149712881,3.459464483352046,0.7976853285054276,0.8297796148401344
gbt,ABC,plant-pollinator-mpl-057,NDC-classes,4.08325149712881,3.3057589590295313,0.7478335650454411,0.8323888164981609
ridge,A,plant-pollinator-mpl-057,NDC-substances,1.9382074303228396,1.4873902106707062,0.5194908875353865,0.9102482545195799
ridge,AB,plant-pollinator-mpl-057,NDC-substances,1.9382074303228396,2.1188800350346835,1.1925721315697468,0.9187190294552183
ridge,ABC,plant-pollinator-mpl-057,NDC-substances,1.9382074303228396,2.1227925126206477,1.1967422942219632,0.9211391969423154
gbt,ABC,plant-pollinator-mpl-057,NDC-substances,1.9382074303228396,1.4147151566950638,0.44202928189596535,0.6737010670200319
ridge,A,plant-pollinator-mpl-057,DAWN,1.0417909408473682,0.9151807966299716,-2.0296074137170286,0.9625952899294828
ridge,AB,plant-pollinator-mpl-057,DAWN,1.0417909408473682,1.1394994502068376,3.3380308597580317,0.8382291255101019
ridge,ABC,plant-pollinator-mpl-057,DAWN,1.0417909408473682,1.140550319899598,3.363176732797802,0.830175956219452
gbt,ABC,plant-pollinator-mpl-057,DAWN,1.0417909408473682,1.100675622759121,2.409029821243209,0.055651993952499736
ridge,A,plant-pollinator-mpl-057,congress-bills,1.066851977621039,0.9743644967211387,-0.38346664064569974,0.8060326963806321
ridge,AB,plant-pollinator-mpl-057,congress-bills,1.066851977621039,1.171642764711501,2.5675046695624357,0.704428221515753
ridge,ABC,plant-pollinator-mpl-057,congress-bills,1.066851977621039,1.174190039688439,2.605607880081915,0.6853206994494204
gbt,ABC,plant-pollinator-mpl-057,congress-bills,1.066851977621039,1.1091653834985518,1.6329417226424172,0.09926888258348464
ridge,A,plant-pollinator-mpl-057,tags-math-sx,1.1319030898951705,0.9955098481247956,-0.03404129409533119,0.948814230763522
ridge,AB,plant-pollinator-mpl-057,tags-math-sx,1.1319030898951705,1.1408942682252756,1.0681650318976668,0.8153559239070822
ridge,ABC,plant-pollinator-mpl-057,tags-math-sx,1.1319030898951705,1.1407530952326013,1.0670947537655429,0.8070409779560893
gbt,ABC,plant-pollinator-mpl-057,tags-math-sx,1.1319030898951705,1.0375950164643535,0.2850199831878994,0.18919689125033542
ridge,A,plant-pollinator-mpl-057,tags-ask-ubuntu,1.1923896562998082,1.028471807735255,0.1479903248586625,0.9487415249263857
ridge,AB,plant-pollinator-mpl-057,tags-ask-ubuntu,1.1923896562998082,1.1932811868387094,1.0046339837392917,0.8827836499655491
ridge,ABC,plant-pollinator-mpl-057,tags-ask-ubuntu,1.1923896562998082,1.1931721499141041,1.004067233287618,0.8758359728626745
gbt,ABC,plant-pollinator-mpl-057,tags-ask-ubuntu,1.1923896562998082,1.0447290985782887,0.23249222145594764,0.36185605002528276
ridge,A,plant-pollinator-mpl-057,cs-cocitations,1.498426821066899,1.0499665847881812,0.10024858750824454,0.6368955545362247
ridge,AB,plant-pollinator-mpl-057,cs-cocitations,1.498426821066899,1.2197271244432701,0.4408412933576428,0.5655009694952089
ridge,ABC,plant-pollinator-mpl-057,cs-cocitations,1.498426821066899,1.218820995054064,0.43902331456736327,0.5644199925157175
gbt,ABC,plant-pollinator-mpl-057,cs-cocitations,1.498426821066899,1.203029560323749,0.40734076045337536,0.6054281035882316
ridge,A,plant-pollinator-mpl-057,diseasome,3.9900640519565753,1.778433194389266,0.2603399729446903,0.7114989958413824
ridge,AB,plant-pollinator-mpl-057,diseasome,3.9900640519565753,6.192760798290873,1.7366720939950913,0.6685520886573009
ridge,ABC,plant-pollinator-mpl-057,diseasome,3.9900640519565753,6.1823307885739025,1.7331838711558027,0.6659190241911748
gbt,ABC,plant-pollinator-mpl-057,diseasome,3.9900640519565753,3.450642847307478,0.819595434988718,0.5483167998055584
ridge,A,plant-pollinator-mpl-057,hospital-lyon,1.0879241574641232,0.9773468890931084,-0.2576437643560591,0.8561181754753985
ridge,AB,plant-pollinator-mpl-057,hospital-lyon,1.0879241574641232,1.120371553545465,1.369038464708425,0.6783597863725828
ridge,ABC,plant-pollinator-mpl-057,hospital-lyon,1.0879241574641232,1.121760637789883,1.3848371289718249,0.658354402876471
gbt,ABC,plant-pollinator-mpl-057,hospital-lyon,1.0879241574641232,1.0669928225729808,0.7619387493171795,0.857780323038913
ridge,A,plant-pollinator-mpl-057,house-committees,6.46048355911533,1.4934926084223188,0.09037525762686685,0.31451412521105265
ridge,AB,plant-pollinator-mpl-057,house-committees,6.46048355911533,2.945946832388044,0.3563689573132444,0.5455117924614772
ridge,ABC,plant-pollinator-mpl-057,house-committees,6.46048355911533,2.9323034297583517,0.35387038690606554,0.5441952641267765
gbt,ABC,plant-pollinator-mpl-057,house-committees,6.46048355911533,2.8670038113887424,0.34191180894082235,0.5341519473257708
ridge,A,plant-pollinator-mpl-057,hypertext-conference,1.1388262015279327,1.0196372713600763,0.14145219810055218,0.8809944962391495
ridge,AB,plant-pollinator-mpl-057,hypertext-conference,1.1388262015279327,1.1073445393961152,0.7732296800940479,0.8185063631569909
ridge,ABC,plant-pollinator-mpl-057,hypertext-conference,1.1388262015279327,1.1073984220148574,0.7736178101310952,0.8114495779477355
gbt,ABC,plant-pollinator-mpl-057,hypertext-conference,1.1388262015279327,1.0888221531679791,0.6398082796359417,0.9315173459290972
ridge,A,plant-pollinator-mpl-057,invs13,1.2663198563455473,0.9787760340072156,-0.0796935169762428,0.5590430402679775
ridge,AB,plant-pollinator-mpl-057,invs13,1.2663198563455473,1.0186744839900836,0.07012050939924544,0.5543962693997344
ridge,ABC,plant-pollinator-mpl-057,invs13,1.2663198563455473,1.0182829659598915,0.06865040485817014,0.5506958918652737
gbt,ABC,plant-pollinator-mpl-057,invs13,1.2663198563455473,0.9970786582384564,-0.010969297601877499,0.5495840253310621
ridge,A,plant-pollinator-mpl-057,math-cocitations,1.8053571194025417,1.0409943985021068,0.05090213709480677,0.481663328007706
ridge,AB,plant-pollinator-mpl-057,math-cocitations,1.8053571194025417,1.413043930328499,0.5128705270960014,0.5512436629204379
ridge,ABC,plant-pollinator-mpl-057,math-cocitations,1.8053571194025417,1.4135319440364666,0.5134764864849614,0.5511766253092935
gbt,ABC,plant-pollinator-mpl-057,math-cocitations,1.8053571194025417,1.1334425948489906,0.16569369244290735,0.36848576232820257
ridge,A,plant-pollinator-mpl-057,neuro-cocitations,2.1242543379282326,0.8627550470026568,-0.12207642734139425,0.3522704030655188
ridge,AB,plant-pollinator-mpl-057,neuro-cocitations,2.1242543379282326,1.8379945520993335,0.7453780909074218,0.6993301221313626
ridge,ABC,plant-pollinator-mpl-057,neuro-cocitations,2.1242543379282326,1.833084513154754,0.7410107171033521,0.6989416130048728
gbt,ABC,plant-pollinator-mpl-057,neuro-cocitations,2.1242543379282326,1.3572344467036135,0.31775234006383507,0.6281165564119559
ridge,A,plant-pollinator-mpl-057,physics-cocitations,1.8439255034952018,1.0325048904314642,0.03851630303485551,0.5080588751982679
ridge,AB,plant-pollinator-mpl-057,physics-cocitations,1.8439255034952018,1.2707551553874104,0.32082826536945597,0.5777694871537643
ridge,ABC,plant-pollinator-mpl-057,physics-cocitations,1.8439255034952018,1.2705173266346446,0.3205464528732335,0.5785734516825768
gbt,ABC,plant-pollinator-mpl-057,physics-cocitations,1.8439255034952018,1.1811889995571105,0.21469785994936544,0.4895079434785605
ridge,A,plant-pollinator-mpl-057,plant-pollinator-mpl-014,2.5834026366365537,1.0266977705140454,0.016861011783305183,0.47105866904182564
ridge,AB,plant-pollinator-mpl-057,plant-pollinator-mpl-014,2.5834026366365537,2.4927260614567635,0.9427330906986461,0.8968198415671613
ridge,ABC,plant-pollinator-mpl-057,plant-pollinator-mpl-014,2.5834026366365537,2.5121825867297716,0.9550208846070467,0.8962824172276911
gbt,ABC,plant-pollinator-mpl-057,plant-pollinator-mpl-014,2.5834026366365537,1.9786600071525233,0.6180740037362714,0.7521419634267069
ridge,A,plant-pollinator-mpl-057,plant-pollinator-mpl-015,1.4102516667953713,1.0009700221475504,0.0023644563229385032,0.648119381209134
ridge,AB,plant-pollinator-mpl-057,plant-pollinator-mpl-015,1.4102516667953713,1.525438583799132,1.2807713565273937,0.8347409090307101
ridge,ABC,plant-pollinator-mpl-057,plant-pollinator-mpl-015,1.4102516667953713,1.5266675713120015,1.2837670482267585,0.8354758096778667
gbt,ABC,plant-pollinator-mpl-057,plant-pollinator-mpl-015,1.4102516667953713,1.3618554187826968,0.8820327815101505,0.8330946427139514
ridge,A,plant-pollinator-mpl-057,plant-pollinator-mpl-016,3.056933205825239,0.8101614349411117,-0.09229204162841316,-0.009564812027315003
ridge,AB,plant-pollinator-mpl-057,plant-pollinator-mpl-016,3.056933205825239,2.4057096531221447,0.68340072936796,0.786453198374837
ridge,ABC,plant-pollinator-mpl-057,plant-pollinator-mpl-016,3.056933205825239,2.3624279455191872,0.6623588659373034,0.7735665386896049
gbt,ABC,plant-pollinator-mpl-057,plant-pollinator-mpl-016,3.056933205825239,2.1048838354292427,0.537151052012875,0.64389133853291
ridge,A,plant-pollinator-mpl-057,plant-pollinator-mpl-021,2.745487382389059,1.1167402905262587,0.06688119988955495,0.5043194942723672
ridge,AB,plant-pollinator-mpl-057,plant-pollinator-mpl-021,2.745487382389059,2.6411215199708935,0.9402081828427088,0.9034224658078207
ridge,ABC,plant-pollinator-mpl-057,plant-pollinator-mpl-021,2.745487382389059,2.645343785061492,0.9426271433767113,0.9038225445402572
gbt,ABC,plant-pollinator-mpl-057,plant-pollinator-mpl-021,2.745487382389059,2.4520396542203344,0.8318820685102399,0.9426285049940134
ridge,A,plant-pollinator-mpl-057,plant-pollinator-mpl-034,5.693354349219635,0.817091523891349,-0.03897180193501973,-0.2607557577806244
ridge,AB,plant-pollinator-mpl-057,plant-pollinator-mpl-034,5.693354349219635,3.3087153915005523,0.4919115881127584,0.8289175210533402
ridge,ABC,plant-pollinator-mpl-057,plant-pollinator-mpl-034,5.693354349219635,3.2164086825111613,0.4722440535263833,0.7975585645657258
gbt,ABC,plant-pollinator-mpl-057,plant-pollinator-mpl-034,5.693354349219635,3.4674336422836465,0.5257292457992027,0.5659872553183104
ridge,A,plant-pollinator-mpl-057,plant-pollinator-mpl-044,2.6781507980073496,1.172596159578786,0.10284901677711447,0.5631073087012828
ridge,AB,plant-pollinator-mpl-057,plant-pollinator-mpl-044,2.6781507980073496,2.8235963207164025,1.0866701150348086,0.8730314028551669
ridge,ABC,plant-pollinator-mpl-057,plant-pollinator-mpl-044,2.6781507980073496,2.822642770473585,1.0861019001616579,0.8712843060790986
gbt,ABC,plant-pollinator-mpl-057,plant-pollinator-mpl-044,2.6781507980073496,2.204893878267271,0.7179890387073512,0.8665899571400447
ridge,A,plant-pollinator-mpl-057,plant-pollinator-mpl-049,3.7357043527991034,0.9316049195023158,-0.02500090348860397,-0.008173632938904522
ridge,AB,plant-pollinator-mpl-057,plant-pollinator-mpl-049,3.7357043527991034,3.1193179933467383,0.7746882411391808,0.7909774114165479
ridge,ABC,plant-pollinator-mpl-057,plant-pollinator-mpl-049,3.7357043527991034,3.0439959139051385,0.7471552661799049,0.7830560779842477
gbt,ABC,plant-pollinator-mpl-057,plant-pollinator-mpl-049,3.7357043527991034,2.4132118088791916,0.5165806047108962,0.6632310017218354
ridge,A,plant-pollinator-mpl-057,plant-pollinator-mpl-062,1.2434886859657044,1.0236134220230109,0.09697954518649314,0.7551594318722517
ridge,AB,plant-pollinator-mpl-057,plant-pollinator-mpl-062,1.2434886859657044,1.1714533411028134,0.7041532152625883,0.6804060066928999
ridge,ABC,plant-pollinator-mpl-057,plant-pollinator-mpl-062,1.2434886859657044,1.172838864640692,0.709843514720994,0.6773338279099612
gbt,ABC,plant-pollinator-mpl-057,plant-pollinator-mpl-062,1.2434886859657044,1.0436101063474934,0.17910526796976484,0.17289281298319203
ridge,A,plant-pollinator-mpl-057,senate-committees,1.3189930045470284,1.0587165475671945,0.18406844893220228,0.7972464168629938
ridge,AB,plant-pollinator-mpl-057,senate-committees,1.3189930045470284,1.3822246995015373,1.1982228263729424,0.8266889354085621
ridge,ABC,plant-pollinator-mpl-057,senate-committees,1.3189930045470284,1.3849068245648084,1.2066309263156976,0.8381870256142683
gbt,ABC,plant-pollinator-mpl-057,senate-committees,1.3189930045470284,1.2490004927794547,0.7805829257385647,0.5966968417433547
ridge,A,plant-pollinator-mpl-062,contact-primary-school,1.1318799492854903,1.0964296926020831,0.7311929760704914,0.7645965547842405
ridge,AB,plant-pollinator-mpl-062,contact-primary-school,1.1318799492854903,1.1018867171433762,0.7725717040034223,0.6807769354561534
ridge,ABC,plant-pollinator-mpl-062,contact-primary-school,1.1318799492854903,1.1015266588123893,0.769841506327903,0.6640952437402807
gbt,ABC,plant-pollinator-mpl-062,contact-primary-school,1.1318799492854903,1.131316533281462,0.9957278114900656,0.7673429513271688
ridge,A,plant-pollinator-mpl-062,contact-high-school,1.3149893580660719,0.9828609345559997,-0.054411569804225804,0.2588907596330822
ridge,AB,plant-pollinator-mpl-062,contact-high-school,1.3149893580660719,0.9790347378238874,-0.06655863647214061,0.22774126132592365
ridge,ABC,plant-pollinator-mpl-062,contact-high-school,1.3149893580660719,0.9755683459117772,-0.07756342702567758,0.21429675486533287
gbt,ABC,plant-pollinator-mpl-062,contact-high-school,1.3149893580660719,1.0009387706903292,0.002980325100800073,-0.07970299844475524
ridge,A,plant-pollinator-mpl-062,email-Enron,1.80346655331272,1.0225276482902557,0.02803806604938737,0.42327624682120407
ridge,AB,plant-pollinator-mpl-062,email-Enron,1.80346655331272,1.2229290090293186,0.277458978360922,0.5873611595661301
ridge,ABC,plant-pollinator-mpl-062,email-Enron,1.80346655331272,1.1858668309759515,0.23133113657266274,0.5584557525271845
gbt,ABC,plant-pollinator-mpl-062,email-Enron,1.80346655331272,1.0916641827513733,0.11408587249019735,0.04817927030677624
ridge,A,plant-pollinator-mpl-062,email-Eu,1.6725121109900603,1.501333748019588,0.7454642672256616,0.8368392944152151
ridge,AB,plant-pollinator-mpl-062,email-Eu,1.6725121109900603,1.7530093670639466,1.119696366442204,0.8612325507346981
ridge,ABC,plant-pollinator-mpl-062,email-Eu,1.6725121109900603,1.6629167018481685,0.985731990569262,0.8545565408440727
gbt,ABC,plant-pollinator-mpl-062,email-Eu,1.6725121109900603,1.7061161258949107,1.049967895530356,0.8306218667860774
ridge,A,plant-pollinator-mpl-062,NDC-classes,4.08325149712881,1.697195408531421,0.22612343144263913,0.6825756583449762
ridge,AB,plant-pollinator-mpl-062,NDC-classes,4.08325149712881,2.036119697488145,0.3360477400085597,0.7320060157612439
ridge,ABC,plant-pollinator-mpl-062,NDC-classes,4.08325149712881,1.8196725397972209,0.26584679860222804,0.6870939805513955
gbt,ABC,plant-pollinator-mpl-062,NDC-classes,4.08325149712881,1.1733642991884312,0.05622775156352694,0.4041215349581702
ridge,A,plant-pollinator-mpl-062,NDC-substances,1.9382074303228396,1.8541702202335653,0.9104278996592929,0.9059916495029188
ridge,AB,plant-pollinator-mpl-062,NDC-substances,1.9382074303228396,2.0436905161485783,1.1124304523888089,0.914721937700452
ridge,ABC,plant-pollinator-mpl-062,NDC-substances,1.9382074303228396,2.005080799933865,1.0712778085630956,0.9129648576567949
gbt,ABC,plant-pollinator-mpl-062,NDC-substances,1.9382074303228396,1.8298664374835796,0.8845234120540064,0.8685574790301319
ridge,A,plant-pollinator-mpl-062,DAWN,1.0417909408473682,0.9730800941607469,-0.6441564916562138,0.9295339456737711
ridge,AB,plant-pollinator-mpl-062,DAWN,1.0417909408473682,1.0957550071555786,2.291286226488695,0.9311669817599336
ridge,ABC,plant-pollinator-mpl-062,DAWN,1.0417909408473682,1.076361386937587,1.8272234457816907,0.9316271740381397
gbt,ABC,plant-pollinator-mpl-062,DAWN,1.0417909408473682,1.1328109675699183,3.1779846272181262,0.7074114676320352
ridge,A,plant-pollinator-mpl-062,congress-bills,1.066851977621039,1.03793087801764,0.5673860275705996,0.8040597457536095
ridge,AB,plant-pollinator-mpl-062,congress-bills,1.066851977621039,1.112142332507992,1.6774721780661228,0.8347900016873774
ridge,ABC,plant-pollinator-mpl-062,congress-bills,1.066851977621039,1.099356594952777,1.4862177378804797,0.7868343464105553
gbt,ABC,plant-pollinator-mpl-062,congress-bills,1.066851977621039,1.063782957000653,0.9540922986933419,0.253747369256485
ridge,A,plant-pollinator-mpl-062,tags-math-sx,1.1319030898951705,1.1955009188651367,1.4821557176599143,0.9398214745986844
ridge,AB,plant-pollinator-mpl-062,tags-math-sx,1.1319030898951705,1.2738524813302978,2.076164262322748,0.931359227617625
ridge,ABC,plant-pollinator-mpl-062,tags-math-sx,1.1319030898951705,1.2657599434605373,2.0148121144982203,0.9336036792606397
gbt,ABC,plant-pollinator-mpl-062,tags-math-sx,1.1319030898951705,1.1652089586352932,1.2525025665933402,0.7815991210766778
ridge,A,plant-pollinator-mpl-062,tags-ask-ubuntu,1.1923896562998082,1.292367411324294,1.5196628391948819,0.9353660394299544
ridge,AB,plant-pollinator-mpl-062,tags-ask-ubuntu,1.1923896562998082,1.3631393904239677,1.887520344950737,0.9319742968856037
ridge,ABC,plant-pollinator-mpl-062,tags-ask-ubuntu,1.1923896562998082,1.3629540294676366,1.8865568786194582,0.9311756930230563
gbt,ABC,plant-pollinator-mpl-062,tags-ask-ubuntu,1.1923896562998082,1.2381720458684429,1.2379670011847737,0.7737987383502186
ridge,A,plant-pollinator-mpl-062,cs-cocitations,1.498426821066899,1.32444826846508,0.6509446417241108,0.611278975904261
ridge,AB,plant-pollinator-mpl-062,cs-cocitations,1.498426821066899,1.400291677462405,0.8031102271052901,0.6183541309395663
ridge,ABC,plant-pollinator-mpl-062,cs-cocitations,1.498426821066899,1.397010804687542,0.796527770792365,0.6207437053090058
gbt,ABC,plant-pollinator-mpl-062,cs-cocitations,1.498426821066899,1.2284715251925642,0.45838529456242627,0.4666062988437948
ridge,A,plant-pollinator-mpl-062,diseasome,3.9900640519565753,1.00021095695066,7.055265271727172e-05,0.2997202740188008
ridge,AB,plant-pollinator-mpl-062,diseasome,3.9900640519565753,1.0026933644114722,0.000900771476687845,0.33663947643387976
ridge,ABC,plant-pollinator-mpl-062,diseasome,3.9900640519565753,1.0033705633621437,0.001127254568322086,0.3486788588008298
gbt,ABC,plant-pollinator-mpl-062,diseasome,3.9900640519565753,1.4680174187816557,0.15652421173901085,0.3840024810919214
ridge,A,plant-pollinator-mpl-062,hospital-lyon,1.0879241574641232,1.000454716992711,0.0051716957640052345,0.7637329104849634
ridge,AB,plant-pollinator-mpl-062,hospital-lyon,1.0879241574641232,1.0966104108112467,1.0987925684777569,0.894980904213734
ridge,ABC,plant-pollinator-mpl-062,hospital-lyon,1.0879241574641232,1.0954250523769236,1.0853109671919354,0.885330384225827
gbt,ABC,plant-pollinator-mpl-062,hospital-lyon,1.0879241574641232,0.9995633378470308,-0.00496635015407912,-0.5833861020708369
ridge,A,plant-pollinator-mpl-062,house-committees,6.46048355911533,1.3725703606946218,0.0682302870544643,0.319997415738194
ridge,AB,plant-pollinator-mpl-062,house-committees,6.46048355911533,1.3034046629409652,0.05556369864615448,0.35101052400829064
ridge,ABC,plant-pollinator-mpl-062,house-committees,6.46048355911533,1.319153713564553,0.05844788471742237,0.3343420271791349
gbt,ABC,plant-pollinator-mpl-062,house-committees,6.46048355911533,1.1297081680841095,0.02375397099540464,0.19157701925767887
ridge,A,plant-pollinator-mpl-062,hypertext-conference,1.1388262015279327,1.1349965645983335,0.9724141632670934,0.9390430538896247
ridge,AB,plant-pollinator-mpl-062,hypertext-conference,1.1388262015279327,1.1642679128771782,1.1832630373029873,0.9515913814273658
ridge,ABC,plant-pollinator-mpl-062,hypertext-conference,1.1388262015279327,1.163455319915096,1.1774097260898397,0.9481038133302614
gbt,ABC,plant-pollinator-mpl-062,hypertext-conference,1.1388262015279327,0.9983325149075419,-0.01201131396022931,0.249466601120399
ridge,A,plant-pollinator-mpl-062,invs13,1.2663198563455473,0.9991342668085603,-0.0032507271643928684,0.10578361070682574
ridge,AB,plant-pollinator-mpl-062,invs13,1.2663198563455473,0.9911801862467285,-0.033117371998833744,0.3319741378375307
ridge,ABC,plant-pollinator-mpl-062,invs13,1.2663198563455473,0.9909384276821146,-0.0340251472129367,0.32592135567773345
gbt,ABC,plant-pollinator-mpl-062,invs13,1.2663198563455473,1.0033327112772559,0.012513942155825264,-0.03730233258815016
ridge,A,plant-pollinator-mpl-062,math-cocitations,1.8053571194025417,0.9984281587578958,-0.00195173197608319,0.20361765969609102
ridge,AB,plant-pollinator-mpl-062,math-cocitations,1.8053571194025417,1.0247773293576654,0.03076564267047965,0.2694042808732102
ridge,ABC,plant-pollinator-mpl-062,math-cocitations,1.8053571194025417,1.0248111062530927,0.030807582940967766,0.26846657357702297
gbt,ABC,plant-pollinator-mpl-062,math-cocitations,1.8053571194025417,1.0296443469432812,0.036808946278730395,0.2841839403604925
ridge,A,plant-pollinator-mpl-062,neuro-cocitations,2.1242543379282326,1.0809291032478512,0.07198469289163405,0.37861721100019896
ridge,AB,plant-pollinator-mpl-062,neuro-cocitations,2.1242543379282326,1.2445037083683521,0.21748077825425313,0.4518937400522656
ridge,ABC,plant-pollinator-mpl-062,neuro-cocitations,2.1242543379282326,1.2079351043573996,0.18495379323203753,0.42862376429311266
gbt,ABC,plant-pollinator-mpl-062,neuro-cocitations,2.1242543379282326,1.1754225817558714,0.15603460519364226,0.4571280475222101
ridge,A,plant-pollinator-mpl-062,physics-cocitations,1.8439255034952018,1.030704788824616,0.036383292953523695,0.31700978557021536
ridge,AB,plant-pollinator-mpl-062,physics-cocitations,1.8439255034952018,1.131970032050701,0.1563763999359349,0.3962180210543985
ridge,ABC,plant-pollinator-mpl-062,physics-cocitations,1.8439255034952018,1.129506862271968,0.15345769470836268,0.39826580371318077
gbt,ABC,plant-pollinator-mpl-062,physics-cocitations,1.8439255034952018,1.0435323034621555,0.05158311163943043,0.31808413598996493
ridge,A,plant-pollinator-mpl-062,plant-pollinator-mpl-014,2.5834026366365537,1.0,0.0,
ridge,AB,plant-pollinator-mpl-062,plant-pollinator-mpl-014,2.5834026366365537,1.0,0.0,
ridge,ABC,plant-pollinator-mpl-062,plant-pollinator-mpl-014,2.5834026366365537,1.0,0.0,
gbt,ABC,plant-pollinator-mpl-062,plant-pollinator-mpl-014,2.5834026366365537,1.3476670861768552,0.21956960164937311,0.7672824484995554
ridge,A,plant-pollinator-mpl-062,plant-pollinator-mpl-015,1.4102516667953713,1.0543112841549573,0.1323852857910439,0.6278690773968199
ridge,AB,plant-pollinator-mpl-062,plant-pollinator-mpl-015,1.4102516667953713,1.1876485934476857,0.457398735058114,0.7674099470691325
ridge,ABC,plant-pollinator-mpl-062,plant-pollinator-mpl-015,1.4102516667953713,1.157839740983303,0.38473881706867413,0.7343475734418733
gbt,ABC,plant-pollinator-mpl-062,plant-pollinator-mpl-015,1.4102516667953713,1.086084997471742,0.20983460748419117,0.6076442887342672
ridge,A,plant-pollinator-mpl-062,plant-pollinator-mpl-016,3.056933205825239,1.0,0.0,
ridge,AB,plant-pollinator-mpl-062,plant-pollinator-mpl-016,3.056933205825239,1.0,0.0,
ridge,ABC,plant-pollinator-mpl-062,plant-pollinator-mpl-016,3.056933205825239,1.0,0.0,
gbt,ABC,plant-pollinator-mpl-062,plant-pollinator-mpl-016,3.056933205825239,1.1321715671845347,0.06425661601953071,0.3797965715146523
ridge,A,plant-pollinator-mpl-062,plant-pollinator-mpl-021,2.745487382389059,1.1179631848090315,0.06758180322539745,0.5013887243936898
ridge,AB,plant-pollinator-mpl-062,plant-pollinator-mpl-021,2.745487382389059,1.302616649986424,0.17337086079203323,0.6591602134213814
ridge,ABC,plant-pollinator-mpl-062,plant-pollinator-mpl-021,2.745487382389059,1.284866510019945,0.16320170108021437,0.6430596904665205
gbt,ABC,plant-pollinator-mpl-062,plant-pollinator-mpl-021,2.745487382389059,1.2020943398917725,0.11578103739436076,0.5157962995451898
ridge,A,plant-pollinator-mpl-062,plant-pollinator-mpl-034,5.693354349219635,1.0,0.0,
ridge,AB,plant-pollinator-mpl-062,plant-pollinator-mpl-034,5.693354349219635,1.0,0.0,
ridge,ABC,plant-pollinator-mpl-062,plant-pollinator-mpl-034,5.693354349219635,1.0,0.0,
gbt,ABC,plant-pollinator-mpl-062,plant-pollinator-mpl-034,5.693354349219635,0.9454355382801334,-0.011625898591897086,-0.23883755614760563
ridge,A,plant-pollinator-mpl-062,plant-pollinator-mpl-044,2.6781507980073496,0.9862808073889887,-0.00817518463019031,0.397924892289704
ridge,AB,plant-pollinator-mpl-062,plant-pollinator-mpl-044,2.6781507980073496,1.1934686168906141,0.11528678895862064,0.5961541068708602
ridge,ABC,plant-pollinator-mpl-062,plant-pollinator-mpl-044,2.6781507980073496,1.1610884605702667,0.0959916479267206,0.555965773327386
gbt,ABC,plant-pollinator-mpl-062,plant-pollinator-mpl-044,2.6781507980073496,1.22017744030626,0.13120241671231245,0.5444820544479455
ridge,A,plant-pollinator-mpl-062,plant-pollinator-mpl-049,3.7357043527991034,0.9348170497780813,-0.02382675238836577,-0.22320643220588587
ridge,AB,plant-pollinator-mpl-062,plant-pollinator-mpl-049,3.7357043527991034,1.1216147607492148,0.044454643143284726,0.5445846775184253
ridge,ABC,plant-pollinator-mpl-062,plant-pollinator-mpl-049,3.7357043527991034,1.0321546111760802,0.011753686447579915,-0.08634720832129184
gbt,ABC,plant-pollinator-mpl-062,plant-pollinator-mpl-049,3.7357043527991034,1.1793384341405608,0.06555475702521228,0.527509186557517
ridge,A,plant-pollinator-mpl-062,plant-pollinator-mpl-057,1.8564782392421568,1.0232678379688742,0.027166875820992777,0.5818767301197487
ridge,AB,plant-pollinator-mpl-062,plant-pollinator-mpl-057,1.8564782392421568,1.181874578976772,0.2123516636426177,0.6846579960418893
ridge,ABC,plant-pollinator-mpl-062,plant-pollinator-mpl-057,1.8564782392421568,1.1463940098574175,0.17092554504006105,0.6612417841033881
gbt,ABC,plant-pollinator-mpl-062,plant-pollinator-mpl-057,1.8564782392421568,1.0864293588800502,0.1009124983216457,0.4299643787561337
ridge,A,plant-pollinator-mpl-062,senate-committees,1.3189930045470284,1.1417013436615453,0.4442145803879364,0.7816458491472821
ridge,AB,plant-pollinator-mpl-062,senate-committees,1.3189930045470284,1.2308156711790745,0.7235759652686864,0.8359402407278748
ridge,ABC,plant-pollinator-mpl-062,senate-committees,1.3189930045470284,1.2087614562850626,0.654438979254435,0.823095737507383
gbt,ABC,plant-pollinator-mpl-062,senate-committees,1.3189930045470284,1.2998465791648468,0.9399785415063581,0.8211031517983322
ridge,A,senate-committees,contact-primary-school,1.1318799492854903,1.0563206080299445,0.4270596730972587,0.7537694948085402
ridge,AB,senate-committees,contact-primary-school,1.1318799492854903,1.077593939025316,0.588367977434861,0.567253488666389
ridge,ABC,senate-committees,contact-primary-school,1.1318799492854903,1.0792019529137173,0.6005609900733508,0.45681123147490693
gbt,ABC,senate-committees,contact-primary-school,1.1318799492854903,1.0468668751304173,0.3553752893016445,0.7116991679334559
ridge,A,senate-committees,contact-high-school,1.3149893580660719,0.9954999670651634,-0.014286301487978085,0.3623570156174474
ridge,AB,senate-committees,contact-high-school,1.3149893580660719,0.9502439877137552,-0.15796093109852952,0.1747025664822801
ridge,ABC,senate-committees,contact-high-school,1.3149893580660719,0.9278604744668281,-0.22902210403578147,0.08810540597657729
gbt,ABC,senate-committees,contact-high-school,1.3149893580660719,0.9818037431941671,-0.057767846245828064,0.226313175203573
ridge,A,senate-committees,email-Enron,1.80346655331272,1.0279192615173876,0.03474850496548423,0.4446172559322715
ridge,AB,senate-committees,email-Enron,1.80346655331272,1.5692512736972108,0.7084940516194089,0.6496015701105637
ridge,ABC,senate-committees,email-Enron,1.80346655331272,1.6035851730132638,0.7512262589209986,0.6656922033881939
gbt,ABC,senate-committees,email-Enron,1.80346655331272,1.2347793873827297,0.2922080407886629,0.5169257926329549
ridge,A,senate-committees,email-Eu,1.6725121109900603,1.341372253867746,0.5076075929178195,0.8129283195193965
ridge,AB,senate-committees,email-Eu,1.6725121109900603,1.8098769489216386,1.2042563036215843,0.7991296395805242
ridge,ABC,senate-committees,email-Eu,1.6725121109900603,1.8103358116972565,1.2049386151638142,0.8011704265408525
gbt,ABC,senate-committees,email-Eu,1.6725121109900603,1.5824560753908614,0.8660900909775142,0.8544077021705438
ridge,A,senate-committees,NDC-classes,4.08325149712881,1.983308037170566,0.31891917934240643,0.751192079896661
ridge,AB,senate-committees,NDC-classes,4.08325149712881,2.985830599786087,0.6440702620708479,0.8730648621559332
ridge,ABC,senate-committees,NDC-classes,4.08325149712881,2.6974567045330438,0.5505411109388099,0.8452748838134202
gbt,ABC,senate-committees,NDC-classes,4.08325149712881,1.548023450445089,0.17774205281515965,0.48197955578055796
ridge,A,senate-committees,NDC-substances,1.9382074303228396,1.7767354304222316,0.8278930706772968,0.9418185834298379
ridge,AB,senate-committees,NDC-substances,1.9382074303228396,2.0972200730216803,1.1694855930144616,0.9531200606172584
ridge,ABC,senate-committees,NDC-substances,1.9382074303228396,2.101372938695836,1.1739119762852985,0.948303602591767
gbt,ABC,senate-committees,NDC-substances,1.9382074303228396,1.726074760407405,0.7738957686122362,0.9071752291884946
ridge,A,senate-committees,DAWN,1.0417909408473682,0.9834830465261254,-0.39522808386149927,0.967444733838029
ridge,AB,senate-committees,DAWN,1.0417909408473682,1.1370687762650047,3.279868160078443,0.936356381151808
ridge,ABC,senate-committees,DAWN,1.0417909408473682,1.141143550130662,3.3773719200569374,0.8893341627005298
gbt,ABC,senate-committees,DAWN,1.0417909408473682,1.1219525735854368,2.9181581250070536,0.7777454819457542
ridge,A,senate-committees,congress-bills,1.066851977621039,1.0246334139552549,0.36847696705239247,0.8859881123043599
ridge,AB,senate-committees,congress-bills,1.066851977621039,1.1428757398271079,2.137195411585602,0.8904678072669504
ridge,ABC,senate-committees,congress-bills,1.066851977621039,1.1680119236391386,2.5131930216266865,0.7844815590260724
gbt,ABC,senate-committees,congress-bills,1.066851977621039,1.0934287940317657,1.3975471983997485,0.31520436614083447
ridge,A,senate-committees,tags-math-sx,1.1319030898951705,1.125455313672763,0.9511173223649886,0.9568804798706477
ridge,AB,senate-committees,tags-math-sx,1.1319030898951705,1.1936597709310464,1.4681973794924494,0.9051648890729279
ridge,ABC,senate-committees,tags-math-sx,1.1319030898951705,1.1880053176856677,1.4253291400154784,0.8495608673561468
gbt,ABC,senate-committees,tags-math-sx,1.1319030898951705,1.1012245741192475,0.7674162462736491,0.8425950069235356
ridge,A,senate-committees,tags-ask-ubuntu,1.1923896562998082,1.1997979678958732,1.038506808206572,0.9596591517761536
ridge,AB,senate-committees,tags-ask-ubuntu,1.1923896562998082,1.276691249294952,1.438181525018026,0.9366753033865801
ridge,ABC,senate-committees,tags-ask-ubuntu,1.1923896562998082,1.2746364155246046,1.4275009416131401,0.8964070525845073
gbt,ABC,senate-committees,tags-ask-ubuntu,1.1923896562998082,1.1334266824602612,0.6935231603737433,0.864857395741405
ridge,A,senate-committees,cs-cocitations,1.498426821066899,1.2249555729639532,0.4513311953847676,0.6843254679390187
ridge,AB,senate-committees,cs-cocitations,1.498426821066899,1.3197076395855527,0.6414334583785198,0.6127090261089964
ridge,ABC,senate-committees,cs-cocitations,1.498426821066899,1.3269582816538523,0.6559805127540838,0.5939900544754092
gbt,ABC,senate-committees,cs-cocitations,1.498426821066899,1.0939158940389666,0.18842463942437238,0.5661421611861818
ridge,A,senate-committees,diseasome,3.9900640519565753,1.000917341857847,0.000306796724721233,0.29479194727663527
ridge,AB,senate-committees,diseasome,3.9900640519565753,1.4077105617530612,0.13635512640148031,0.6666281162768912
ridge,ABC,senate-committees,diseasome,3.9900640519565753,1.346048726563789,0.11573288081817142,0.5908615807314815
gbt,ABC,senate-committees,diseasome,3.9900640519565753,1.6091118342585267,0.20371196859811377,0.4301885839274268
ridge,A,senate-committees,hospital-lyon,1.0879241574641232,1.0319510699623797,0.3633935301048194,0.8900041131513216
ridge,AB,senate-committees,hospital-lyon,1.0879241574641232,1.1193040901902231,1.356897735857228,0.8093420137222732
ridge,ABC,senate-committees,hospital-lyon,1.0879241574641232,1.1347219073659232,1.5322513317332094,0.6468597929926173
gbt,ABC,senate-committees,hospital-lyon,1.0879241574641232,1.0076682185865278,0.08721401270926862,0.6922496783912453
ridge,A,senate-committees,house-committees,6.46048355911533,1.2694180346785275,0.04933959268658192,0.21273384809944731
ridge,AB,senate-committees,house-committees,6.46048355911533,2.0025681784947476,0.18360428479289786,0.3860790665952087
ridge,ABC,senate-committees,house-committees,6.46048355911533,2.0417309794116987,0.19077632376947817,0.3641385381877949
gbt,ABC,senate-committees,house-committees,6.46048355911533,1.8464276730531701,0.15500965507719658,0.3756160153043273
ridge,A,senate-committees,hypertext-conference,1.1388262015279327,1.0876050589841673,0.6310412445199733,0.9098992564268847
ridge,AB,senate-committees,hypertext-conference,1.1388262015279327,1.1342401620016715,0.9669656053699748,0.8928565677603266
ridge,ABC,senate-committees,hypertext-conference,1.1388262015279327,1.139154032617559,1.0023614496832607,0.8516018673701747
gbt,ABC,senate-committees,hypertext-conference,1.1388262015279327,0.9958840828700699,-0.029647984923810967,0.7229747437800222
ridge,A,senate-committees,invs13,1.2663198563455473,0.9942654134967344,-0.021532703501555922,0.366445663182072
ridge,AB,senate-committees,invs13,1.2663198563455473,1.048179844340891,0.1809096963403964,0.548029812225004
ridge,ABC,senate-committees,invs13,1.2663198563455473,1.0496623391919995,0.18647629160464507,0.5327183395261867
gbt,ABC,senate-committees,invs13,1.2663198563455473,0.9890297599334914,-0.04119197200329975,0.3566925586241552
ridge,A,senate-committees,math-cocitations,1.8053571194025417,1.0012489596237812,0.0015508146556248114,0.26827607556682
ridge,AB,senate-committees,math-cocitations,1.8053571194025417,1.2573783394525255,0.3195828698248337,0.476587120200402
ridge,ABC,senate-committees,math-cocitations,1.8053571194025417,1.2672735381499762,0.3318695914034441,0.4388498268545283
gbt,ABC,senate-committees,math-cocitations,1.8053571194025417,1.0106752699045543,0.013255324436038704,0.27076365643756317
ridge,A,senate-committees,neuro-cocitations,2.1242543379282326,0.9048061502412283,-0.08467287743287179,0.2760558240604474
ridge,AB,senate-committees,neuro-cocitations,2.1242543379282326,1.364798173812875,0.3244801122894685,0.49486407512382624
ridge,ABC,senate-committees,neuro-cocitations,2.1242543379282326,1.3818511152567075,0.3396483361232831,0.47754705303524886
gbt,ABC,senate-committees,neuro-cocitations,2.1242543379282326,1.1318054119666907,0.11723807284531428,0.4723720504840912
ridge,A,senate-committees,physics-cocitations,1.8439255034952018,1.0584306050297054,0.06923668592513112,0.4220306948720474
ridge,AB,senate-committees,physics-cocitations,1.8439255034952018,1.2690263787254024,0.31877977097646976,0.5157519150281177
ridge,ABC,senate-committees,physics-cocitations,1.8439255034952018,1.2794345518266736,0.33111281821602445,0.4896762324567556
gbt,ABC,senate-committees,physics-cocitations,1.8439255034952018,1.0261102702048919,0.030939069973301647,0.4058605882893805
ridge,A,senate-committees,plant-pollinator-mpl-014,2.5834026366365537,1.0,0.0,
ridge,AB,senate-committees,plant-pollinator-mpl-014,2.5834026366365537,1.0171458858788247,0.010828506585820652,0.34841018534328677
ridge,ABC,senate-committees,plant-pollinator-mpl-014,2.5834026366365537,1.0303565437941056,0.019171714819541167,0.235604667902295
gbt,ABC,senate-committees,plant-pollinator-mpl-014,2.5834026366365537,1.2870713225960688,0.181300268140176,0.6863655467687306
ridge,A,senate-committees,plant-pollinator-mpl-015,1.4102516667953713,1.0506819580824498,0.12353870120344779,0.6602001532350126
ridge,AB,senate-committees,plant-pollinator-mpl-015,1.4102516667953713,1.3510084981416102,0.855593106747057,0.8485223503874305
ridge,ABC,senate-committees,plant-pollinator-mpl-015,1.4102516667953713,1.3642573546549954,0.8878875678930093,0.8395577290637005
gbt,ABC,senate-committees,plant-pollinator-mpl-015,1.4102516667953713,1.375894776852851,0.9162541124795551,0.8154517779666112
ridge,A,senate-committees,plant-pollinator-mpl-016,3.056933205825239,0.874065608081594,-0.06122434679053243,-0.10637057991739853
ridge,AB,senate-committees,plant-pollinator-mpl-016,3.056933205825239,1.313742715260625,0.15252936477086612,0.5714560222567227
ridge,ABC,senate-committees,plant-pollinator-mpl-016,3.056933205825239,1.228132164290799,0.1109088830131811,0.37111274841794434
gbt,ABC,senate-committees,plant-pollinator-mpl-016,3.056933205825239,1.6453672134244417,0.31375214887715386,0.6238160903159065
ridge,A,senate-committees,plant-pollinator-mpl-021,2.745487382389059,1.0651692638916632,0.03733585504494777,0.3538156673246719
ridge,AB,senate-committees,plant-pollinator-mpl-021,2.745487382389059,1.6916468316997062,0.39624854277264676,0.6214137308244261
ridge,ABC,senate-committees,plant-pollinator-mpl-021,2.745487382389059,1.6490555877967545,0.37184776833413047,0.5562604518908826
gbt,ABC,senate-committees,plant-pollinator-mpl-021,2.745487382389059,1.7714219201114654,0.4419521606942902,0.7299352003731551
ridge,A,senate-committees,plant-pollinator-mpl-034,5.693354349219635,0.8353567200851408,-0.03508008721784121,-0.22920537593520593
ridge,AB,senate-committees,plant-pollinator-mpl-034,5.693354349219635,2.0903352612127555,0.23231471141616353,0.7089297732164579
ridge,ABC,senate-committees,plant-pollinator-mpl-034,5.693354349219635,2.0741152424531775,0.22885875698513386,0.455557270688622
gbt,ABC,senate-committees,plant-pollinator-mpl-034,5.693354349219635,2.249746886546964,0.26628010449600076,0.698400587328169
ridge,A,senate-committees,plant-pollinator-mpl-044,2.6781507980073496,0.9253756210905525,-0.04446822001816352,0.32845476264881857
ridge,AB,senate-committees,plant-pollinator-mpl-044,2.6781507980073496,1.7202826483431235,0.4292121120452305,0.691084781424021
ridge,ABC,senate-committees,plant-pollinator-mpl-044,2.6781507980073496,1.699672735052494,0.41693078827200236,0.630472188827782
gbt,ABC,senate-committees,plant-pollinator-mpl-044,2.6781507980073496,1.663645786422951,0.39546254556561283,0.5553378839176605
ridge,A,senate-committees,plant-pollinator-mpl-049,3.7357043527991034,0.9443608524217075,-0.020338143455217995,0.00014300421712684386
ridge,AB,senate-committees,plant-pollinator-mpl-049,3.7357043527991034,1.9113909851779045,0.3331467394294242,0.554948490384314
ridge,ABC,senate-committees,plant-pollinator-mpl-049,3.7357043527991034,1.689661590705048,0.2520965359430758,0.4554277998738579
gbt,ABC,senate-committees,plant-pollinator-mpl-049,3.7357043527991034,2.2241274106253597,0.44746334134127597,0.6665916333265814
ridge,A,senate-committees,plant-pollinator-mpl-057,1.8564782392421568,1.0830765427817766,0.09699784416622857,0.6727613560810627
ridge,AB,senate-committees,plant-pollinator-mpl-057,1.8564782392421568,1.554673681095159,0.6476214522227143,0.8576381015098654
ridge,ABC,senate-committees,plant-pollinator-mpl-057,1.8564782392421568,1.5670744439580453,0.6621002355644359,0.8563896446288097
gbt,ABC,senate-committees,plant-pollinator-mpl-057,1.8564782392421568,1.3852845972947412,0.4498475029974551,0.6612337641506656
ridge,A,senate-committees,plant-pollinator-mpl-062,1.2434886859657044,1.0621678444671583,0.2553212861640507,0.7632547798346028
ridge,AB,senate-committees,plant-pollinator-mpl-062,1.2434886859657044,1.1476218158004337,0.6062779271034644,0.7709980794056094
ridge,ABC,senate-committees,plant-pollinator-mpl-062,1.2434886859657044,1.1630288869619012,0.6695542600483047,0.7512132885857383
gbt,ABC,senate-committees,plant-pollinator-mpl-062,1.2434886859657044,1.085409390454489,0.35077354874106564,0.8159642453623653
